S01F0000525A4E324C5F52534B5F4F70454E65725F73696E676C652E73726563D5
S31560000000000000000000000000000000000000008A
S31560000010000000004C00006000600000002010003E
S3156000002000000000000000003F0000000000070024
S31560000030000000000000000000000000000000005A
S315600000400000000006000000A8E000000000A0E339
S315600000507F100FE3FA1240E3010090E2010050E1E5
S31560000060FCFFFF1A83070BE3000040E3300F81EECD
S31560000070111F91EE801581E3111F81EE38009FE517
S31560000080100F0CEE101F1FEE021081E3011081E3CA
S315600000904FF07FF5101F0FEE6FF07FF500000FE158
S315600000A01F00C0E3130080E300F36EE10C109FE5D0
S315600000B001F32EE16E0060E11EFF2FE100000000FB
S315600000C07C20100000BE704748009FE548109FE501
S315600000D048209FE548309FE548C09FE548E09FE59A
S315600000E0110002F100D0A0E1120002F101D0A0E1FE
S315600000F0170002F102D0A0E11B0002F103D0A0E1DB
S315600001001F0002F10CD0A0E1130002F10ED0A0E1B5
S31560000110060000EA1EFF2FE120491000204510006E
S3156000012020511000204D1000203D1000204110008D
S3156000013000502DE9020000FA090000FB350000FAC4
S315600001400180BDE811EE500F50F4700001EE500FC3
S31560000150BFF36F8FF8EE100A50F08040E8EE100A99
S31560000160BFF36F8F70471BEE100F50F00300BFF3A5
S315600001704F8F0BEE100FBFF36F8F704710B511EEF8
S31560000180100FBFF34F8F01EE100FBFF36F8F0F4845
S315600001900F490AEE120F0AEE321FBFF34F8F00248B
S315600001A009E00C4850F8341010EBC4004268200097
S315600001B000F012F8641C182CF3D300F087FE00F0F0
S315600001C079FE00F05FFE00F069FE10BDFFBB88445B
S315600001D00004080C0030100006EE320FBFF34F8F9C
S315600001E006EE131FBFF34F8F06EE332FBFF34F8F0D
S315600001F07047F82004EE160F01200CEEFC0F1CEE83
S315600002009C0F50F001000CEE9C0FBFF36F8F704790
S31560000210DFF800F0230F011080B5002000F0A2FE89
S3156000022000F080FA012000F09DFE00F0E4F800F096
S31560000230EBF800F035FAFFF7A1FF00F04CF900F09B
S315600002402AF900F029FA022000F08CFE00F010F87E
S3156000025000F0BEF8FFF7CDFF00F09AFB00F06EF9F4
S31560000260FFF7D6FF01BD0000DFF800F03BBA0210D1
S3156000027010B5032000F0C1FB0020A0E0BD49BE4AD6
S315600002800300DBB252F833300400E4B224010B51B0
S315600002900300DBB212EBC30252680300DBB21B0140
S315600002A0C9184A60B549B64A0300DBB252F8333022
S315600002B00400E4B224010B510300DBB212EBC3026B
S315600002C052680300DBB21B01C9184A60AD49AE4AE9
S315600002D00300DBB252F833300400E4B224010B5160
S315600002E00300DBB212EBC30252680300DBB21B01F0
S315600002F0C9184A60A549A64A0300DBB252F83330F2
S315600003000400E4B224010B510300DBB212EBC3021A
S3156000031052680300DBB21B01C9184A609D499E4AB8
S315600003200300DBB252F833300400E4B224010B510F
S315600003300300DBB212EBC30252680300DBB21B019F
S31560000340C9184A609549964A0300DBB252F83330C1
S315600003500400E4B224010B510300DBB212EBC302CA
S3156000036052680300DBB21B01C9184A608D498E4A88
S315600003700300DBB252F833300400E4B224010B51BF
S315600003800300DBB212EBC30252680300DBB21B014F
S31560000390C9184A608549864A0300DBB252F8333091
S315600003A00400E4B224010B510300DBB212EBC3027A
S315600003B052680300DBB21B01C9184A60401C010089
S315600003C0C9B20829FFF65AAF032000F0E5FA10BD5E
S315600003D0784801684908490001607749774A1160A1
S315600003E00021774A11600021764A1160016851F058
S315600003F001010160704780B573487449744A754B52
S31560000400D21A00F00BF801BD80B573487349744A7F
S31560000410891A00F023F801BD0000000030B4002AFC
S3156000042019D01400A408002304E005680D60001DBF
S31560000430091D5B1CA342F8D312F00302002A08D000
S31560000440002304E004780C70401C491C5B1C93423A
S31560000450F8D3BFF34F8F30BC7047000030B4002430
S315600004600025002915D00B009B08002202E00460DD
S31560000470001D521C9A42FAD311F00301002906D0DE
S31560000480002202E00570401C521C8A42FAD3BFF378
S315600004904F8F30BC704780B552485349534A891ACA
S315600004A0FFF7DCFF52485349534A891AFFF7D6FFD4
S315600004B052485349534A891AFFF7D0FF5248534965
S315600004C0534A891AFFF7CAFF52485349534A891A51
S315600004D0FFF7C4FF01BD80B551485249524A534B9C
S315600004E0D21AFFF79BFF52485249534A534BD21ACE
S315600004F0FFF794FF52485349534A544BD21AFFF7B9
S315600005008DFF53485349544A544BD21AFFF786FF1E
S3156000051053485449544A554BD21AFFF77FFF544803
S315600005205449554A554BD21AFFF778FF54485549F6
S31560000530554A564BD21AFFF771FF01BD80B50120AF
S3156000054000F05BFA002014EE160F002104EE161F71
S315600005504F490A6832F020020A6009684D490A78F4
S315600005600A780A780A78097804EE160F012000F0F6
S3156000057013FA01BD001128815C1003100012288156
S315600005809C10031000132881DC10031000142881CE
S315600005901C110310001528815C11031000172881B7
S315600005A09C110310001C2881DC110310001D28819A
S315600005B01C120310000006C040787D01200006C0B2
S315600005C0080006C00C0006C0001000600030100075
S315600005D0C830100000301000C83010001939100003
S315600005E0C8301000481E031048750B10481E0310D3
S315600005F000801330008013300080133000C0133049
S3156000060000C0133000C013300000143000001430F6
S3156000061000001430000016300061163000001630FD
S3156000062000110060000000004400000000000000AF
S31560000630481100600001001030D302100001001064
S31560000640B0E3026030D30210341E031030D30210C0
S31560000650E02E0360000014300000143000001430F7
S31560000660C82E036000801330008013300080133082
S31560000670C82E036000C0133000C0133000C01330B2
S31560000680E02E0360000016300000163000001630C1
S31560000690080328800830009080B5FFF7E5FD01BDAE
S315600006A06D490868C0F34010096811F0010100281F
S315600006B005D16A4810FA01F16948016004E06948A9
S315600006C010FA01F166480160704780B56748684A6C
S315600006D061490A600A6800920A6800920A68009294
S315600006E00A6800920A6800920A6800920A68009294
S315600006F0096800915C490860086800900868009085
S315600007000868009008680090086800900868009083
S3156000071008680090086800900098FFF7C1FF01BD67
S315600007200000000038B500200090524C4AF2035099
S315600007302060514D2860FFF7B3FFFFF7C6FF012029
S315600007404E490860002001E000BF401C010089B2EC
S3156000075049F640429142F7DB03204949086001208F
S315600007604849088040F2FF3047490880A52047493C
S315600007700870474801210170FE2101700121017056
S315600007800078012803D043480078C0B20090414801
S31560000790007810F001000028E8D101203E49088069
S315600007A040F2FF303D490880A5203D4908703D482C
S315600007B001210170FE21017001210170007801287C
S315600007C003D039480078C0B200903748007810F0FE
S315600007D001000028E8D101203449088040F2FF3149
S315600007E033480180A520334A1070334801220270D5
S315600007F0FE220270012202700078012803D02F4881
S315600008000078C0B200902D48007810F001000028F2
S31560000810E8D101202A4A10802A480180A5202A4969
S3156000082008702A4801210170FE21017001210170C2
S315600008300078012803D026480078C0B2009024488A
S31560000840007810F001000028E8D14FF425402060C0
S315600008502860009831BD00000400288100C2EB0BBF
S315600008609438100080D1F00800002880030632FF1B
S3156000087011000003101A2880001A28817000288150
S3156000088080002881080828810C08288110082881A2
S315600008900008288114082881280828812C082881C6
S315600008A03008288120082881340828814808288152
S315600008B04C082881500828814008288154082881DE
S315600008C0680828816C08288170082881600828815A
S315600008D0740828815FF0144127480A6852F00202C2
S315600008E00A6000224261002007E0244A52F8202074
S315600008F011EB8003C3F8082C401C1C28F5D300209C
S315600009000AE05FF0FF3211EB8003C3F8842211EB3B
S315600009108003C3F88423401C0D28F2D362B661B607
S3156000092064B6BFF36F8F704710B58005800DB0F168
S315600009302001134C134A237822F813102278521C94
S315600009402270BFF35F8F62B6BFF36F8F020092B201
S31560000950202A05DB0C4809B250F82100804704E0E4
S315600009600A4980B251F8200080472078401E2070E6
S3156000097072B6BFF36F8F10BD00001094D8DB021003
S31560000980183910004C3810004815031098381000BC
S3156000099080B5FFF79FFF01BD10B42B4A0100C9B2B5
S315600009A032F81110002908D00100C9B232F81110CE
S315600009B0491E0300DBB222F813100100C9B232F8F7
S315600009C01110002917D12149214A136853F4254390
S315600009D00400E4B231F81440E443A4B22340136047
S315600009E01C4A136853F42543C0B231F81000C04363
S315600009F080B20340136010BC704730B4124A0100E5
S31560000A00C9B232F81110002914D1104B104C256868
S31560000A100100C9B233F811100D4355F42545256020
S31560000A200C4C25680100C9B233F811100D4355F41A
S31560000A30254525600100C9B232F81110491CC0B2C3
S31560000A4022F8101030BC70478C381000C03010008F
S31560000A50101A2880001A288110B4002014EE161F80
S31560000A60002004EE160FDFF80424106800280BD16E
S31560000A704AF20450DFF8F8331C6804431C60DFF860
S31560000A80F4331C68204318601068401C106004EE44
S31560000A90161F10BC7047002014EE161F002004EECF
S31560000AA0160FDFF8C8231068002802D01068401EB1
S31560000AB01060106800280FD14FF6FB70DFF8B02386
S31560000AC01368034053F425431360DFF8A8231368C3
S31560000AD0184050F42540106004EE161F704710B59C
S31560000AE00C00DFF8981301608460200000F005F8C0
S31560000AF0A06800F0FAF8002010BD38B50400FFF7D2
S31560000B00ABFF00250EE06068290089B210EBC101D9
S31560000B1060682A0092B210EBC200B0F9040000F0DF
S31560000B2009F86D1C2800218880B28842EBD3FFF754
S31560000B30B2FF31BD70B50A0003009BB21B0A040008
S31560000B4024B204F0FF041168C1F3803100290DD08E
S31560000B50C949CD5C012616FA04F42C43CC54C24B29
S31560000B60010009B2180000F010F80DE0C249CD5C32
S31560000B70012616FA04F435EA0404CC54C04B01008D
S31560000B8009B2180000F001F870BD70B40C00A4B290
S31560000B90240A09B201F0FF01042916D210EBC4033E
S31560000BA0D3F8005AFF260B00DBB2DB009E40B5434C
S31560000BB01368C3F305260B00DBB2DB009E403543AA
S31560000BC010EBC403C3F8005A19E0042917D310EBDD
S31560000BD0C403D3F8045AFF2611F1FC03DBB2DB0031
S31560000BE09E40B5431368C3F3052611F1FC03DBB2DF
S31560000BF0DB009E40354310EBC403C3F8045A136808
S31560000C00C3F3C003002B22D010EB8403D3F8005645
S31560000C100F260B00DBB29B009E40B5431368C3F3FF
S31560000C2003160B00DBB29B009E40354310EB84033A
S31560000C30C3F80056031993F800341268C2F3C00271
S31560000C4012FA01F11943001980F800144BE00125EE
S31560000C50031993F8006415FA01F39E43031983F8A8
S31560000C6000641368C3F34103012B12D110EB4402F5
S31560000C70B2F8003203260A00D2B252009640B3435D
S31560000C80C9B249008D402B4310EB4400A0F80032F6
S31560000C9029E01368C3F34103022B24D31378DB07DF
S31560000CA005D4035D8D4033EA0505055506E01378E6
S31560000CB0DB0703D5035D8D401D43055510EB4403EB
S31560000CC0B3F8005203260B00DBB25B009E40B543CF
S31560000CD01268C2F34102C9B249008A40154310EB5B
S31560000CE04400A0F8005270BC7047F8B504000025B7
S31560000CF000260027FFF7B0FE5B4A002038E00100BF
S31560000D00C9B259436118897C55EA41151FE05FFAFB
S31560000D108CFCBCF1120F01D151F010010D430100A2
S31560000D20C9B259436118C97B0129E8D10100C9B22A
S31560000D3059436118C97C55EA411592F8101E5FF057
S31560000D40010C1CFA00FC5CEA010182F8101E01002D
S31560000D50C9B2511881F80C5E0100C9B203FB01F3F8
S31560000D60E118897B012902D1012181400E43401C93
S31560000D700100C9B204291DDA06230100C9B259432C
S31560000D806118B1F810C05FEA1C2C0100C9B2594362
S31560000D9061180D8A0100C9B2511891F80C1E11F044
S31560000DA08001E6465FFA8EFEBEF1100FAFD151F0BC
S31560000DB00801B3E7002149E00B00DBB2052043439D
S31560000DC0E018C3790800C0B214F8100018430B008D
S31560000DD0DBB2D31883F8000E0B00DBB20520434369
S31560000DE0E0180079012824D10800C0B2101890F8E4
S31560000DF0025E15F088050B00DBB205204343E01860
S31560000E00407905430B00DBB205204343E018807947
S31560000E1055EA80050B00DBB205204343E018007AF3
S31560000E200B00DBB212EB830383F8040E01208840CB
S31560000E3007430800C0B214EB4000407855EA00153D
S31560000E400800C0B2101880F8025E491C0800C0B2E3
S31560000E500228B1DBBF0057EA061782F8117EFFF75A
S31560000E601AFEF1BD0000000000000A80C8301000C4
S31560000E70101A2880001A2881000C038154524F50A2
S31560000E800000038111EE100F50F48050BFF34F8FB6
S31560000E9001EE100FBFF36F8F7047000011EE100F59
S31560000EA050F00400BFF34F8F01EE100FBFF36F8F4A
S31560000EB07047000011EE100F50F00100BFF34F8F26
S31560000EC001EE100FBFF36F8F704700002DE9F04100
S31560000ED0BFF34F8F002007EE150FBFF35F8F30EE25
S31560000EE0303FC3F30262002A3AD000240FE0401E6E
S31560000EF010FA0CFE55EA0E0E11FA06F858EA0E0EB6
S31560000F0007EE56EF0028F2D1002922D1641C9442E4
S31560000F1022D2032101FB04F11800C84010F007003B
S31560000F200228F3D36500280040EE100FBFF34F8F01
S31560000F3030EE100F10F00706361DC0F3C907C0F378
S31560000F404E31B7FA87FCBCF1200F03D1BCF1010C1E
S31560000F5000E0491E3800CBE7BFF34F8FBFF36F8FBA
S31560000F60BDE8F08180B5C0B2022806D10349886821
S31560000F70002802D00248FFF7B2FD01BDB0FE0210A4
S31560000F80EC65031000000000000000000000000097
S31560000F9000000000000000000000000000000000EB
S31560000FA000000000000000000000000000000000DB
S31560000FB000000000000000000000000000000000CB
S31560000FC000000000000000000000000000000000BB
S31560000FD000000000000000000000000000000000AB
S31560000FE0000000000000000000000000000000009B
S31560000FF0000000000000000000000000000000008B
S3156000100012000000C7FF010012001000C7FF1100A8
S3156000101002000010C3FF171012000030C7FF173020
S3156000102012000040C7FFFF5F02000060C3FFFF7F42
S3156000103013000080CBFFFF8013000081CBFFFF8190
S3156000104013000090CBFF1F9013000094C9FF1F94FC
S31560001050130000C0C9FFFFC00000000000000000D0
S31560001060000000000000000000000000000000001A
S31560001070000000000000000000000000000000000A
S3156000108000000000000000000000000000000000FA
S3156000109000000000000000000000000000000000EA
S315600010A000000000000000000000000000000000DA
S315600010B000000000000000000000000000000000CA
S315600010C001000200040008000000000000000000AB
S315600010D000000000000000000000000000000000AA
S315600010E0000000000000000000000000000000009A
S315600010F0000000000000000000000000000000008A
S315600011001CF09FE51CF09FE51CF09FE51CF09FE539
S315600011101CF09FE51CF09FE51CF09FE51CF09FE529
S315600011201EFF2FE100010010792010003C3A0110EB
S31560001130792010007920100079201000443B0110BE
S315600011407920100000000000310F19EEFC1F01E34A
S31560001150001040E3010000E0031000E3101040E3DC
S31560001160010080E14FF07FF5310F09EE6FF07FF5FA
S31560001170000000EA1EFF2FE104F01FE500201000CA
S3156000118070B504000D0016003000002804D1002060
S315600011902BF063FB2BF025FB2E61D4F88C0000E06E
S315600011A00068002803D0A842FAD1002005E0D4F8F0
S315600011B08C002860C4F88C50002070BD10B50024E7
S315600011C000234B724A6000220A7290F89520002A2A
S315600011D001D000F05DF8200040B210BD10B50400EB
S315600011E0C9B2002903D0022912D001D320E01FE042
S315600011F014F1A00314F19C0214F19801200011F07F
S315600012001EFC6268D4F890102000FFF7D7FF0FE04D
S315600012106068C4F89800A068C4F89C00E068C4F8E8
S31560001220A000B74B1A001900200011F008FCFFE778
S3156000123010BD38B50400002594F84100C00702D4FB
S315600012407FF00F0023E0D4F8900000280CD13C21F9
S31560001250012011F0F9F9C4F89000D4F89000002844
S3156000126002D15FF0FF3012E0D4F89000007A0028D7
S315600012700BD1A44AD4F890102000FFF781FF626872
S31560001280D4F890102000FFF799FF280040B232BDD5
S3156000129080B501220A7200224A7202224A8111F046
S315600012A08EFC01BD0921017200214172022141813A
S315600012B07047D0F88C0003E001E0072101720068F6
S315600012C000280BD0017A491E042904D9491FF4D09D
S315600012D0891E0129F0D800210172F0E7704738B500
S315600012E00500D5F88C400AE008E00020607528000B
S315600012F011F065FC01212800226990472468002CC2
S315600013001AD0207A0028032807D9001F01280CD993
S31560001310C01EEAD0801E08D0E6E76868002803D0C1
S3156000132021002800FFF7B4FFE8E76868002802D0CC
S315600013302000FFF7B7FFE1E731BD012180F8941087
S315600013407047002180F89410704780B590F895102A
S31560001350491C80F89510FFF7C2FF01BD80B590F873
S31560001360951000290AD090F89510491E80F89510BE
S3156000137090F89510002901D1FFF79BFF01BD7047DA
S3156000138038B56148056800E02D68002D00F0B6802C
S31560001390D5F88C4003E001E0022060812468002CCF
S315600013A0F2D06089002802D06089401E6081207A70
S315600013B001280CD002280AD0032821D004281FD087
S315600013C005284AD008285BD0092878D0E3E76089E9
S315600013D0002814D102202072211D28000AF0BBFBD0
S315600013E0607A401C6072607A042806DB03202072F3
S315600013F0002060720220608101E002206081CDE7FA
S315600014006089002828D1607A00280AD104202072D9
S31560001410002020730021280022699047280011F0DF
S31560001420CEFB211D28000AF0A7FB14206081607A9C
S31560001430401C6072607A02280EDB05202072002054
S3156000144060722BF027FA4FF41671B0FBF1F201FBD4
S31560001450120010F561706081A0E7608900280ED1E6
S31560001460211D28000AF077FB2BF014FA4FF4167151
S31560001470B0FBF1F201FB120010F5617060818DE73F
S31560001480608900281AD1211D28000AF075FB1420F6
S315600014906081607A401C6072607A02280EDB0520EB
S315600014A02072002060722BF0F5F94FF41671B0FBD4
S315600014B0F1F201FB120010F5617060816EE76089E0
S315600014C000287FF46BAF211D28000AF044FB607A88
S315600014D0401C6072607A0228FFF65EAF05202072BB
S315600014E0002060722BF0D6F94FF41671B0FBF1F262
S315600014F001FB120010F5617060814FE731BD00009D
S31560001500E0EA02109501001024610B10F8B584B072
S3156000151005000E00062215F13A0101AC200029F003
S3156000152062ED0027042216F10E016C46200029F0B8
S315600015305AED042216F1180103AC200029F052ED91
S31560001540D5F88C403CE00098616888420DD106224F
S3156000155016F1080101A829F090ED002805D03200A7
S315600015602100280000F03DF8070028E00098616837
S31560001570884207D1062216F1080101A829F07CED00
S31560001580002816D10098002819D10398616888420E
S3156000159015D1062216F1080101A829F06EED002882
S315600015A00DD0062216F1120101A829F066ED002879
S315600015B005D032002100280000F013F807002468E7
S315600015C0002C0AD0207A401E0228CFD9C01E0128DE
S315600015D0B9D9001F0128B6D9F1E73800C0B205B005
S315600015E0F0BD2DE9F04104000D0016000027287AB1
S315600015F0401E022807D9C01E012813D9001F1BD020
S31560001600401E26D02FE094F89400012809D10120CD
S31560001610A8750620287201206875022120002A69B3
S31560001620904720E00220A875082028720020687282
S3156000163001206881012716E094F89400012807D1FB
S315600016400620287201206875022120002A699047C9
S3156000165009E00320A875082028720020687201201E
S3156000166068810127FFE794F89400012816D1287B4A
S31560001670401C2873062216F1080115F1170840462A
S3156000168029F0B0EC1C2215F11D083100404629F006
S31560001690AAEC01202875200011F091FA3800C0B23A
S315600016A0BDE8F081002907D00868002804D0002A28
S315600016B002D01068002800D1FFE7704738B50400F3
S315600016C00D001EF04DFA68626A6A2900200023F058
S315600016D011FD010049B2002902D195F9040000E02C
S315600016E040B232BD38B58AB00D001100C0B200F00C
S315600016F03FFF0400002C3ED08DF8085000946946E8
S31560001700DFF8B007FFF7DAFF40B2002833D0606831
S31560001710002804D000202BF0A0F82BF062F814F11A
S315600017200C00002802D0E068002801D1002000E00B
S315600017300120002804D100202BF08FF82BF051F8FF
S3156000174014F11400002802D06069002801D100203D
S3156000175000E00120002804D000202BF07EF82BF05A
S3156000176040F814F10C001EF07BF82100072011F000
S3156000177000F8002000E020000BB030BD80B58AB0D4
S31560001780002801D100200FE000901EF0D0F90390F0
S315600017906946DFF82407FFF791FF010049B2002987
S315600017A001D040B200E000200BB000BD38B50400A7
S315600017B0002C01D1002012E094F82C00000701D51E
S315600017C0002503E02000FFF7D9FF0500280040B29E
S315600017D0002802D1200000F014FF280040B232BD7C
S315600017E080B58AB0002802D17FF00F0014E000298E
S315600017F002D17FF00F000FE0002A02D17FF00F00C8
S315600018000AE000908DF81030029103926946DFF885
S31560001810AC06FFF753FF40B20BB000BD80B58AB08F
S31560001820002802D17FF00F000DE0002901D1DFF81A
S31560001830901600900291ADF80C206946DFF8840698
S31560001840FFF73CFF40B20BB000BD80B58AB0002800
S3156000185002D17FF00F0006E000906946DFF8680667
S31560001860FFF72CFF40B20BB000BD3EB504000D0083
S31560001870002D02D17FF00F0083E000202860002C4D
S3156000188002D17FF00F007CE0200000F0E9FA8DF8CD
S3156000189000009DF90000002802D09DF9000070E06C
S315600018A014F11400002802D06069002801D10020DC
S315600018B000E00120002804D094F82C0010F0090FF5
S315600018C002D07FF00E005CE01EF072F9E169491CFF
S315600018D0E1611EF076F994F82C00800711D501A914
S315600018E014F114001EF059F810F1010F1CD11EF00E
S315600018F05FF9E169491EE1611EF063F97FF0060058
S315600019003FE0A26A01A914F114001DF0FBFF10F17B
S31560001910010F09D11EF04CF9E169491EE1611EF023
S3156000192050F97FF002002CE01EF042F9E169491E91
S31560001930E1611EF046F994F82C00000707D501987E
S3156000194000F0CEFA002802D07FF00A0019E0606B42
S31560001950002804D0002201212000636B9847694665
S31560001960019800F0E3FA002802D09DF9000008E033
S315600019700198002802D17FF00E0002E001982860ED
S3156000198000203EBD7CB504000D00160000200190CD
S31560001990002D02D17FF00F00ADE000202860002C02
S315600019A002D17FF00F00A6E014F10C00002802D0EF
S315600019B0E068002801D1002000E00120002803D063
S315600019C094F82C0000070BD5200000F049FA0100BE
S315600019D049B2002901D040B28DE07FF00A008AE06A
S315600019E01EF0E6F8E169491CE1611EF0EAF894F838
S315600019F02C00800709D4700707D494F82C00C00720
S31560001A0003D494F90800002821D001A914F10C0030
S31560001A101DF0C3FF10F1010F2CD11EF0C9F8E1696A
S31560001A20491EE1611EF0CDF8200000F019FA0100B0
S31560001A3049B2002901D040B25DE094F82C00C0079D
S31560001A4002D57FF00A0056E07FF0060053E0A26AF6
S31560001A5001A914F10C001DF055FF10F1010F09D119
S31560001A601EF0A6F8E169491EE1611EF0AAF87FF052
S31560001A70020040E01EF09CF8E169491EE1611EF03B
S31560001A80A0F894F82C00000707D5019800F028FA12
S31560001A90002802D07FF00A002DE0207810F0F000D8
S31560001AA0102812D16946019800F040FA002809D042
S31560001AB09DF9000010F10F0F01D100201BE09DF988
S31560001AC0000018E0019802890AE00198002804D114
S31560001AD000202AF0C2FE2AF084FE0198006802897E
S31560001AE0606B002804D092B201212000636B984796
S31560001AF001982860002076BD80B5002804D0037860
S31560001B0013F0F003102B02D07FF00F0006E0106098
S31560001B1091601100DFF8B403FFF7D0FD02BD80B518
S31560001B208AB0002804D0027812F0F002102A02D09F
S31560001B307FF00F0003E06A46FFF7DEFF40B20BB0AE
S31560001B4000BDF8B58AB005000C00160015F10C0052
S31560001B50002802D0E868002801D1002000E00120BA
S31560001B60002803D095F82C00000702D57FF00A0004
S31560001B7051E095F82C00000619D595F82C0010F068
S31560001B807F0085F82C00686B002804D000220121B4
S31560001B9028006B6B98476868002833D1280000F0EE
S31560001BA05FF9010049B2002929D040B233E0320022
S31560001BB0D2B221002800FFF7E5FE0700380040B2E8
S31560001BC0002802D0380040B225E02468300709D4E6
S31560001BD0002C01D0218900E001216A4689B22800E3
S31560001BE0FFF78AFF002C14D1F006CCD595F82C00AF
S31560001BF050F0800085F82C007FF006000BE07FF047
S31560001C000D0008E00121280000F016F97FF00E00B3
S31560001C1001E0380040B20BB0F0BD80B5002804D0BA
S31560001C20037813F0F003102B02D07FF00F0002E070
S31560001C30D2B2FFF786FF02BD80B5002804D00378D4
S31560001C4013F0F003102B02D17FF00F0002E0D2B246
S31560001C50FFF798FE02BD7CB504000D000020002D44
S31560001C6002D17FF00F003FE000202860002C02D1F7
S31560001C707FF00F0038E0207810F0F00010282ED1A9
S31560001C8000200090062010F054FD0600002E02D1C0
S31560001C905FF0FF3028E0002269462000FFF751FF21
S31560001CA00400200040B2002806D03100062010F063
S31560001CB060FD200040B217E00098002804D10020A3
S31560001CC02AF0CBFD2AF08DFD009830600098706098
S31560001CD00020B0810020B0602E60002004E0002269
S31560001CE029002000FFF74EFE76BD80B5002909D099
S31560001CF0002A01D1002200E012688A608B8100F020
S31560001D0004F801E07FF0050002BD80B58AB00028C6
S31560001D1002D17FF00F0006E00090029169466C48A0
S31560001D20FFF7CCFC40B20BB000BDE0B5019102926A
S31560001D3004990091DBB2012201A900F001F80EBD01
S31560001D40F8B58AB0002802D17FF00F0072E00478FF
S31560001D5014F0F004102C02D07FF005006AE090F8D1
S31560001D602C40C4F3400414F00104C3F3800515F05D
S31560001D7001052543446A002C00D00125109C2E00E5
S31560001D80F6B2002E04D0002C02D17FF0050051E09F
S31560001D9000265FF0000C01E01CF1010C1700BFB2D9
S31560001DA0BC450BDA11EBCC077F68BE1911EBCC078B
S31560001DB07F68BE42F0D27FF005003BE0002E01D185
S31560001DC0002037E0B6F1004F06D3002C02D17FF039
S31560001DD005002FE07FF0004600900291ADF80C20E0
S31560001DE0002104918DF81C30059600210691406A09
S31560001DF0002803D01DF09BFE089001E000200890AB
S31560001E0069463448FFF75AFC0700380040B200289C
S31560001E100ED1002C01D006982060EDB2002D07D1BE
S31560001E200698B04204D000202AF017FD2AF0D9FCAB
S31560001E30380040B20BB0F0BD80B58AB0002802D140
S31560001E407FF00F000AE000908DF808101DF06FFE1D
S31560001E50039069462048FFF731FC40B20BB000BDE5
S31560001E6038B50400002C01D1002009E01DF0A0FE69
S31560001E7094F90850002121721DF0A3FE280040B29B
S31560001E8032BD80B58AB0002802D17FF00F000FE026
S31560001E90002900D10A49002A00D1094A009002911E
S31560001EA003928DF8113069460C48FFF707FC40B283
S31560001EB00BB000BD15150010F91900104721001070
S31560001EC0E0EA0210611B0010A91B0010371D00100C
S31560001ED0D51C001091200010032200101F23001053
S31560001EE0DFF84C1B884201D1012000E000207047DA
S31560001EF080B5010049B27FF00E02891A09D0491EE9
S31560001F0004D0491E08D1DFF82C0B0EE0DFF8280B51
S31560001F100BE0DFF8280B08E040B2002804D0002070
S31560001F202AF09BFC2AF05DFC002002BD38B5050056
S31560001F300C00002C04D100202AF08FFC2AF051FC02
S31560001F40DFF8F00A854204D17FF00C002070012092
S31560001F5012E0DFF8E40A854204D17FF00D002070BC
S31560001F60012009E0DFF8D40A854204D17FF00E0033
S31560001F702070012000E0002032BDF8B504000D009D
S31560001F8017001E00002D04D100202AF066FC2AF0FE
S31560001F9028FC002C04D100202AF05FFC2AF021FCEA
S31560001FA0002C03D1380012F082F853E06068A84232
S31560001FB004D000202AF051FC2AF013FC14F10C0026
S31560001FC0002802D0E068002801D1002000E001204E
S31560001FD0002803D094F82C00000703D5380012F0CF
S31560001FE066F837E0062010F0A4FB0500002D03D14B
S31560001FF0380012F05CF82DE02F606F60002E01D182
S31560002000002100E031680698A960A88194F82C0048
S3156000201040060AD5DFF88C0B81688289891801220F
S31560002020AA7340696861488828823E89290014F14C
S315600020300C001DF040FC002803D0280029F0C4FDE8
S3156000204008E0606B002805D0320092B200212000C3
S31560002050636B9847F1BDF8B504000E0015001F00CC
S31560002060002E04D100202AF0F8FB2AF0BAFB002CDF
S3156000207004D100202AF0F1FB2AF0B3FB7FB2002FD7
S3156000208004D000202AF0E9FB2AF0ABFB002C02D139
S315600020907FF005003DE06068B04204D000202AF081
S315600020A0DCFB2AF09EFB14F10C00002802D0E068ED
S315600020B0002801D1002000E00120002803D094F818
S315600020C02C0000070AD5002D06D0298930001FF0A4
S315600020D015F8280011F0EBFF00201AE0002D02D061
S315600020E029002D8902E0DFF85419002514F10C004F
S315600020F01DF0E1FB002802D05FF0FF3009E0606B65
S31560002100002805D02A0092B200212000636B984710
S315600021100020F2BD10B50400002C04D100202AF086
S315600021209CFB2AF05EFB6078012804D10121200027
S3156000213000F046FE06E06078042803D10121200005
S3156000214000F03EFB94F82C00C00623D5606800289A
S3156000215020D04FF6FF706168096F814202D26068D5
S31560002160006FFFE780B243F20101884212DB6068CC
S31560002170B0F8740021280DDA94F82C0010F0EF0006
S3156000218084F82C00606B002804D000220221200015
S31560002190636B9847002010BD38B504001500002C0D
S315600021A004D100202AF059FB2AF01BFB002C33D007
S315600021B06078012804D10121200000F001FE06E0CC
S315600021C06078042803D10121200000F0F9FA6068E4
S315600021D0002821D04FF6FF706168096F814202D2F4
S315600021E06068006FFFE780B243F20101884213DB4B
S315600021F06068B0F8740021280EDA94F82C0010F0AC
S31560002200EF0084F82C00606B002805D02A0092B29B
S3156000221002212000636B9847002032BDF8B50400A8
S315600022200D00002C04D100202AF017FB2AF0D9FA01
S315600022301DF0BEFC00216160257294F82C1051F0EF
S31560002240010184F82C106678002161701DF0B9FCDC
S31560002250606B002804D0002204212000636B98473D
S31560002260606B002804D0002200212000636B984731
S31560002270606B002804D0002202212000636B98471F
S31560002280280040B2FFF734FE070014F10C00002866
S3156000229002D0E068002801D1002000E0012000287B
S315600022A008D094F82C00000704D4390014F10C000F
S315600022B01DF001FB14F11400002802D060690028AB
S315600022C001D1002000E00120002808D094F82C00FD
S315600022D0000704D4390014F114001DF0ECFA300044
S315600022E0C0B2012807D03000C0B2042803D0300045
S315600022F0C0B203282ED194F82C00C0F3800010F0F1
S31560002300010094F82C1011F0FB0184F82C100028C1
S3156000231028D1206B002804D100202AF09EFA2AF0EA
S3156000232060FAF6B2042E03D10020216B087101E039
S31560002330206B0571206B456A2868002804D100204F
S315600023402AF08BFA2AF04DFA0020206328001DF04F
S31560002350D5FB07E0206B002804D000202AF07DFA28
S315600023602AF03FFAF1BD10B501004C6820001FF05D
S3156000237070FBDFF8941920001FF06FFBDFF88C19F3
S3156000238020001FF07AFB0222DFF8841920001FF07C
S315600023909BFBDFF8801920001FF07FFB10BD70B536
S315600023A004000D00002C02D17FF005008DE014F1D1
S315600023B01400002802D06069002801D1002000E0E6
S315600023C00120002803D094F82C00000702D57FF086
S315600023D005007AE0002D15D17FF00C00FFF788FD2F
S315600023E0010014F114001DF066FA002807D1606B35
S315600023F0002804D0002200212000636B98477FF0FC
S31560002400050062E052B2002A04D000202AF025FAC4
S315600024102AF0E7F9616B207800F0AAF80600002E32
S3156000242015D17FF00C00FFF763FD010014F1140075
S315600024301DF041FA002807D1606B002804D0002205
S3156000244000212000636B98475FF0FF303DE07560C8
S315600024503000FFF788FF310014F114001DF02BFAED
S31560002460002829D07468002120001FF0F2FA0021AC
S3156000247020001FF0F2FA002120001FF0FEFA002271
S31560002480002120001FF020FB002120001FF005FB2B
S315600024900020706016F10C001DF0E2F916F10C00D8
S315600024A0002803D00020F06000203061300000F08A
S315600024B0A8F85FF0FF3008E0606B002804D00022C7
S315600024C000212000636B9847002070BD38B504007A
S315600024D0002520684068002804D000202AF0BDF955
S315600024E02AF07FF92068007810F0F000C0B210285A
S315600024F022D020282ED12800C0B223F059FD2168B1
S3156000250048602068406800280ED02068007822283D
S3156000251003D101202168496808742268DFF8F8173A
S315600025202068406823F00FFD20684068002802D1CB
S315600025305FF0FF30207131BD2800C0B21FF084FA11
S315600025402168486020684068002802D02068FFF74C
S315600025500AFFE9E77FF005002071ECE780B500210E
S31560002560017101684968002901D1FFF7AFFF01BD1C
S31560002570F8B507000D000026072010F0DAF8040011
S31560002580002C01D1002023E000202072277000205B
S3156000259060600020E06117F0F007FFB2102F0BD0EB
S315600025A0202F0BD1102156F0400614F10C001DF0BF
S315600025B031F900280DD006E01021F6E700202AF058
S315600025C04CF92AF00EF92100072010F0D2F800200D
S315600025D0F2BD14F11400002803D0002060610020D1
S315600025E0A061002060705FF0FF30206265630020AC
S315600025F02063002060620020A06284F82C602000C6
S31560002600E6E710B504006068002804D000202AF0D0
S3156000261024F92AF0E6F8200000F027F814F10C00FF
S31560002620002802D0E068002801D1002000E00120E7
S31560002630002804D000202AF010F92AF0D2F814F10C
S315600026401400002802D06069002801D1002000E053
S315600026500120002804D000202AF0FFF82AF0C1F8F3
S315600026602100072010F085F810BD3EB5040094F8EF
S315600026702C00000704D400202AF0EFF82AF0B1F805
S3156000268014F10C00002802D0E068002801D1002077
S3156000269000E00120002803D12BE0009829F094FA8D
S315600026A0694614F10C001DF078F910F1010F14D091
S315600026B00098FFF715FC0028F2D1207810F0F000A2
S315600026C01028EAD10DF105010098FFF72FFC0028CC
S315600026D0E6D1009811F0EBFCE2E714F10C001DF076
S315600026E0BFF814F10C00002803D00020E060002041
S315600026F0206114F11400002802D06069002801D11D
S31560002700002000E0012000281AD12DE00098FFF794
S31560002710E7FB002814D101A90098FFF707FC002801
S315600027200ED1009D2800FFF7A0FF6868002804D03E
S3156000273068681EF0C3FB002068602800FFF761FF31
S31560002740694614F114001DF028F910F1010FDDD16E
S3156000275014F114001DF084F814F11400002803D05D
S31560002760002060610020A06137BDF8B50400B04E5E
S3156000277094F82C0050F0080084F82C001DF018FA2C
S31560002780E5691DF01EFA00270EE0310014F1140011
S315600027901DF091F807E001200028F6D0310014F111
S315600027A00C001DF088F87F1CAF4208DA14F10C00AB
S315600027B0002802D0E0680028EDD10020ECE7F1BDEA
S315600027C02DE9F84F04000D000026002C04D10020EE
S315600027D02AF043F82AF005F8207810F0F000102867
S315600027E004D000202AF039F829F0FBFF607804282D
S315600027F004D000202AF031F829F0F3FF6068002841
S3156000280004D100202AF029F829F0EBFF206B00287C
S3156000281004D100202AF021F829F0E3FFD4F804B0AF
S31560002820206B007A10F0010810F00207C0B203288E
S3156000283002D15FF0010A1FE04046C0B200280ED008
S315600028409BF81400052807D09BF81400062803D0CF
S315600028509BF81400082802D15FF0010A0CE03800EA
S31560002860C0B2002806D09BF81A00C00602D55FF0F9
S31560002870010A01E05FF0000A5046C0B2002803D0AA
S31560002880002158461FF0E5F89BF81400012804D192
S31560002890002158461FF011F920E04046C0B20028DA
S315600028A007D0002158461FF0D8F8002158461FF07F
S315600028B004F93800C0B2002803D0002158461FF042
S315600028C0DCF85046C0B2002808D0002200215846E5
S315600028D01FF0FAF8002158461FF0DFF85046C0B2E4
S315600028E0002804D058461EF020FA814607E03A00D8
S315600028F0D2B24146C9B258461EF028FA81464846C9
S3156000290040B2002801D1012621E048465FF0FF3140
S3156000291040B288421AD144F620600090606A01286D
S3156000292001DB606A00901DF002F9216BC968401AEC
S31560002930009988420BDB01265046C0B2002806D0BB
S3156000294058461EF0BBFA5FF0000900E00126300031
S31560002950C0B200283CD0206B466A206B80F8049099
S3156000296000202063002060704FFA89F9B9F1000FEA
S3156000297026D15FFA8AFABAF1000F09D000206060AA
S31560002980606B002804D0002204212000636B984706
S315600029905FFA88F8B8F1000F07D0606B002804D0A2
S315600029A0002200212000636B9847FFB2002F07D0FA
S315600029B0606B002804D0002202212000636B9847D8
S315600029C0EDB2002D02D030001DF098F800202DE009
S315600029D0F6B2002E1FD19BF81400012804D1002006
S315600029E029F03BFF29F0FDFEFFB2002F04D0DFF88F
S315600029F01C1358461FF041F80122DFF8141358469D
S31560002A001FF062F8DFF80C1358461FF046F82100F5
S31560002A1058461FF01EF8484640B2002804D10020F0
S31560002A2029F01BFF29F0DDFE484640B2BDE8F28F73
S31560002A30D41D0310D51D0310D61D0310D71D03101A
S31560002A4038B50400206845782800C0B200280AD04E
S31560002A502068007810F0F000102804D0002029F0DB
S31560002A60FCFE29F0BEFE2800C0B2002825D0280052
S31560002A70C0B2012808D02800C0B203281DD1206842
S31560002A8090F82C00400718D42068006B002804D109
S31560002A90002029F0E2FE29F0A4FE2068006B406A5F
S31560002AA07FF00E012268126B11710021226811639A
S31560002AB00021226851701DF021F8EDB2032D09D175
S31560002AC0206890F82C00400704D4002029F0C5FE49
S31560002AD029F087FE002020712068FFF746FE2068F7
S31560002AE04068002849D02068007810F0F000C0B235
S31560002AF010280AD020283DD1002021684968486204
S31560002B002068406823F024FA34E02068006B0028CF
S31560002B1004D0002029F0A1FE29F063FE042021687C
S31560002B204870032020722068046300212068FFF744
S31560002B3047FE00281DD020684078042804D0002075
S31560002B4029F08BFE29F04DFEDFF8605828001CF056
S31560002B50CDFF0021606A1CF073FF28001CF0BCFFEB
S31560002B6020684078002804D0002029F076FE29F0FD
S31560002B7038FE16E00020216848602068406B002817
S31560002B8005D000220021206823685B6B9847206887
S31560002B90406B002805D000220221206823685B6B09
S31560002BA0984731BD8475091010B5040020684068E7
S31560002BB0002819D02068007810F0F000C0B2102804
S31560002BC008D020280DD1A289A1682068406823F02A
S31560002BD024F90BE0A289A168206840681EF073F9A9
S31560002BE004E07FF0050001E07FF00500207110BD74
S31560002BF038B505002868406800287DD028680078C8
S31560002C0010F0F000102872D128684078002861D151
S31560002C1028684068007D002804D07FF005008DF8A4
S31560002C2000006DE0FF216A46C9B2286840681EF060
S31560002C30C7F90400002C63D028680C30002803D044
S31560002C402868C068002801D1002000E00120002823
S31560002C500DD028680C301CF003FE28680C30002864
S31560002C6005D000202968C860002029680861002016
S31560002C708DF8000028681430002803D02868406961
S31560002C80002801D1002000E00120002806D1102193
S31560002C90286814301CF0BEFD8DF800009DF9000018
S31560002CA0002810D102202968487028684460296885
S31560002CB0286840681EF0CDFEDFF8F4162868406884
S31560002CC01EF0FBFE1CE020001EF02FF80020296895
S31560002CD0486015E028684078022803D100208DF806
S31560002CE000000DE07FF00A008DF8000008E07FF03C
S31560002CF00F008DF8000003E07FF00A008DF80000F9
S31560002D009DF80000287131BD0F10001051110010A0
S31560002D10CD100010D5110010330F001010B504004F
S31560002D202068FFF79DF8010049B2002925D1206887
S31560002D30406800281FD02068007810F0F000202836
S31560002D4016D1A0688068002806D1A068016820684E
S31560002D50406822F013FF0AE0A0688389A06810F13A
S31560002D600802A06801682068406822F017FF04E046
S31560002D707FF00A0001E07FF00A00207110BD70B597
S31560002D8005000020287128684068002817D0286848
S31560002D90007810F0F000102811D1AC68B4F5803FCF
S31560002DA002D34FF6FF7600E02600310089B228682C
S31560002DB040681EF0A3F9B6B2A41B002CEED170BD1C
S31560002DC02DE9F24F04000025002C04D1002029F0E3
S31560002DD044FD29F006FD6078012804D0002029F022
S31560002DE03CFD29F0FEFC206B002804D1002029F070
S31560002DF034FD29F0F6FC6068002804D1002029F033
S31560002E002CFD29F0EEFC206B8069216B49698842B4
S31560002E1004D3002029F021FD29F0E3FC206B808992
S31560002E20002804D1002029F018FD29F0DAFC206B77
S31560002E3090F81C8094F82C00C0F3400010F001005C
S31560002E40C8F3800616F001060643606A002800F0A3
S31560002E508D801CF06CFE216B096A401A616A88429B
S31560002E60C0F284800125206B8069002802D17FF042
S31560002E70060719E1002717E1D3464FF6FF79606828
S31560002E80006F484502D26068006F00E04846010066
S31560002E905A4689B292B2914209D283463000C0B294
S31560002EA0002800F08380584680B2002875D0206BD9
S31560002EB080684068216B096911FA8BF1884204D2F7
S31560002EC0002029F0CAFC29F08CFC5846494680B29D
S31560002ED0884202D1BAF5803F09D2584680B21FFABD
S31560002EE08AFA504565D1206B8089022861DB5FF0E4
S31560002EF0010A58F002084346DBB25A4692B23900DC
S31560002F00606820F0DDFD0700380040B2002824D15B
S31560002F10206B806910FA8BF0216B8861206B0069E9
S31560002F2010FA8BF0216B0861206B0069216B896850
S31560002F304968884211D1206B808919EB0000216BAA
S31560002F408881206B8089002807D0206B80680830D4
S31560002F50216B88600020216B08615FFA8AFABAF1FA
S31560002F60000F29D0380040B2002825D1206B806838
S31560002F700068216B09694718206B8068D0F804A047
S31560002F80206B0069BAEB000ABAF5803FFFF474AFB4
S31560002F904FF6FF7B58F002086FE7206B80690028C8
S31560002FA002D17FF0060700E000270FE058F0020824
S31560002FB07DE75FF0000A9EE7380040B2002805D042
S31560002FC038005FF0FF3140B2884233D13000C0B282
S31560002FD0002814D0206B8069216B496988420ED223
S31560002FE0606B002804D0002203212000636B9847A1
S31560002FF094F82C0050F0100084F82C001AE06068F9
S31560003000006F484503D26068D0F87090FFE71FFAFA
S3156000301089F943F20100814504DB6068B0F8740009
S31560003020212807DB606B002804D0002203212000E2
S31560003030636B9847380040B2002815D1206B8069D1
S31560003040216B4969884202D0F6B2002E00D0012574
S31560003050606821F0FBF901007FF0030249B29142FA
S3156000306022D1070001251FE038005FF0FF3140B232
S31560003070884218D1606821F0E9F901007FF0030207
S3156000308049B2914202D1070001250DE0F6B2002E49
S315600030900AD0206B8069002802D17FF0060700E025
S315600030A00027012500E00125EDB2002D10D09DF826
S315600030B00010206B406A226B177100222263002287
S315600030C06270C9B2002901D01CF018FD002001E031
S315600030D05FF0FF30BDE8F28F38B504002068FEF778
S315600030E0BFFE010049B200294FD12068007810F078
S315600030F0F000102847D120684078002802D07FF081
S31560003100040042E020684068002839D00120216828
S3156000311048702068006B002804D0002029F09DFBD1
S3156000312029F05FFB6069002804D1002029F095FB37
S3156000313029F057FB2068046300212068FFF740FEF2
S3156000314000281CD020684078012804D0002029F08F
S3156000315084FB29F046FB954D28001CF0C7FC002136
S31560003160606A1CF06DFC28001CF0B6FC2068407894
S31560003170012804D1002029F070FB29F032FB05E01C
S315600031807FF00A0001E07FF00500207131BD80B557
S3156000319001684968002954D0017C002905D001687E
S315600031A0496809688268116004E00168496849688D
S315600031B082681160002101710168097811F0F001DF
S315600031C0C9B2102919D0202935D1017C002905D032
S315600031D001684968498AC06801800DE001684968EC
S315600031E0097C490703D47FF00A01017104E0016894
S315600031F04968898AC068018026E0017C00290DD172
S3156000320001684968097D002904D001684968097D1B
S31560003210012903D17FF00A0101710BE0017C0029CD
S3156000322003D001684968C98A02E001684968098B68
S31560003230C068018008E0002029F00FFB29F0D1FA70
S3156000324002E07FF00A01017101BD38B50400206813
S31560003250457820684068002800F081802068007802
S3156000326010F0F00010287AD1207A032803D02800C5
S31560003270C0B2022873D02800C0B2032803D17FF001
S315600032800A00207130E02800C0B201282CD1207AD3
S3156000329080071AD52068006B002804D1002029F029
S315600032A0DCFA29F09EFA2068006B406A7FF00E0116
S315600032B02268126B11710021226811630021226855
S315600032C0517000251CF01AFC0EE0207A012804D00B
S315600032D0002029F0C2FA29F084FA00220121206830
S315600032E040681DF033FD2071EDB2002D3AD1207A91
S315600032F0C00702D52068FFF738FA2068006B0028FF
S3156000330004D0002029F0A9FA29F06BFA042021687C
S3156000331048702068046300212068FFF751FA00288E
S315600033201CD020684078042804D0002029F095FA43
S3156000333029F057FA1D4D28001CF0D8FB0021606A61
S315600033401CF07EFB28001CF0C7FB20684078002834
S3156000335004D0002029F081FA29F043FA02E07FF0D8
S315600033600A00207131BD10B504007FF00A0020719B
S3156000337020684068002817D02068007810F0F000B8
S3156000338020280ED1607C002805D1A168E06809F08C
S31560003390E0F9207108E0A168E06809F05AFA207146
S315600033A002E07FF00500207110BD0000E86E0B1092
S315600033B05713001070B400280DD14FF4A164DFF8E4
S315600033C0805504FB00F6A95104FB00F169184A60B8
S315600033D060432818836070BC704770B400280DD1B4
S315600033E040F6F864DFF85C5504FB00F6A95104FB6F
S315600033F000F169184A6060432818836070BC7047A2
S3156000340070B400280DD140F6F864DFF83C5504FB33
S3156000341000F6A95104FB00F169184A606043281858
S31560003420836070BC704770B505000E000020308068
S315600034303100280000F034F80400002C24D13088D4
S31560003440002825D13100280000F086F80400002C01
S3156000345015D1308800281BD13100280000F00CF906
S315600034600400002C06D13088002803D140F22F10CA
S3156000347030800DE00421280002F0EFFB08E0032114
S31560003480280002F0EAFB03E00221280002F0E5FBD7
S31560003490002C03D02900200002F07AFD200070BDC8
S315600034A02DE9F84306000F00002400E0641C002CA0
S315600034B028D14FF4A168DFF8889408FB04F059F826
S315600034C00000716B8842F1D108FB04F019EB000033
S315600034D04068316A8842E9D108FB04F019EB0000C4
S315600034E08068F16C8842E1D1306A01F0F5FE050032
S315600034F0002D2BD0280002F060FB032805D14FF485
S31560003500837038800020BDE8F283280002F055FB06
S31560003510042817D12900300002F08CFD002811D054
S3156000352008FB04F019EB0000103008FB04F119EBFE
S315600035300101D1F8E810884708FB04F419EB040090
S315600035401030E0E74FF483703880DBE708FB04F463
S3156000355019EB04001030D6E72DE9F0470600002489
S3156000356000E0641C002C40F0848040F6F867DFF8C9
S31560003570D48307FB04F058F80000726B9042F0D1D8
S315600035800D0007FB04F018EB00004068316A8842C2
S3156000359003D040F22B1028806BE007FB04F018EB99
S315600035A000008068F16C884203D040F22F102880BA
S315600035B05FE05FF0000901E019F10109B9F1030F5D
S315600035C036D24FF49F6A07FB04F018EB00000AFB43
S315600035D009F14018103002F0F0FA0428ECD107FB2C
S315600035E004F018EB00000AFB09F1401810F1100115
S315600035F0300002F01FFD0028DED007FB04F018EB58
S3156000360000000AFB09F14018103007FB04F118EBC3
S3156000361001010AFB09F28918D1F8E81088477C4352
S3156000362018EB04000AFB09F910EB0900103021E0E1
S315600036305FF0000901E019F10109B9F1030F15D234
S315600036404FF49F6607FB04F018EB000006FB09F1D8
S315600036504018103002F0B1FA0028ECD17C4318EB28
S31560003660040006FB09F68019103003E04FF48D70F4
S3156000367028800020BDE8F0872DE9F0470600002489
S3156000368000E0641C002C40F08E8040F6F867DFF89E
S31560003690B88207FB04F058F80000726B9042F0D1D4
S315600036A00D0007FB04F018EB00004068316A8842A1
S315600036B003D040F22B10288075E007FB04F018EB6E
S315600036C000008068F16C884203D040F22F10288099
S315600036D069E0316A002000F069F8002803D140F201
S315600036E0191028805FE05FF0000901E019F1010917
S315600036F0B9F1030F36D24FF49F6A07FB04F018EB5B
S3156000370000000AFB09F14018103002F056FA04284E
S31560003710ECD107FB04F018EB00000AFB09F1401836
S3156000372010F11001300002F085FC0028DED007FBA6
S3156000373004F018EB00000AFB09F14018103007FB93
S3156000374004F118EB01010AFB09F28918D1F8E810B7
S3156000375088477C4318EB04000AFB09F910EB090063
S31560003760103021E05FF0000901E019F10109B9F1BB
S31560003770030F15D24FF49F6607FB04F018EB0000A9
S3156000378006FB09F14018103002F017FA0028ECD158
S315600037907C4318EB040006FB09F68019103003E041
S315600037A04FF48D7028800020BDE8F087F8B50500DD
S315600037B00E006648046807E02800C0B2002802D1FF
S315600037C0C9B202291BD06468002C1AD0A7683800D9
S315600037D002F04DFA0028F6D0386A8642F3D15C488A
S315600037E00068D7F8AC108842EDD0380002F066FB6E
S315600037F001000800C0B20128DED1380002E03800BE
S3156000380000E00020F2BD70B505005048046800E095
S315600038106468002C1AD0A668300002F020FA0128ED
S31560003820F6D1300002F0C9F90328F1D1306A854239
S31560003830EED1300002F042FB0128E9D1444800682D
S31560003840D6F8AC108842E3D1300000E0002070BDAD
S315600038502DE9F04105000E003C48046821E0A768A8
S315600038606468B046380002F0F4F94FFA88F880458B
S3156000387017D1386A854214D10222396A786B0FF003
S3156000388064FDD7F8D800002807D140F2A312314969
S31560003890314829F071F8AFF300803800D7F8D810B6
S315600038A08847002CDBD1BDE8F08138B5274C20680D
S315600038B011E08568D5F8D800002807D140F2AD122E
S315600038C02449264829F058F8AFF300802800D5F837
S315600038D0D810884720680028EBD131BD70B5060046
S315600038E01A48046800E06468002C0FD0A568002DB3
S315600038F007D14FF4DC721749194829F03DF8AFF348
S315600039000080E86C8642EED1012000E0002070BDA8
S3156000391038B54FF4A1610022094C200027F0EAEB8C
S3156000392040F6F86421000022064D280027F0E2EBFD
S315600039300022054D2100280027F0DCEB31BD000098
S31560003940481E0310502303104832031028640310E6
S31560003950D4DB021020DB0210E8DA021098DB0210DA
S31560003960C4DB02102DE9F843002248432249096866
S3156000397042F21072B1FBF2F1204AB2FBF1F24FF45F
S315600039807A7400250021A4FB006704FB017705FB20
S315600039900077DFE91B894F4510D801D346450DD224
S315600039A042F210740025A4FB060104FB071105FB17
S315600039B00611002327F0D8EB800817E09100B0FBD2
S315600039C0F1F042F2107202FB00F20023A4FB020146
S315600039D004FB031105FB021100220123994203D85F
S315600039E001D3904200D201E05FF0FF30002801D0A1
S315600039F000F00AF8BDE8F1839438100000CA9A3BDB
S31560003A00000000000100000080B500F001F801BD73
S31560003A1001380028FCD1704770470000DFF800F0DD
S31560003A20AF29100080B50120FFF7F8FF0F48104955
S31560003A30086001BD81B00F4AC0F3044310F48001F1
S31560003A40CB1812EB8301012210F01F0012FA00F06E
S31560003A5000900A68009882430A60032002E00A68C0
S31560003A600092401E0028FAD101B0704701A521439B
S31560003A70100228814002288018B587B00020069081
S31560003A8002200590364804900020039002200290A0
S31560003A900420019002200090012307220021314872
S31560003AA0008800F08AFA0400002C18D02E4B2F4AAA
S31560003AB00E21200000F009FC2D4B0FF2ED021021C3
S31560003AC0200000F002FC10220FF2A511200000F089
S31560003AD02EFC80220FF2A511200000F028FC2000A9
S31560003AE008B010BD80B5FFF7C7FF002801D00020E1
S31560003AF001E05FF0FF3040B202BDFEB504000D008C
S31560003B0016001848008804F025F8002801D1FFF750
S31560003B10B3FF002801D1002021E0210000F03EFA29
S31560003B2007000821012025F0C9F80400002C01D106
S31560003B30002014E0268065609720019000940D4B6C
S31560003B40A4220321380000F030FB0220019000948B
S31560003B50094BC7220421380000F027FB3800FEBD60
S31560003B6048DC02109C1D031054DC0210493300101F
S31560003B7068DC0210D13400103134001038B504000E
S31560003B806068C06803881500ADB2AB4202D05FF0D2
S31560003B90FF3007E092B24568280027F024EA20004B
S31560003BA00FF0DDFB32BD00002DE9F84305000E0085
S31560003BB01700D6F80C80307850F0800038701420EA
S31560003BC0B8700020F8703189280000F0BDFB040051
S31560003BD0002C43D03089032840D1E06800283BD0D0
S31560003BE0D4F80C90286801F086FE012802D10E20D8
S31560003BF0B87033E0B6F90A00B9F80010884202DA04
S31560003C001320B8702AE0B9F80000B6F90A108842A5
S31560003C1002DA1520B87021E0207A400609D5A86836
S31560003C20006C002805D0327821002800AB681B6C38
S31560003C309847B9F80020D9F804904146484627F0DD
S31560003C40D2E928000FF08BFB002802D00920B8705B
S31560003C5004E00020B87001E01520B870002C04D094
S31560003C603089042801D10E20B8700120BDE8F283A6
S31560003C7080B50FF086FB40B202BD000080B50FF044
S31560003C806EFB40B202BD000010B50400254920005D
S31560003C9001F07AFE200001F0F1FD10BDF8B50500D7
S31560003CA00E00002700F01FF80400002C04D1012745
S31560003CB040F21310308013E02900200002F068F90A
S31560003CC0200002F07FF90021200001F0C6FF1648AF
S31560003CD0C4F8D8001548C4F8DC00200001F0EBFDFC
S31560003CE03800C0B2F2BD70B5002400E0641C062C3A
S31560003CF00CD24FF49F650E4E05FB04F0301801F0B0
S31560003D005CFF0028F2D16C43301900E0002070BDE2
S31560003D1010B541F6D0510022054C200027F0EAE9A3
S31560003D2010BD00000F9B001035480010412C00109C
S31560003D303846031010B5040003F0CEFE40B20028EA
S31560003D4008D03222DFF81C1ADFF81C0A28F014FEAD
S31560003D50AFF3008002F087FE40B2002808D034221C
S31560003D60DFF8001ADFF8000A28F006FEAFF30080DD
S31560003D7004F041FA40B2002808D03622DFF8E41990
S31560003D80DFF8E40928F0F8FDAFF3008002F0C6FB27
S31560003D9040B2002808D03822DFF8C819DFF8C80911
S31560003DA028F0EAFDAFF30080200080B200F0BAFE92
S31560003DB040B2002808D03A22DFF8A819DFF8A8092F
S31560003DC028F0DAFDAFF30080FFF78CFE40B20028E2
S31560003DD008D03C22DFF88C19DFF88C0928F0CCFD7E
S31560003DE0AFF3008002F05FF940B2002808D03F22AE
S31560003DF0DFF87019DFF8700928F0BEFDAFF30080B8
S31560003E0003F083FD40B2002808D04222DFF854193F
S31560003E10DFF8540928F0B0FDAFF3008003F0EBFF44
S31560003E2040B2002808D04422DFF83819DFF8380994
S31560003E3028F0A2FDAFF300800FF02FFA04002000F7
S31560003E4040B2002808D05122DFF81819DFF81809A7
S31560003E5028F092FDAFF30080200040B210BD2DE93E
S31560003E60FC410E0017009846F18889B203F07BFE8C
S31560003E700400002C27D0A068056B002D20D0002000
S31560003E8001E00C35401CA168098D884218D2317852
S31560003E902A789142F5D16868002808D17D22DFF83A
S31560003EA0C418DFF8C80828F067FDAFF300800898EB
S31560003EB0009043463A00310020006C68A0470FE04E
S31560003EC00820B87001E00520B8700020F87017F17E
S31560003ED0080027F01FFD307850F080003870012010
S31560003EE0BDE8F6812DE9F04706000F0000200025A9
S31560003EF05FF00109002016F12C0805E0D8F80000F3
S31560003F0010F10C0819F10109D8F800000028F5D164
S31560003F105FF0000A27E0002D00D12500C4F800906C
S31560003F20A660308B002813D01021308B24F0C6FE9B
S31560003F3060606068002808D1C022DFF82818DFF8C2
S31560003F40300828F019FDAFF30080606800281FD0A4
S31560003F50C8F8004014F10C08F08A401CF08219F190
S31560003F6001091AF1010ABA4512DA1021012024F07A
S31560003F70A5FE0400002C08D1B022DFF8E817DFF8B0
S31560003F80F40728F0F9FCAFF30080002CC3D1FFE7FB
S31560003F90BA4500D000252800BDE8F08738B5040092
S31560003FA00D002900200003F0DEFD002804D1012168
S31560003FB02000FFF797FF056032BD2DE9FE4F070031
S31560003FC0884615001E00380003F0C4FD002808D09E
S31560003FD0F222DFF89017DFF8A00728F0CDFCAFF3E8
S31560003FE00080119CDDF838B0DDF834A0DDF8309043
S31560003FF0029600954821012024F060FE05004821C4
S31560004000012024F05BFE06002F61AC820020E8826E
S315600040100020E862A5F81890A5F81AA0A5F828B0BF
S3156000402000202863109868635FF0FF3434610120D4
S31560004030F082F56218F10708A6F818800098708378
S3156000404002983085109827F028E9801D010001202C
S3156000405024F034FE7063109827F01EE9109BDFF899
S315600040601C27801D0100706B28F098FC00202860DA
S3156000407000206860AE600020E860346000207060F8
S315600040800020B0600020F0601021308B24F016FE16
S3156000409068600C21308D24F011FE30630C21288D70
S315600040A024F00CFE28630F98012803DB0F99280083
S315600040B0FFF718FF280003F063FD10F1010F01D12F
S315600040C0002070E0129C300000F09EFC280000F09A
S315600040D09BFC2000002863D10FF29D3403200190E1
S315600040E015F1140000902300C7220121280000F07A
S315600040F05CF80320019015F1160000902300C7229A
S315600041000221280000F051F80320019015F11600F5
S3156000411000902300C7220321280000F046F8DFF84C
S31560004120C4780820019000972300C7220421280044
S3156000413000F03BF80020019000972300C72205217C
S31560004140280000F032F80220019016F11A00009063
S315600041502300C7220621280000F027F802200190DC
S3156000416015F11A0000902300C7220721280000F0ED
S315600041701CF80298012815DB0298022807DBDFF895
S3156000418068380FF2F5320121300000F09EF8DFF852
S315600041905C380FF2FD120E21300000F096F801E057
S315600041A02800A0472800BDE8FE8F2DE9F0470600ED
S315600041B00F0091469A46089C002C09D140F2651280
S315600041C0DFF8A015DFF8280828F0D6FBAFF30080EB
S315600041D07568D6F80880002D09D14FF4B572DFF8FE
S315600041E08415DFF8100828F0C7FBAFF300800021C4
S315600041F001E01035491CB068008B81425ADAE868E4
S315600042000028F6D1099E2F8085F80290C5F804A093
S315600042102E72EC60B8F81A00390089B2884209D269
S315600042204FF4BA72DFF83C15DFF8CC0728F0A4FB30
S31560004230AFF30080380080B200F0FDFBB10709D50E
S315600042403A0092B20823012192FBF3F403FB142295
S31560004250914000E00021D8F81C20125C1143D8F888
S315600042601C20115416F0090F09D03A0092B20823A7
S31560004270012192FBF3F403FB1422914000E000213C
S31560004280D8F82420125C1143D8F824201154BFB208
S315600042900821D8F82020125CF6B2B60816F001069E
S315600042A097FBF1F301FB1377BE401643D8F8201055
S315600042B00E5408E04FF4C472DFF8A81495A028F0F5
S315600042C05BFBAFF30080BDE8F0872DE9F0410500A8
S315600042D00E00170098462C6B002C09D140F29512FF
S315600042E0DFF88014DFF8140728F046FBAFF3008090
S315600042F0002101E00C34491C288D81420CDA2078BB
S315600043003200D2B2904202D060680028F2D12670A4
S315600043106760C4F8088008E040F2A312DFF844142E
S315600043207CA028F029FBAFF30080BDE8F081D306BE
S3156000433000D58163930600D5C163530600D5016439
S31560004340120600D54164704730B4020050680023FD
S3156000435001E010305B1C9468248BA34205DA0C00E4
S315600043600588A4B2AC42F4D100E0002030BC7047AE
S3156000437038B504000D0015F1080027F0CBFA207857
S3156000438050F0800028701420A8700020E87031BDBD
S315600043902DE9F04105000E00170031892800FFF76E
S315600043A0D3FF040039003000FFF7E2FFB6F808805B
S315600043B0002C44D0E068002841D0404680B200F02E
S315600043C03AFBA968C969085C1FFA88F808210122C6
S315600043D098FBF1F301FB138812FA08F8C0B210EAF1
S315600043E0080F2CD0207AC00609D5A868806B0028F3
S315600043F005D0327821002800AB689B6B9847002C6B
S3156000440009D14FF4FB72DFF85C13DFF8E80528F09A
S31560004410B3FAAFF3008017F10801E068626890476D
S315600044200020B870207A800609D5A868C06B00287D
S3156000443005D0327821002800AB68DB6B98470120F5
S31560004440BDE8F08180B5007806F0CFFC01BD80B58F
S31560004450007806F0CAFC01BD80B5008806F0D3FC82
S3156000446001BD80B5006806F0E1FC01BD80B500784D
S3156000447006F0BBFC01BD000080B5008806F0C3FCF9
S3156000448001BD80B5006806F0D1FC01BD70B50400C1
S315600044900D002900207806F0A8FC22786168D5F81E
S315600044A00064300026F09EEDD5F8000421784018AF
S315600044B0C5F80004D5F80404217850FA81F0C5F8EF
S315600044C0040470BD70B504000D002900208806F054
S315600044D09AFC208800281BD022886168D5F8006481
S315600044E0300026F080EDD5F8000421884018C5F824
S315600044F00004D5F80404218810FA81F0C5F8040494
S3156000450095F80404C00703D52900002006F06DFC69
S3156000451070BD00003000000070B504000D002288F8
S315600045206168D5F80064300026F05CEDD5F80004CB
S3156000453021884018C5F80004D5F80404218810FACB
S3156000454081F0C5F8040470BD80B500F095F801BD32
S3156000455038B50C000622D4F800540100280026F075
S3156000456042EDD4F80004801DC4F80004D4F80404B5
S31560004570801DC4F8040431BD2DE9F04704000D0028
S31560004580170017F1080027F0C5F96168A068008B6D
S31560004590002808D1287850F0800038700820B8705C
S315600045A00020F87065E00026002209E0087AC0065F
S315600045B004D5A068806B002800D001261031521CFB
S315600045C0A068008B8242F1D33000C0B2002805D0CB
S315600045D02A782000A3689B6B98470026D4F804804D
S315600045E039002800FFF7C4FE0020B8705FF00009AC
S315600045F021E0B8F800A0504680B200F01CFA51469F
S3156000460089B20822A3685B6A185C012391FBF2FCFD
S3156000461002FB1C1113FA01F1084208D0A5F808A0A4
S3156000462017F10801D8F80C00D8F80420904718F163
S31560004630100819F10109A068008B8145D9D361681A
S31560004640002209E0087A800604D5A068C06B0028BD
S3156000465000D001261031521CA068008B8242F1D333
S31560004660F6B2002E05D02A782000A368DB6B984747
S3156000467000200120BDE8F087F8B505000E002C7813
S31560004680D6F804743100287880B206F0BCFB6888DE
S31560004690B0F5807F0ADA3100202006F0A6FB3100F3
S315600046A06888C0B206F0A1FB641E0CE031002120D0
S315600046B006F09BFB3100002006F097FB310068880E
S315600046C006F0A1FBA41E002C39D0A888B0F5807F27
S315600046D00ADA3100242006F088FB3100A888C0B2CF
S315600046E006F083FB641E0CE03100252006F07DFB9E
S315600046F03100002006F079FB3100A88806F083FBC4
S31560004700A41E002C1BD0E888B0F5807F0ADA310041
S31560004710302006F06AFB3100E888C0B206F065FB1F
S31560004720641E0CE03100312006F05FFB3100002092
S3156000473006F05BFB3100E88806F065FBA41E28786E
S315600047404000801CD6F80414CF1BB84208D040F253
S315600047508F320449DFF8A80228F00EF9AFF3008023
S31560004760F1BD0000A0DC021084DC021018DD02102E
S3156000477050DD021038DD021074DD021094DD021087
S315600047802DE9FE4304000D0016001F005FF00008CF
S3156000479028680090002000200020ADF80A00002064
S315600047A0ADF808000020ADF8060000208DF8050081
S315600047B000208DF804000020009800782070009892
S315600047C0401C0090002060800020A0800020E080D7
S315600047D01CE018F1010800980078202810D02128E4
S315600047E021D0242829D025282ED0282847D029282A
S315600047F049D0302832D0312837D0342849D0E6E045
S315600048000098407860800098801C009020788045F1
S3156000481080F0E0800098007810F007000728D8D173
S315600048205FF0FF30DBE00098801C0090684606F081
S3156000483096FA608018F10108E8E700984078A08051
S315600048400098801C0090E1E70098801C0090684604
S3156000485006F085FAA08018F10108D7E7009840783D
S31560004860E0800098801C0090D0E70098801C009043
S31560004870684606F074FAE08018F10108C6E7009809
S31560004880801C0090C2E70098801C009018F1010817
S31560004890BCE700984078C0B2042840F095800222B8
S315600048A00098811C0DF10A09484626F09CEB02220D
S315600048B00098011D0DF10809484626F094EB022286
S315600048C00098811D0DF10609484626F08CEB012201
S315600048D0009810F108010DF10509484626F082EBB3
S315600048E00122009810F109010DF10409484626F0ED
S315600048F07AEB9DF8050010F0800000224149BDF872
S315600049000A000B88984203D0BDF80A00002827D118
S31560004910BDF806008B88984203D0BDF806000028D3
S315600049201ED1BDF808004B88984203D0BDF8080038
S3156000493000281DD1D2B2002A2AD19DF80500002890
S3156000494034D09DF805008A79904219D19DF804000B
S31560004950C97988422AD09DF80400002826D00FE045
S31560004960252030704FF48A7038805FF0FF3036E073
S315600049702520307040F2151038805FF0FF302EE051
S31560004980252030704FF48B7038805FF0FF3026E062
S315600049909DF805008A7990420ED19DF804000028A2
S315600049A00AD0C8799DF80410884205D300980A3069
S315600049B0009018F1040829E7252030704FF48B70B9
S315600049C038805FF0FF300AE05FF0FF3007E05FF0AD
S315600049D0FF3004E0009828605FEA4800401CBDE8AC
S315600049E0FE8300009E1D03109CDD0210ACDD0210EC
S315600049F0C0DD0210CCDD0210DCDD021014DE021018
S31560004A0024DE021030D3021038B50400608B00F04B
S31560004A1012F805006D1C0121280024F04FF9E061B1
S31560004A200121280024F04AF920620121280024F09F
S31560004A3045F9606231BD80B2082190FBF1F07047A4
S31560004A40DFF81C1A0888401C08800A88DFF8140AF8
S31560004A50006882180A80DFF8100A0068098808432F
S31560004A607047FEB50400A568DFF8006A0320019070
S31560004A7014F1140000903300C72201212000FFF7D3
S31560004A8094FB0320019014F1160000903300C722B6
S31560004A9002212000FFF789FB0220019014F1160025
S31560004AA000903300C72203212000FFF77EFBDFF86A
S31560004AB0C0790020019000973300C72204212000AE
S31560004AC0FFF773FB0020019000973300C722052192
S31560004AD02000FFF76AFB0320019015F11A00009091
S31560004AE03300C72206212000FFF75FFB03200190F9
S31560004AF014F11A0000903300C72207212000FFF747
S31560004B0054FBDFF87039DFF8702901212800FFF7C0
S31560004B10DCFBDFF86839DFF868290E212800FFF72B
S31560004B20D4FBF7BD30B587B0050000F04FFFDFF866
S31560004B305409069001200590DFF84C090490012085
S31560004B400390062002900E20019000200090022320
S31560004B5007220021DFF834090088FFF72EFA0400E7
S31560004B60002C02D15FF0FF3043E0DFF81039DFF848
S31560004B7010290E212000FFF7A8FBDFF8F838DFF8D0
S31560004B80F82801212000FFF7A0FBDFF804390FF2B7
S31560004B90012254212000FFF798FBDFF8F8380FF266
S31560004BA0D9125B212000FFF790FBDFF8EC380FF29B
S31560004BB0DD224E212000FFF788FBDFF8E0380FF298
S31560004BC0B5325A212000FFF780FBADB22D04DFF825
S31560004BD098080560DFF8C818DFF8C808008800F094
S31560004BE0A1FEDFF8C418DFF88C0C008800F09AFE8E
S31560004BF0002007B030BD70B51600DFF87C5C2A0077
S31560004C0003F006FD10F1010F02D15FF0FF304DE0B9
S31560004C10A888A12804D0A88848F20201884244D115
S31560004C20288AB12841D1A86800F03FFB0400002C17
S31560004C3002D15FF0FF3039E0D4F8C4007168884271
S31560004C4033D1200001F0E7F8E868002816D1D4F8DF
S31560004C50A00010F1010F28D1200001F0D4F8E86817
S31560004C60C4F8A000D4F8E40000281ED06A8A6969F6
S31560004C702000D4F8E430984740B217E0D4F8A0009A
S31560004C80E968884211D2200001F0BDF8E868C4F8EE
S31560004C90A000D4F8E400002807D06A8A6969200079
S31560004CA0D4F8E430984740B200E0002070BD80B58B
S31560004CB019004FF49973012200F0FEF902BD80B528
S31560004CC019004FF49973012200F0F6F902BD80B520
S31560004CD019004FF48073012200F0EEF902BD7CB535
S31560004CE016001C000020ADF80000DFF8345C2800D8
S31560004CF000F0D2FF10F1010F07D140F20313012239
S31560004D002100280000F0D8F934E06A463100280016
S31560004D1000F0CCFB002808D0BDF800300200D2B20B
S31560004D202100280000F0C8F924E0A86C00F017FE06
S31560004D300200002A04D0694628005268904705E0C0
S31560004D405FF0FF3040F22F11ADF80010002808D058
S31560004D50BDF800300200D2B22100280000F0ACF9A4
S31560004D6008E0002300222100DFF8180C0068806844
S31560004D7000F0A2F976BD000038B50124DFF8A05B2B
S31560004D8085F8F044049C009400F00DF832BD0000F4
S31560004D9038B50024DFF8885B85F8F044049C0094FD
S31560004DA000F001F832BD2DE9F84304000D0016004D
S31560004DB09846DDF8209000200020DFF8647B3900FB
S31560004DC015F10C0000F078FEC7F8D090102241462D
S31560004DD017F1C009484626F006E9380001F066F882
S31560004DE08146380001F06AF84946C9B2032907D1FD
S31560004DF040F2231301223100380000F05DF943E0F0
S31560004E000100C9B2032907D14FF492730122310020
S31560004E10380000F051F937E00100C9B2012911D11B
S31560004E20D8F80410DFF8C03B1A685B6819401A406E
S31560004E30914207D040F6130301223100380000F09A
S31560004E403BF921E050EA09095FFA89F9B9F1000FE7
S31560004E5002D15FF0010801E05FF00008380000F061
S31560004E605BFA002801D0012000E000202100DFF875
S31560004E707C2B5FFA88F812EBC802C0B252F8204069
S31560004E8033002A003800A047BDE8F2832DE9FE4FC3
S31560004E900D0016001F0040F2071BDFF8DC09002139
S31560004EA0018300218185E868801CE86015F10C00AB
S31560004EB005F055FFADF8080015F10C0005F04FFF41
S31560004EC0804615F10C0005F070FF8146DFF8B40AE4
S31560004ED0046800E06468002C37D0D4F808A0504617
S31560004EE000F06BFE032804D0504600F066FE0428EE
S31560004EF0F0D1BAF88000BDF808108842EAD1BAF855
S31560004F008200414689B28842E4D1DAF88400484595
S31560004F10E0D1DAF8D800002809D14FF46372DFF8DF
S31560004F20D01ADFF8D00A27F027FDAFF30080786843
S31560004F30DAF8C410884206D15046DAF8D8108847A5
S31560004F405FF0000B01E04FF6FF7B584640F2071119
S31560004F5080B288421FFA8BFBCDF804B000962B0016
S31560004F604A46414689B2BDF8080000F045F9BDE8F9
S31560004F70FE8F000000207047F8B506000EF0E4F9D9
S31560004F80300005F023FEDFF8FC09046867E0D5E928
S31560004F9018010027801BB941C5E918015EE0D5E913
S31560004FA01A010027801BB941C5E91A01D5E91C0120
S31560004FB00027801BB941C5E91C01280000F0FDFDF2
S31560004FC003284BD1280000F098FE002846D0DFF871
S31560004FD0280A0068D5F8AC1088423FD0280000F057
S31560004FE05BFE00280ED0D5E91E010027B94209D81C
S31560004FF001D3B04206D2D5E91E010027801BB94114
S31560005000C5E91E010027D5E918018F42BFD301D833
S315600050108642BCD3D5F8E000002809D14FF48262FD
S31560005020DFF8CC19DFF8D40927F0A6FCAFF30080CF
S315600050302800D5F8E01088475FF0FF3140B288421B
S31560005040280000F05CFE0021C5E91801280000F088
S3156000505023FE002802D0280000F0AFFF6468002C11
S3156000506028D0A568280000F0A8FD0328F6D1A86D11
S31560005070002804D1280000F002FE01289DD10027F7
S31560005080D5E91A018F428AD301D8864287D3D5F8EB
S31560005090DC00002809D140F2CD32DFF85419DFF880
S315600050A0600927F069FCAFF300802800D5F8DC10B2
S315600050B0884782E70020F2BD2DE9F04104000D002B
S315600050C016009846DFF8B07702203880B220388222
S315600050D0380000F07DF8542194F8F004002800D0E0
S315600050E05B2151F080012970AE703000C0B200289B
S315600050F016D10020E870388B002806D0032038804F
S31560005100B88D002801D00420388015F10801206987
S3156000511005F08CFE15F10801E06805F087FE29E0D0
S315600051200021200000F068FD3000C0B2132801D0D5
S31560005130152802D10020E8701CE0404680B240F29B
S315600051402711401A02D0401E08D00FE00220E870F6
S31560005150A5F80480B4F8A400E8800BE00220E870AB
S31560005160A5F80480B4F8A600E88003E00120E870A2
S31560005170A5F8048015F10801B4F8800005F043FE37
S3156000518015F10801B4F8820005F03DFE15F108013D
S31560005190D4F8840005F04AFEF6B2002E0BD115F164
S315600051A00801D4F8880005F041FE15F10801D4F82D
S315600051B0900005F03BFE15F10801002005F015FE94
S315600051C015F10801002005F010FE0120BDE8F08110
S315600051D010B50400208AB22809D040F2CB42DFF82D
S315600051E01018DFF8200827F0C7FBAFF30080002017
S315600051F0A0800020E08010BD2DE9F84305000E0078
S3156000520017009846DDF82090099CDFF86C060221AD
S315600052100180B2210182FFF7DBFF19F10801280046
S3156000522080B205F0F0FD19F10801300080B205F09A
S31560005230EAFD19F10801380005F0F8FD98F800005C
S3156000524050F0800089F80000200080B200280BD161
S3156000525019F10801002005F0C8FD002089F8020058
S31560005260002089F8030018E019F10801D8F80C004D
S31560005270007805F0BAFD20004FF6FF7180B28842D3
S3156000528003D10F2089F8020007E0012089F80200A7
S31560005290A9F80440012089F8030019F108010020EB
S315600052A005F0A3FD0120BDE8F28338B50500DFF8FF
S315600052B05807046800E06468002C0BD0A06800F012
S315600052C07CFC0328F7D1A06800F06AFD8542F2D124
S315600052D0A06800E0002032BD38B50500DFF8280779
S315600052E0046800E06468002C14D0A06800F0B1FC8B
S315600052F00228F7D1A06800F060FC032804D0A068FB
S3156000530000F05BFC0428EDD1A068006A8542E9D113
S31560005310A06800E0002032BD38B50500DFF8E80679
S31560005320046800E06468002C0CD0A06800F045FCBE
S315600053300328F7D1A168280000F08CFE0028F1D080
S31560005340A06800E0002032BDF8B50D00160000210F
S315600053503180C0B2042805D040F2153030805FF04D
S31560005360FF307BE0280026F06FFA0400280026F064
S3156000537059FADFF89876398880B2884204D02800D6
S3156000538026F050FA00280BD1280026F053FAB98887
S3156000539080B288420AD0280026F04CFA002805D050
S315600053A04FF48A7030805FF0FF3057E0280026F0B7
S315600053B03DFA798880B288420AD0280026F036FA0B
S315600053C0002805D040F2151030805FF0FF3045E0D0
S315600053D0E4B2002C1FD1280026F030FA002801D153
S315600053E000203BE0280026F029FAB979C0B288424D
S315600053F00BD1280026F036FAF979C0B2884225D05A
S31560005400280026F02FFA002820D04FF48B703080C9
S315600054105FF0FF3022E0280026F010FAB979C0B2BA
S3156000542088420DD1280026F01DFA002808D02800F1
S3156000543026F018FAF979C0B2814201D300200DE056
S315600054404FF48B7030805FF0FF3007E030880028C3
S3156000545001D1002001E05FF0FF3040B2F2BD0000F4
S31560005460E0DA021024640310206403103134001063
S31560005470A21D03106CDE0210313500107CDE0210B6
S31560005480493300101B3A001090DE0210A01D031075
S31560005490A4DE0210B0DE0210C4DE0210D4DE0210FA
S315600054A0552C0010A41D0310DF5D00102DE9F24F8E
S315600054B08EB0060017000E98C0680090684605F02A
S315600054C03BFC804644460020002000254FF4807156
S315600054D0300000F083FCDFF83805016896F8F004C8
S315600054E0002802D0DFF82C05016811EB44000E9A03
S315600054F0B2F90A20904203D2002038801520DEE0FF
S315600055000E98B0F90A0011EB4401884203D20020DC
S3156000551038801320D3E0002C00F0CD80009800F096
S3156000552091FE012832D1009800F0B3FE05282DD1F6
S31560005530009800F02BFF012828D1009800F04EFF5C
S31560005540012823D1052C03D2002038801320B6E031
S31560005550042086F8400026F055F9019001996846C6
S3156000556000F054FF01987064641F3A00716C96F8FD
S315600055704000FFF7E9FE002804D001A826F048F9AC
S3156000558001209CE001A826F043F9FFE7300000F017
S3156000559083FB002811D0009800F054FE02280CD13D
S315600055A0009800F06FFFC0B2032806D100984078DB
S315600055B0B0870098801C0090641E009800F042FE40
S315600055C0012837D1009800F064FE002832D1684681
S315600055D000F0B8FE8146484602F0BCFA0190019898
S315600055E000280BD1B9F1C80F03D340F215303880CB
S315600055F002E040F22F103880012060E0641E0098BF
S3156000560000F020FE012827D1009800F042FE012814
S3156000561022D1684600F096FE05002900019802F046
S31560005620A2FA002810D1B9F1040F08D140F229106E
S31560005630388007E040F21530388001203FE040F2C4
S315600056401530388001203AE0B5F5807F01D302201D
S3156000565000E00120241AFFE7300000F034FB032845
S3156000566030D1002C04D040F215303880012026E07D
S31560005670DFF8A4030088814501D1012D04D040F2F2
S315600056802F10388001201AE005A80021002200238F
S3156000569080E80E00CDF8149006950C2205A916F147
S315600056A04804200025F09EEC0C2205A916F11C0486
S315600056B0200025F098EC00980E99C86000200FB085
S315600056C0BDE8F08F0BA800210022002380E80E00C1
S315600056D0CDF82C900C950C220BA916F148052800E4
S315600056E025F080EC300000F0E1FB0500300000F0B2
S315600056F0E5FB002131850021F162002102A900222B
S315600057000023C1E90023EDB2002D0BD1C0B2002801
S3156000571002D15FF0000A16E05FF0010A16F11C0084
S31560005720029010E0C0B2002805D15FF0010A16F1C0
S315600057303000029007E016F13000029016F11C006E
S3156000574003905FF0020A002507E0012003E0BBF545
S31560005750807FFAD30220241A6D1C55453CD20098EE
S3156000576000F070FD012832D1009800F092FD01280A
S3156000577004D0009800F08DFD032828D1684600F01B
S31560005780E1FD834608A800210022002380E80E0080
S31560005790CDF82090CDF824B00C2208A902A850F8C4
S315600057A025000490049825F01EEC0498594601984B
S315600057B002F0D9F90028CAD1002D03D14FF49570B3
S315600057C0388002E040F22B103880012077E740F203
S315600057D015303880012072E7904D00202860DFF890
S315600057E040920020C9F8000010E000984078400020
S315600057F028600098801CC9F800002868801CB4EBFB
S315600058005004009829684018801C0090002C3FF4D2
S3156000581052AF009800F016FDC0B2022809D00428E5
S3156000582022D1009800F05DFEC0B20128DDD00420D0
S3156000583045E7009800F026FEC0B2032812D130007A
S3156000584000F02AFA002807D000984078B0870098C0
S31560005850801C0090A41ED9E7B8EB0408A7F8008066
S3156000586004202CE704202AE7B8EB0408A7F8008098
S31560005870042024E7A61D0310F865031038B504005C
S31560005880200000F020FA03280ED0D4F8A80023F0F8
S31560005890D7FB594D2868C4F8A800D4F8AC0023F0AB
S315600058A0CFFB2868C4F8AC00200000F00FF8200099
S315600058B000F0ECF831BD10B504002100524804F048
S315600058C060FD0321200000F097F910BD80B54E4AB7
S315600058D01168009102E000994968009100990029D9
S315600058E008D0009989688142F5D16946100004F0B4
S315600058F06BFDFFE701BD70B50500002642480468F0
S3156000590000E06468002C08D0A068416B8D42F8D135
S3156000591000F0ADF90128F4D101263000C0B270BDA7
S315600059204041031030B403005FF0FF30002400E014
S31560005930641C3C4A126894420ED23B4D55F83420A2
S31560005940002A03D055F834209342F1D145F834301B
S3156000595015EBC4004160002040B230BC704710B403
S3156000596001000020002200E0521C2E4B1B689A4268
S3156000597006D22D4B53F83240A142F5D113EBC2004B
S3156000598010BC7047286403102DE9F04106000F0033
S315600059901D480468002500E06468002C0FD0D4F828
S315600059A008804146300000F045FB0028F4D04645AB
S315600059B0F2D0404600F001F90428EDD00125EDB2A1
S315600059C0002D01D13000B847BDE8F08110B515480B
S315600059D00068C1000022144C200025F08CEBFEF715
S315600059E097F9FDF795FF10BD58730B1070E0021024
S315600059F01CDF0210E8DE021060E00210D4DF021045
S31560005A00A0DF02100CE002102864031030D30210ED
S31560005A1064E0021068E00210A41D0310C065031064
S31560005A20BC6503106CE0021008640310002100E0FE
S31560005A30491C092916D20C22DFF8E83502FB01F071
S31560005A4018580028F4D102FB01F0181840680028A5
S31560005A50EED102FB01F0181880680028E8D15143A6
S31560005A60581800E00020704738B50400002C0CD0B0
S31560005A702068002808D00C2100222568280025F01F
S31560005A803AEB0020206000E0FFE731BD38B5040046
S31560005A904FF49F6100222500280025F02CEB0021A1
S31560005AA0200000F0A9F8DFF880050168C4F8A810A6
S31560005AB00068C4F8AC0031BD38B504000D002000A4
S31560005AC005F032F9200005F037F9200005F06DF990
S31560005AD00100280000F066F9200005F066F9010073
S31560005AE0280000F05BF9200005F039F9010089B261
S31560005AF0280000F0A7F9200005F031F9010089B20D
S31560005B00280000F0A2F9200005F04FF901002800F6
S31560005B1000F09EF90021280000F06EF80020A5F83C
S31560005B209800200005F008F90100C9B2280000F0CD
S31560005B3092F92068C01C2060200005F036F901004B
S31560005B40280000F08BF9280000F04AF995F8F00477
S31560005B50012807D1200005F038F90100280000F07F
S31560005B6089F907E0200005F005F980B201002800F8
S31560005B7000F080F9200005F018F90100280000F017
S31560005B8073F9280000F0E2F895F8F004012807D1CF
S31560005B90200005F01AF90100280000F068F907E016
S31560005BA0200005F0E7F880B20100280000F05FF9F8
S31560005BB0200005F0B9F8A87031BD072100780028EB
S31560005BC009D002280BD008D304280CD009D30628A4
S31560005BD00DD00AD30DE000200CE001200AE002207F
S31560005BE008E0032006E0042004E0052002E0062029
S31560005BF000E00720C0B2704780B5C9B2002909D05D
S31560005C0002290DD009D3042910D00CD3062913D04C
S31560005C100FD314E0002101701AE00121017017E032
S31560005C200221017014E00321017011E0042101706A
S31560005C300EE0052101700BE00621017008E04FF4CB
S31560005C408372DFF8E81340A026F096FEAFF300807B
S31560005C5001BD90F9010040B27047417070474078CD
S31560005C60401E022801D8012000E0002070474078DD
S31560005C70401E032801D8012000E0002070478021E3
S31560005C8082780800C0B20240C9B28A4201D10120BE
S31560005C9000E00020C0B27047010070235FF0FF3063
S31560005CA0020089780B40DBB2002B04D0102B04D0A5
S31560005CB0202B04D005E0002003E0012001E0022053
S31560005CC0FFE740B2704701000F235FF0FF3002002C
S31560005CD089780B40DBB2002B05D0022B07D004D3AA
S31560005CE0032B06D007E0002005E0012003E0022038
S31560005CF001E00320FFE740B2704700897047D0F8A3
S31560005D009010DFF82C2313684FF47A7202FB03F2CB
S31560005D10B1FBF2F302FB1311002907D1D0F8900012
S31560005D204FF47A71B0FBF1F080B20BE0D0F89000DE
S31560005D304FF47A72B0FBF2F04FF47A72B1FBF2F183
S31560005D40401A80B2704700003000000010B4D0F8EE
S31560005D509010DFF8DC2214684FF47A7303FB04F3C7
S31560005D60B1FBF3F403FB1411002907D1D0F89010AE
S31560005D704FF47A72B1FBF2F101810DE0D0F8903008
S31560005D804FF47A74B3FBF4F31268D3184FF47A7253
S31560005D90B1FBF2F15B1A038110BC7047C1607047BA
S31560005DA00069704701617047C9B2002905D00229B0
S31560005DB009D005D3032909D00BE0002101750AE05B
S31560005DC00121017507E00221017504E003210175D7
S31560005DD001E0042101757047808F704781877047A5
S31560005DE070B5060042F210740025300000F01BF812
S31560005DF08D4203D801D3844200D201E020002900FD
S31560005E00C6E91A0170BD10B50400200000F00BF859
S31560005E10C4E91A0110BD10B50400200000F003F8B3
S31560005E20C4E91C0110BD00B50200D2F888004FF429
S31560005E307A71B0FBF1F0002192F83E20921C25F0B9
S31560005E4056EA00BDA0F880107047A0F8821070472F
S31560005E50C0F88410704780F83E107047C0F888100C
S31560005E607047D0F890007047C0F890107047C0F83F
S31560005E7094107047C0F88C107047C9B2002903D0DF
S31560005E80400F10F0030002E0400B10F00300C0B2B8
S31560005E90002803D0022805D002D305E0002004E0E4
S31560005EA0012002E0022000E00320704780B590F8F0
S31560005EB0F014D0F88C00FFF7E0FF02BD80B590F8D3
S31560005EC0F014D0F89400FFF7D8FF02BD80B5C9B2D0
S31560005ED0002903D0800E10F0030002E0800A10F063
S31560005EE00300C0B2002805D0022807D004D30328D7
S31560005EF006D007E000200EE001200CE002200AE058
S31560005F00032008E04FF45472484945A026F034FD5A
S31560005F10AFF300800020C0B202BD80B590F8F014E7
S31560005F20D0F89400FFF7D2FF02BDC9B2002903D0B2
S31560005F30400E10F0010002E0400A10F00100C0B20D
S31560005F40002801D0012000E00020704780B590F85D
S31560005F50F014D0F89400FFF7E8FF02BD40F2FF139B
S31560005F604FF6FF72C9B2002900D01300184070477F
S31560005F7080B590F8F014D0F88C00FFF7EFFF02BD03
S31560005F8080B590F8F014D0F89400FFF7E7FF02BDF3
S31560005F9010B504004FF49F62200025F024E810BD80
S31560005FA00021C0F89C100021A0F898100021C0F8CC
S31560005FB0A0100021A0F89A107047828F0023C0E9D4
S31560005FC01E23704710B5040017480168C4F8A8106E
S31560005FD00068C4F8AC002000FFF768FF022805D10E
S31560005FE0FEF72EFD01002000FFF7DCFE2000FFF724
S31560005FF065FF012805D1FEF723FD01002000FFF7AC
S31560006000CDFE2000FFF7CCFF04212000FFF7CCFE79
S315600060102000FFF7D2FF00200021C4E9180110BD5F
S31560006020300000003864031004E1021080E00210C2
S3156000603008E10210B0F88220B1F882309A4207D1A6
S31560006040D0F88400D1F88410884201D1012000E0A4
S3156000605000207047B0F88020B1F880309A420DD1A8
S31560006060B0F88220B1F882309A4207D1D0F8840025
S31560006070D1F88410884201D1012000E000207047E9
S3156000608080B50A000C21002004F068FF01BD38B518
S3156000609004000D0029002000FEF7F3F92900201DF9
S315600060A0FEF756FA31BD2DE9F04387B00020002097
S315600060B006900320059051A00490012003900220D1
S315600060C002900C2001900B200090022307220021F1
S315600060D04B480088FDF771FF0400002C02D15FF089
S315600060E0FF3088E0474B484A0E212000FEF7EDF866
S315600060F0464B474A01212000FEF7E7F801212000C0
S3156000610001F031FD0400434D434E0320019000969B
S315600061102B00C62201212000FEF747F803200190DC
S31560006120701C00902B00C62202212000FEF73DF86D
S3156000613001200190394800902B00C62203212000DF
S31560006140FEF733F80820019035480090354B002261
S3156000615004212000FEF729F8334F012001903348CF
S3156000616000903B00C72205212000FEF71EF8DFF8ED
S31560006170C080DFF8C09001200190CDF800904346C2
S31560006180002206212000FEF710F801200190CDF8CC
S3156000619000904346002207212000FEF706F8012002
S315600061A00190254800903B00C72208212000FDF79A
S315600061B0FCFF03200190301D0090434600220A2117
S315600061C02000FDF7F2FF012001901C4800902B0093
S315600061D0C6220B212000FDF7E8FF0320019016F18F
S315600061E010000090164BD3220C212000FDF7DDFF36
S315600061F082203061002007B0BDE8F083444C520035
S31560006200A81D03100CE102104933001020E10210B2
S315600062103135001025340010A4640310D81D031016
S3156000622030E102103950001031340010AC1D0310FB
S315600062304750001034E10210AA1D0310D91D031047
S315600062401B340010E02100780140082000290ED0A0
S3156000625020290ED040290ED060290ED080290ED07C
S31560006260A0290ED0C0290ED0E0290ED00FE0002064
S315600062700DE001200BE0022009E0032007E0042086
S3156000628005E0052003E0062001E00720FFE7C0B235
S31560006290704710B504002000FFF7D4FF012808D02E
S315600062A0A122DFF86012DFF8600226F065FBAFF32B
S315600062B000801C2120780140082000290ED0042986
S315600062C00ED008290ED00C290ED010290ED0142914
S315600062D00ED018290ED01C290ED00FE000200DE03C
S315600062E001200BE0022009E0032007E0042005E01E
S315600062F0052003E0062001E00720FFE7C0B210BDDD
S3156000630010B504002000FFF79DFF012808D0EC229D
S31560006310DFF8F011DFF8F00126F02EFBAFF3008016
S315600063200321207801400320002903D0022905D0EB
S3156000633002D305E0002003E0012001E00220FFE730
S31560006340C0B210BD10B504002068FFF7D9FF010088
S3156000635003202268521C2260C9B2002903D0022998
S315600063600CD004D311E0200004F0DEFC0DE02068C0
S31560006370401C2060200004F0FDFC06E02068401C04
S315600063802060200004F021FDFFE710BD10B5040079
S315600063902000FFF757FF012808D04FF4B87259491B
S315600063A0DFF8640126F0E8FAAFF300802000FFF71B
S315600063B070FF052807D04FF4B9725249534826F04A
S315600063C0DBFAAFF300800320217808400021002823
S315600063D001D1012000E00020C0B210BD10B504005C
S315600063E02000FFF7D3FF012807D04FF4C472454958
S315600063F0474826F0C1FAAFF3008000206078042891
S3156000640001D1012000E00020C0B210BD38B5050002
S315600064100C002868FFF7E2FF012807D04FF4CC7222
S3156000642038493C4826F0A8FAAFF300802868801CFB
S315600064302860280004F093FC010089B2200025F052
S31560006440EFF9280004F08BFC010089B2200025F0EA
S31560006450EBF9280004F083FC010089B2200025F0E6
S31560006460E7F9280004F060FC0100C9B2200025F0BD
S31560006470E3F9280004F060FC0100C9B2200025F0B1
S31560006480EFF931BD10B504002000FFF7DBFE0228EE
S3156000649007D04FF4D7721B491F4826F06DFAAFF349
S315600064A000801F2021780840002101280AD0022898
S315600064B00AD003280AD010280AD011280AD01F282B
S315600064C00AD00BE001200AE0022008E0032006E083
S315600064D0042004E0052002E0062000E00020C0B2AF
S315600064E010BD1F21007801400020002902D011292B
S315600064F002D003E0012002E0022000E00020C0B2EA
S315600065007047000040E10210B8E10210F4E10210A9
S3156000651048E20210B8E2021018E302102DE9F043D7
S3156000652087B00020069004200590BC4804900220A5
S315600065300390032002900B2001900B200090022311
S3156000654007220021B6480088FDF737FD04000022C7
S3156000655035E0B44B6420802101FB02F158500F20D6
S31560006560802101FB02F1591848600220802101FB5D
S3156000657002F1591881F86C00022A06D101208021A7
S3156000658001FB02F1591881F86C00A74810EBC205AF
S31560006590D5E90001802505FB02F55D197035C5E971
S315600065A000010220802101FB02F15918886708204A
S315600065B0802101FB02F15918A1F87C00521C022AC5
S315600065C0C7D3002C00F0B680984B994A0E21200064
S315600065D0FDF77BFE974B984A01212000FDF775FE7B
S315600065E0964B0FF27D224C212000FDF76EFE0026B1
S315600065F09BE0711C200001F0B6FA0700894D03206C
S315600066000190802000FB06F0281800908C4BC82271
S3156000661001213800FDF7C9FD03200190802000FBB1
S3156000662006F02818001D0090864BD3220221380000
S31560006630FDF7BBFD03200190802000FB06F02818C3
S3156000664008300090804BA22203213800FDF7ADFD93
S3156000665033200190802000FB06F02818103000904F
S315600066600FF20513002204213800FDF79EFD33204A
S315600066700190802000FB06F028183C3000900FF255
S315600066800513002205213800FDF78FFD01200190DA
S315600066906E4800900FF20913002206213800FDF7BC
S315600066A084FDDFF8AC8103200190802000FB06F0BA
S315600066B028186C3000904346C62207213800FDF743
S315600066C074FDDFF8909108200190CDF80090434664
S315600066D0C62208213800FDF768FD08200190CDF834
S315600066E000904346C62209213800FDF75EFD03206F
S315600066F00190802000FB06F0281870300090564B01
S31560006700DA220A213800FDF750FD0320019080202F
S3156000671000FB06F02818783000900FF29D030022E7
S315600067200B213800FDF741FD761C022EFFF461AFA8
S31560006730002001E05FF0FF3007B0BDE8F08370B580
S31560006740040000250CE0062221003648802303FB66
S3156000675005F3C01810F10806300024F044EC6D1CF7
S31560006760022DF0D370BD000038B50C002C22D4F891
S3156000677000540100280024F036EC21002C2004F09F
S31560006780D9FB31BD38B50C003022D4F80054010075
S31560006790280024F028EC2100302004F0CBFB31BD2A
S315600067A038B50C00294D21002800FDF755FE210063
S315600067B0A81CFDF761FE31BDF8B504000D00290087
S315600067C02000FDF74EFEA18800208DF8000006E04F
S315600067D0481E01409DF80000401C8DF8000008002E
S315600067E080B20028F4D129006846FDF73FFE0026F6
S315600067F011E0A0880121B14008420BD0174F290053
S3156000680017EB8600FDF738FE290017EB8600801C23
S31560006810FDF72CFE761C062EEBD3F1BD64E3021069
S31560006820AE1D0310BC640310BCE3021074E30210D7
S315600068304933001088E302103135001098E30210E6
S315600068403B3400101B34001009350010B864031087
S315600068502534001036750B1045340010A4E3021081
S31560006860F8B504000D0016001F0029892000FDF709
S315600068706BFD0021C6F80C14297851F08001317047
S315600068801421B1700021F1702989002811D0C068E7
S3156000689000280ED089B2091F012908D806980090F1
S315600068A03B00320029002000FDF772FD01E02E203A
S315600068B0B0700120F2BD0000AB49C8607047AA49BC
S315600068C0088110F0F00048817047A7490A894FF6A1
S315600068D00F7010408A7A12F0F00210F4406F00D008
S315600068E0502210430881704780B59F4A13894FF63E
S315600068F00F71084018431081FFF7E7FF01BD80B5AF
S31560006900994A13894FF60F71084033EA00001081E7
S31560006910FFF7DBFF01BD80B5C0B210F0F000924911
S315600069204881FFF7D2FF01BD38B51400012508780C
S3156000693050F0800020700020E0700020A070B1F957
S315600069400A00022802DB1520A0701EE00020B1F9C3
S315600069500A20012A01D1C8680078C0B2002802D096
S31560006960012808D00FE00CF031FD10F1010F01D1C4
S315600069702020A07009E00CF057FD10F1010F01D145
S315600069802020A07001E02020A07014F1080024F0FF
S31560006990C1FF280040B232BDFEB50400A568734E43
S315600069A00320019014F1140000903300C7220121E6
S315600069B02000FDF7FAFB0320019014F11600009009
S315600069C03300C72202212000FDF7EFFB0220019071
S315600069D014F1160000903300C72203212000FDF752
S315600069E0E4FB634F0020019000973300C722042127
S315600069F02000FDF7DAFB0020019000973300C722E4
S31560006A0005212000FDF7D1FB0320019015F11A0046
S31560006A1000903300C72206212000FDF7C6FB032045
S31560006A20019014F11A0000903300C722072120005C
S31560006A30FDF7BBFB4F4B504A01212800FDF745FC93
S31560006A404E4B4F4A0E212800FDF73FFCF7BD38B587
S31560006A5004000D002900207804F0C7F92900607849
S31560006A6004F0C3F931BDF0B587B046480690012001
S31560006A70059045480490012003900320029007206A
S31560006A800190072000900223072200213F480088DA
S31560006A90FDF793FA0400002C02D15FF0FF3061E04D
S31560006AA00121200001F05FF80500304E2E4F0320D3
S31560006AB0019000973300C72201212800FDF775FB7E
S31560006AC003200190B81C00903300C72202212800E1
S31560006AD0FDF76BFB03200190381D00903300C72241
S31560006AE003212800FDF761FB03200190B81D00908B
S31560006AF0274BA02204212800FDF757FB03200190B5
S31560006B0017F108000090234BD22205212800FDF7DB
S31560006B104CFB0320019017F10C0000901E4BC8221D
S31560006B2006212800FDF741FB0320019017F11000B4
S31560006B3000901A4BDA2207212800FDF736FB0F4B2F
S31560006B400F4A0E212000FDF7C0FB0A4B0A4A0121BD
S31560006B502000FDF7BAFB124B124A05212000FDF713
S31560006B60B4FB002007B0F0BD30D302103134001002
S31560006B70B21D0310E4E3021031350010F4E3021095
S31560006B80493300105159001008E40210B01D03107B
S31560006B90075A0010113400103B34001045340010C1
S31560006BA014E40210E158001038B504002000FFF725
S31560006BB073F8002810D12000FFF70EF9B0F5807F3A
S31560006BC00CD12000FFF74DF94FF47A61B0FBF1F17B
S31560006BD089B22000FFF702F9002032BD2000FFF7DE
S31560006BE040F905002000FFF7F7F84FF47A71B5FB1E
S31560006BF0F1F18142F0D240F21B10EEE70FF2A9717B
S31560006C00C0F8D8100FF63901C0F8DC100FF6CD01C8
S31560006C10C0F8E0100FF6BD11C0F8E41070472DE91A
S31560006C20F84306000F00DFF8F80A008800F092FFCC
S31560006C300021716B00F097FF0400002845D0B46511
S31560006C40062030850320B0633000FFF791F9804657
S31560006C505FF00009B16B89B22000FDF775FB040097
S31560006C60002C08D18822DFF8BC1ADFF8BC0A25F0B0
S31560006C7083FEAFF30080E0680088002801D101251B
S31560006C8000E000253000FFF71EF8012803D1B8F1B7
S31560006C90020819F10209B8F1010F06DBEDB2002D09
S31560006CA003D1B8F1040819F10409E0680088404589
S31560006CB009D0E068B0F9000019EB0009A7F8A490C4
S31560006CC040F2271003E0002001E04FF49570BDE824
S31560006CD0F2832DE9F04105000E00DFF8500A0468E2
S31560006CE037E02800FFF732F980463800FFF72EF9C3
S31560006CF05FFA88F8804544D12800FFF70EF9804690
S31560006D003800FFF70AF95FFA88F880453CD1280019
S31560006D10FEF7D9FF80463800FEF7D5FF4FFA88F8B0
S31560006D20804534D12800FEF7B7FF80463800FEF76D
S31560006D30B3FF4FFA88F880452CD12800FFF74CF84E
S31560006D4080463800FFF748F81FFA88F8804524D156
S31560006D506468002C24D02800FFF7B0F801281FD102
S31560006D60A768286A396A8842F2D12800FFF779F85D
S31560006D7080463800FFF775F88045B2D04FF48970C9
S31560006D804FE040F235104CE04FF49B7049E040F222
S31560006D90371046E04FF49C7043E040F2391040E013
S31560006DA0DFF87C09008800F0D5FE0021296A00F032
S31560006DB0DAFE0400002832D06C652800FFF7E0F8A0
S31560006DC007005FF0000803206862696A89B22000E4
S31560006DD0FDF7BAFA0400002C09D140F20712DFF879
S31560006DE04419DFF8440925F0C7FDAFF30080280099
S31560006DF0FEF769FF012802D1BF1E18F10208E0689C
S31560006E000088B84209D0E068B0F9000018EB0008C5
S31560006E10A6F8A6804FF4947003E0002001E040F2EB
S31560006E202B10BDE8F0812DE9F04106000D00002031
S31560006E3029003000FCF7F7FA0400002C01D101208C
S31560006E4071E02000FFF7B0FE28802888002801D076
S31560006E50012068E02000FFF7D1FE2000FFF7B2F8BE
S31560006E602000FFF723F880462000FFF727F8070089
S31560006E704046C0B200280DD13800C0B2002809D102
S31560006E8040F27112DFF89C18DFF8A40825F074FD53
S31560006E90AFF300800020A06500202085002060659B
S31560006EA00020E0825FFA88F8B8F1000F09D031005F
S31560006EB02000FFF7B4FE28802888002801D0012032
S31560006EC031E0FFB2002F09D031002000FFF701FF4B
S31560006ED028802888002801D0012024E0DFF85408A3
S31560006EE00068002808D0200000F0FCF92880288877
S31560006EF0002801D0012016E0200000F0B3FB060058
S31560006F003000C0B2002804D0002028803000C0B213
S31560006F1009E02000FEF7CFFC0022216A606B0CF0CE
S31560006F2014FA3000C0B2BDE8F081F8B584B006004E
S31560006F300C000025208B002801D1002503E0A08DE0
S31560006F40002800D101256846DFF8EC17102224F0EE
S31560006F505CE8DFF8E807006880B224F0C5FCADF8AD
S31560006F6002003000FEF7D9FF0200D2B26946002067
S31560006F7022F020F80700DFF8C8070068874202D1D0
S31560006F805FF0FF3031E016F1C0006946102224F050
S31560006F903CE800200190C6F8A8701426102006FB75
S31560006FA005F1611848834FF4004006FB05F161184E
S31560006FB00883BDF8020006FB05F16118C8830198D5
S31560006FC006FB05F1611808620821002206FB05F040
S31560006FD0201810F12407380024F08CE8022024F0F1
S31560006FE083FC754361198883002005B0F0BD38B510
S31560006FF004000D00DFF84407006880B224F074FCDA
S3156000700048F201012A8B8A4201D1E88B03E0AA8DFE
S315600070108A4200D1688E022184F8B1100021C4F83A
S31560007020B410A4F8B2002000FEF777FF0200D2B2D7
S3156000703014F1B001012021F0BDFFDFF804170968E3
S31560007040884201D1012002E0C4F8AC00002032BDC4
S31560007050F8B507000D00396A0120FCF7A7FB0400AC
S315600070600126DFF8D806006880B224F03DFC0100F6
S31560007070DFF8D026108B002812D1002648F20100D6
S31560007080142202FB06F3EB181B8B834203D002FB30
S3156000709006F16918C98B02FB06F2AA18108314E080
S315600070A0908D002811D1012648F20100142202FBBE
S315600070B006F3EB181B8B834203D002FB06F16918BB
S315600070C0C98B02FB06F2AA181083002C05D12A0090
S315600070D03900012000F047F844E0E068F86078780D
S315600070E0022809D1D4F8AC00C7F8AC00DFF8500626
S315600070F00068C4F8AC0004E0DFF844060068C7F82E
S31560007100AC001424102004FB06F2AA185083022057
S3156000711087F8B10004FB06F02818C18304FB06F06B
S315600071202818C08BA7F8B200DFF81C06006C04FBB9
S3156000713006F16918086204FB06F02818006AC7F8A9
S31560007140B4000821002204FB06F0281810F1240779
S31560007150380023F0D0EF022024F0C6FB6643A9195D
S3156000716088830020F2BD2DE9FF470D0016005FF011
S31560007170FF3217001100338BB3F5004F01D10021A8
S3156000718005E0B38DB3F5004F01D10121FFE748F269
S315600071900108338B434501D1002204E0B38D43459A
S315600071A001D10122FFE704002000C0B2002800D10F
S315600071B00F002000C0B2012800D1170017F1010F9F
S315600071C002D15FF0FF308AE05FF0140909FB07F037
S315600071D03018008B404526D1022024F085FB09FB40
S315600071E007F171188883DFF85405006880B224F0CF
S315600071F07BFB09FB07F17118C883DFF84C05006C4F
S3156000720009FB07F1711808620821002209FB07F0E3
S31560007210301810F1240A504623F06CEF102009FB59
S3156000722007F171184883022024F05EFB80B209FBE7
S3156000723007F17118B1F91C10884202D05FF0FF3077
S315600072404DE010210022EA46504623F054EF09FB38
S3156000725007F03018808B80B224F046FB8DF8010071
S3156000726009FB07F03018006A019009FB07F0301837
S31560007270C08BADF802002800FEF74FFE0200D2B2C6
S3156000728069462000C0B221F095FEDFF8B4140968A3
S31560007290884202D15FF0FF3021E02100C9B215EBD0
S315600072A08101C1F8A800E4B2002C0CD14FF4004073
S315600072B009FB07F7F119088315F1C000694610222A
S315600072C023F0A2EE0AE009FB07F7F019A0F8188090
S315600072D015F1B0006946102223F096EE002004B046
S315600072E0BDE8F087F8B50700DFF83404008800F0E1
S315600072F031FC0025F96C00F036FC0400DFF84C64C4
S31560007300306800284DD0002C09D140F2C522DFF844
S315600073101414DFF83C0425F02FFBAFF30080F86C03
S31560007320FCF7DCFA002830D003212000FDF70CF8CA
S315600073300400002C09D140F2CB22DFF8E813DFF815
S31560007340140425F019FBAFF30080E468002C09D122
S3156000735040F2CE22DFF8CC13DFF8FC0325F00CFBFD
S31560007360AFF3008020883168884202D04FF483757D
S3156000737017E03268DFF8BC030168606823F07CEED2
S3156000738000280ED04FF483750BE0326892B2DFF8B6
S31560007390A40301682000FCF7F1FB002801D040F24D
S315600073A02915280080B2F2BD70B505000222296A4F
S315600073B0686B0BF0CAFF00212800FEF71DFC280051
S315600073C0FEF747FC022804D02800FEF742FC03289B
S315600073D031D12800FEF772FD01282CD1DFF86063F9
S315600073E03068D5F8AC10884225D0286AFCF70BFACD
S315600073F00400002C1BD0D5F8AC00C4F8AC00306893
S31560007400C5F8AC00102215F1B00114F1B0063000D9
S3156000741023F0E8EDD5F89C00C4F89C00B5F8980018
S31560007420A4F89800D5E91801C4E9180103E004211D
S31560007430286AFCF70DFA280000F059F970BD0000C3
S3156000744038B504000122216A606B0BF07EFF0421CF
S315600074502000FEF7D1FBD4E91C01D4E91A23994236
S3156000746005D1904203D1BD492000FEF78DFA200078
S31560007470FEF724FD01282CD12000FEF7EAFB022846
S3156000748002D0032809D024E00321206AFCF7E0F942
S315600074900421206AFCF7DCF91BE0A94D2868D4F8C2
S315600074A0AC10884214D0206AFCF7ADF900280BD0E6
S315600074B0D4F8AC10C0F8AC102968C4F8AC10D4E9A4
S315600074C01823C0E9182303E00421206AFCF7C0F9F9
S315600074D0FFE704212000FEF78FFB31BD70B5ADF5E7
S315600074E0816D0400974E022030802000FEF7EBFB92
S315600074F0002804D02000FEF7E6FB012808D148F2F8
S315600075000200B0800820F080D4F89C00F06003E0B0
S31560007510A120B0800420F080E068B060B1203082A5
S31560007520606D4068C56800207082606D0BF029FF51
S31560007530002804D0B4F89800401CA4F898000020F5
S3156000754030830020B085684624F0E4F9694630004F
S3156000755001F0A8FA69467FF0010003F0EBFC288889
S3156000756070822000FEF7AFFB01280CD1708A801C68
S3156000757070826946708A03F046FC6946B4F89800E2
S3156000758003F041FC03E06946708A03F03CFC2A88FC
S315600075906968DDF80064300023F024EDDDF800044E
S315600075A029884018CDF80004DDF80404298810FA0B
S315600075B081F0CDF80404D4F89C00401CC4F89C000B
S315600075C06A46D4F8AC1014F1B00021F025FD0DF533
S315600075D0816D70BD2DE9F341050016000024280079
S315600075E0FEF771FB01280CD101A803F0B8FBB5F9D1
S315600075F09A10411A09B2012900DA0124A5F89A0005
S31560007600B61E300080B2002829D001A803F0CDFB59
S31560007610070001203840012803D16020FFF77BF97D
S3156000762002E07020FFF777F9DFF83481D8F80000C0
S31560007630B84202D038000BF03BFFC8F80070321F2A
S31560007640E4B2002C01D000200AE092B20199A86D44
S31560007650FCF794FA002802D05FF0FF3000E00020CB
S31560007660BDE8F6812DE9F04104000025354E200085
S31560007670FEF71CFC07002000FEF720FC8046380061
S31560007680C0B2012809D1320021000020FFF76BFD4E
S3156000769010F1010F0DD0012027E0FFB2022F08D1B3
S315600076A031002000FFF741FC10F1010F01D10120EC
S315600076B01BE04046C0B2012808D131002000FFF728
S315600076C0C7FC10F1010F0ED101200EE05FFA88F8B9
S315600076D0B8F1020F07D131002000FFF788FC0028BF
S315600076E001D0012001E02800C0B2BDE8F08138B5C4
S315600076F00400D4F8A80021F0A3FC114D2868C4F852
S31560007700A800D4F8AC0021F09BFC2868C4F8AC0053
S315600077102000FEF7DBF82000FEF7B8F931BD000067
S31560007720B41D03102CE402101CE40210286403103C
S31560007730ACE40210BC650310A0E502109CE50210E3
S3156000774098E50210F86503105CD30210C06503105B
S315600077504CE5021064E502107CE50210079C0010FF
S31560007760C465031038B504000D0029002000FCF73D
S3156000777083FE2900A01CFCF76AFE31BD2DE9F041AD
S3156000778005000E00170031892800FCF7DDFD0400B6
S31560007790B6F80880002C00F0A980207A000700F176
S315600077A0A580404680B2FDF746F9A968096A085C7B
S315600077B0414689B20822012391FBF2FC02FB1C11AF
S315600077C013FA01F1C0B2084200F08D80207A4006BB
S315600077D009D5A868006C002805D0327821002800F9
S315600077E0AB681B6C98471FFA88F8B8F1010F05D093
S315600077F068D3B8F1030F47D026D363E016F10C00C7
S3156000780003F0ADFA804616F10C0003F095FA01001C
S31560007810404680B2032802D00920B87013E011F008
S31560007820F80F02D00920B8700DE0E068002808D093
S31560007830E068E268921CA0F8008011700020B870C1
S3156000784001E01320B8703FE016F10C0003F087FAF0
S315600078500100080080B240F61162904202DB092006
S31560007860B87010E0080080B2052802DA0920B87006
S3156000787009E0E068002804D0E06801800020B87064
S3156000788001E01320B8701FE016F10C0003F054FA03
S3156000789001000800C0B2652802DB0920B87010E05C
S315600078A00800C0B2002802D10920B87009E0E0687B
S315600078B0002804D0E06801700020B87001E0132051
S315600078C0B87001E00E20B870207A000610D5A8685E
S315600078D0406C00280CD03278D2B221002800AB6808
S315600078E05B6C984704E00E20B87001E01420B87015
S315600078F00020F87017F1080024F00CF8307850F08A
S31560007900800038700120BDE8F08130B587B0002076
S3156000791000200690012005903548049001200390D0
S315600079200220029005200190052000900223072284
S31560007930002130480088FCF740FB0400002C02D18F
S315600079405FF0FF3051E02C4B2C4A0E212000FCF7F3
S31560007950BCFC2B4B2B4A10212000FCF7B6FC012106
S31560007960200000F000F90400274D97200190009553
S31560007970264B002201212000FCF717FC972001907E
S31560007980281D0090224BC72202212000FCF70DFC27
S3156000799097200190A81D00901E4BC622032120004F
S315600079A0FCF703FC0220019015F1080000901A4BC9
S315600079B0D22204212000FCF7F8FB1220019015F179
S315600079C00C000090154BC82205212000FCF7EDFB4A
S315600079D0022028800320A8701E20A8800120A8719C
S315600079E0012028810020E860002007B030BD00003B
S315600079F0B0E50210B61D0310C0E502104933001051
S31560007A00D4E5021035670010C86503101D670010C5
S31560007A103134001025340010113400103B3400104E
S31560007A20FEB50400A568DFF89C620320019014F19E
S31560007A30140000903300C72201212000FCF7B5FB3B
S31560007A400220019014F1160000903300C722022133
S31560007A502000FCF7AAFB0220019014F116000090AA
S31560007A603300C72203212000FCF79FFB964F0120BD
S31560007A70019000973300C72204212000FCF795FB94
S31560007A800120019000973300C72205212000FCF7F2
S31560007A908CFB0320019015F11A0000903300C72279
S31560007AA006212000FCF781FB0320019014F11A00E7
S31560007AB000903300C72207212000FCF776FB834B3A
S31560007AC0834A01212800FCF700FC824B824A0E2182
S31560007AD02800FCF7FAFBF7BD00B587B07F48069033
S31560007AE0012005907E4804900120039001200290B9
S31560007AF00020019000200090022307220721794888
S31560007B000088FCF75AFA002802D15FF0FF3005E0E2
S31560007B10704B714A0E21FCF7D8FB002007B000BD00
S31560007B2038B505007048046800E02468002C0FD062
S31560007B306068002806D18C226C496D4824F01CFFD1
S31560007B40AFF3008060680069A842EED1200000E0D3
S31560007B50002032BD80B5FFF7E3FF002801D0406802
S31560007B6000E0002002BD002909D0C06A00E0C068BC
S31560007B70002803D002688A42F9D100E000207047ED
S31560007B8038B50400584D00E02D6828680028FBD100
S31560007B900821012021F092F828602868002802D187
S31560007BA05FF0FF3005E028684460002029680860BF
S31560007BB0002032BD2DE9FC4115001F005FF0010871
S31560007BC000220022ADF804204A4E01AB320009B211
S31560007BD000F04DF80100C0B2002813D0A970BDF8BE
S31560007BE00400002802D10020E87004E00120E8705B
S31560007BF0BDF80400A88000206870307850F08000DE
S31560007C00287030E0B088FFF78BFF0400002C0AD1A3
S31560007C100520A8700020E87000206870307850F069
S31560007C20800028701FE0002068706068002807D117
S31560007C304FF484722D49304824F09EFEAFF30080E5
S31560007C40089800903B002A0031006068FCF707F94D
S31560007C50804640465FF0FF3140B2884203D04046DE
S31560007C6040B20028FFD0404640B2BDE8F68131B54B
S31560007C7082B0140000208DF8000002980078207011
S31560007C800298401C02904D1E6A4602A9A01CFCF791
S31560007C9077FD01009DF80000002802D09DF80000E5
S31560007CA00EE0002901D504200AE00298E0606D1A12
S31560007CB06581B4F90A00002801D5262000E000207D
S31560007CC03EBD000031340010B81D0310F8E5021007
S31560007CD03135001008E6021049330010D9690010EA
S31560007CE01CE60210BA1D0310E865031044E6021094
S31560007CF02CE60210D8650310C4E602102DE9F041A7
S31560007D0005000E00170031892800FCF71DFB0400F2
S31560007D10B6F80880404680B2FCF78DFEA968096A0D
S31560007D20085C002C3FD01FFA88F80821012298FBD6
S31560007D30F1F301FB138812FA08F8C0B210EA080FD3
S31560007D4031D016F10C0002F0F7FF80464046C0B213
S31560007D50402825D2E06800281FD0207A400609D541
S31560007D60A868006C002805D0327821002800AB682E
S31560007D701B6C9847E06880F80080207A000609D579
S31560007D80A868406C002805D0327821002800AB68CE
S31560007D905B6C98470020B87007E01320B87004E069
S31560007DA00920B87001E01420B8700020F87017F14F
S31560007DB0080023F0AFFD307850F080003870012065
S31560007DC0BDE8F081C0B2002805D0022809D005D3ED
S31560007DD0032809D00BE0524840790AE05048007900
S31560007DE007E04F48C07804E04D48807801E04C4891
S31560007DF08079C0B27047F0B587B000200020069049
S31560007E0001200590474804900120039002200290CB
S31560007E10082001900820009002230722072142488B
S31560007E200088FCF7CAF80400002802D15FF0FF3032
S31560007E3062E001212000FFF796FE05003B4E3C4FB5
S31560007E400020019000973300C62201212800FCF72C
S31560007E50ACF900200190781C00903300C622022104
S31560007E602800FCF7A2F900200190B81C00903300AE
S31560007E70C62203212800FCF798F986200190F81C99
S31560007E8000903300C62204212800FCF78EF9862074
S31560007E900190381D00903300C62205212800FCF7AA
S31560007EA084F986200190781D00903300C622062151
S31560007EB02800FCF77AF986200190B81D00903300FF
S31560007EC0C62207212800FCF770F986200190F81D6C
S31560007ED000903300C62208212800FCF766F9154B8E
S31560007EE0154A0E212000FCF7F0F9144B144A1021B4
S31560007EF02000FCF7EAF9002007B0F0BD80B508481D
S31560007F001049072223F06EE801BD80B508480021BC
S31560007F100170401C0C49072223F064E801BD000093
S31560007F2054D30210E8E60210BC1D0310253400107D
S31560007F304CD30210FCE602104933001010E7021021
S31560007F40B56C00104DD3021028E7021038B5040056
S31560007F500D00206823F0D0FC290002F067FF6068FE
S31560007F6023F0CAFC290002F061FFA06823F0C4FC7C
S31560007F70290002F05BFFE06823F0BEFC290002F0F6
S31560007F8055FF206923F0B8FC290002F04FFF290055
S31560007F9014F11400FCF796FA31BD38B50C00DFF821
S31560007FA01054210015F13C00FCF760FA210015F130
S31560007FB03D00FCF75BFA210015F13E00FCF75CFA28
S31560007FC0286C23F099FC009021006846FCF759FA6A
S31560007FD031BD80B50A000621002002F0BFFF01BD59
S31560007FE01FB50C00DFF8CC23D2E90001CDE9020110
S31560007FF0DFF8C423D2E90001CDE900012100DFF8F2
S31560008000BC03FCF733FA210002A8FCF785FA2100CD
S315600080106846FCF781FA1FBD2DE9F84189B0050075
S315600080200E00170031892800FCF78EF90400B6F8B7
S315600080300880002C00F0CF80207A000700F1CB800A
S31560008040404680B2FCF7F7FCA968096A085C4146BD
S3156000805089B20822012391FBF2FC02FB1C1113FA80
S3156000806001F1C0B2084200F0B380207A400609D51B
S31560008070A868006C002805D0327821002800AB681B
S315600080801B6C98471FFA88F8B8F1030F09D0B8F14E
S315600080900A0F29D0B8F10B0F3DD0B8F10D0F68D09B
S315600080A080E016F10C0002F080FE0100DFF810237C
S315600080B010680840032804D2106831EA00000028DE
S315600080C002D00920B8700EE0E068002809D0E368A5
S315600080D01268BC4800680243114019600020B870FD
S315600080E001E01320B8705FE016F10C0002F024FE88
S315600080F001000800C0B2022802DB0920B87009E05E
S31560008100E068002804D0E06801700020B87001E0E3
S315600081101320B87048E023210022E846404622F04A
S31560008120EAEFB6F90A00232802DA1320B8701FE0D6
S31560008130B6F90A00242802DB1520B87018E023225D
S31560008140F168684622F098EF002802D00920B870DE
S315600081500EE0E068002809D023210022D4F80C80C4
S31560008160404622F0C8EF0020B87001E01320B870D6
S315600081701AE016F10C0002F0F2FD0100080080B270
S3156000818040F61162904202DB0920B87009E0E068AF
S31560008190002804D0E06801800020B87001E0132058
S315600081A0B87001E00E20B870207A000615D5A86870
S315600081B0406C002811D03278B878002801D052F08F
S315600081C08002D2B221002800AB685B6C984704E05D
S315600081D00E20B87001E01420B8700020F87017F116
S315600081E0080023F097FB307850F08000387001204B
S315600081F00AB0BDE8F0812DE9F84187B00020002083
S315600082000690042005907048049001200390032096
S3156000821002900D2001900D2000900223072200217C
S315600082206A480088FBF7C9FE0400002802D15FF0A7
S31560008230FF30A4E001212000FFF795FC0500644FA4
S315600082405B4E0320019000963B00D322012128005B
S31560008250FBF7ABFF03200190301D00903B00D3225B
S3156000826002212800FBF7A1FF8320019016F1080088
S3156000827000903B00D32203212800FBF796FF0320E2
S31560008280019016F10C000090524BDC22042128006C
S31560008290FBF78BFF8320019016F1140000904E4B84
S315600082A0A12205212800FBF780FF8320019016F1AB
S315600082B030000090494BD02206212800FBF775FF5D
S315600082C0474F082001900097464B0022072128005F
S315600082D0FBF76BFF0320019016F138000090424BCC
S315600082E0C62208212800FBF760FF0320019016F1E3
S315600082F03C0000903D4B002209212800FBF755FF0A
S31560008300DFF8EC808720019016F144000090434628
S31560008310C1220A212800FBF748FF8720019016F149
S3156000832045000090334BC1220B212800FBF73DFF2F
S315600083300820019000974346C1220C212800FBF7D4
S3156000834034FF8720019016F1680000902A4BC722FF
S315600083500D212800FBF729FF284B294A0E21200012
S31560008360FBF7B3FF274B284A01212000FBF7ADFF3F
S31560008370264B274A10212000FBF7A7FF002008B0F4
S31560008380BDE8F08138B50400606923F0B5FA0500F0
S31560008390A06923F0B1FA85436D1EAD05AD0D1D488C
S315600083A0006810EB451023F0A7FA206431BD000089
S315600083B05CD3021094E702109CE70210A1D302106E
S315600083C08CE7021090E7021030E70210BE1D031022
S315600083D01B34001001350010056F00107D3400104D
S315600083E037750B108B6F001025340010536F00101B
S315600083F0FD330010996F00103134001044E702100D
S315600084004933001058E702103135001068E7021052
S31560008410D16F0010A4E7021038B504004FF48261F2
S3156000842000222500280022F066EE14F1080023F0F1
S3156000843071FA31BDF0B5ADF5806D85B004000E0002
S3156000844015005FF0FF3001A8FFF7E6FFDFF844761E
S315600084503A006188E06900F0DBF8010008005FF02F
S31560008460FF3249B291423DD00120B888002831D10F
S31560008470388AB22825D160680090330001AA798ACB
S315600084807869FFF797FB01005FF0FF3249B29142CE
S3156000849028D0280002F0A2F82A00390001A800F0CE
S315600084A05CFAD5F80064C5F800540095002362684C
S315600084B0D5F80414200002F097F8C5F8006401208E
S315600084C010E00095032362680021200002F08CF81A
S315600084D0012007E00095032362680021200002F076
S315600084E083F8012040B20DF5806D05B0F0BD2DE931
S315600084F0F041ADF5836D060088461500DFF894758A
S315600085003A007188F06900F083F85FF0FF3140B29D
S31560008510884271D05FF0FF30B888A1286CD1B86806
S31560008520FCF7C3FE0400002C65D02000FDF76BFC51
S31560008530388AB1285ED17869019001A802F00FFCF3
S31560008540F860B4F89A00F96888421BD14FF48162EA
S3156000855014F1E8012C00200022F044EDC5F8005427
S31560008560D5F804041838C5F8040400950023726829
S31560008570D5F80414300002F037F80198C5F8000405
S31560008580012041E0F868A4F89A002000FDF73BFC62
S3156000859002A8FFF741FF70680090434602AA798AF5
S315600085A0891E0198FFF706FB5FF0FF3140B28842F3
S315600085B022D0E068B860280002F010F82A0039007E
S315600085C002A800F0CAF9D5F80074C5F80054009501
S315600085D000237268D5F80414300002F005F8C5F877
S315600085E000744FF481622900E834200022F0FAEC2E
S315600085F0012001E000E0FFE7D5F80404002801D07F
S31560008600012000E0002040B20DF5836DBDE8F081E9
S315600086102DE9F1430C001500002028830020A88571
S315600086200026684602F09BFB2880B61C2888002836
S3156000863018D0684602F093FBA880684602F08FFB6C
S31560008640E880361DE888042804DB684602F0ADFB46
S31560008650A860361DE888082804D1684602F0A5FBA4
S31560008660E860361D2888022879DB684602F077FBC9
S315600086702882684602F073FB688200986861688A9F
S315600086803018001D84420BD30098698A4018009008
S31560008690688A001D86192888871E5FF000081DE01D
S315600086A05FF0FF3070E0002009FB08F915EB090167
S315600086B008830098801E00900EE009FB08F1691897
S315600086C00918009A127881F824200099491C0091B3
S315600086D0401C0828F1D3123618F101083800C0B2E0
S315600086E0032801DB022001E03800C0B2804536D2A3
S315600086F05FF01409684602F027FB09FB08F1691868
S315600087000883B61C09FB08F02818008BB0F5004FEB
S3156000871007D009FB08F02818008B48F2010188424F
S31560008720C1D1684602F010FB09FB08F1691848835D
S31560008730684602F009FB09FB08F1691888836846F8
S3156000874002F002FB09FB08F16918C883684602F06B
S315600087502CFB09FB08F1691808620020B9E7288834
S31560008760042806DA0020A8852888032801DA002074
S315600087702883A64201D1002006E02888032801DB71
S31560008780002001E05FF0FF30BDE8F28310B5040021
S315600087902100002002F037FB2100002002F033FBAD
S315600087A010BD38B504000D002900A12002F02BFB96
S315600087B02900042002F027FB2900A06802F036FB9E
S315600087C031BD38B504000D00290048F2020002F000
S315600087D01AFB2900B048006880B202F014FB290039
S315600087E0A06802F023FB2900E06802F01FFB31BDA0
S315600087F080B5008802F007FB01BD80B5008A02F0F3
S3156000880002FB01BD80B5408A02F0FDFA01BD70B57C
S3156000881004000D00628A6169D5F80064300022F0B8
S31560008820E2EBD5F80004618A4018C5F80004D5F873
S315600088300404618A4018C5F8040470BD80B5D0F898
S315600088400C24C07880B212EB4002921D100080B2F8
S3156000885002F0D9FA01BD80B5C06880B202F0D3FAE1
S3156000886001BD80B5007802F0C0FA01BD80B54078E0
S3156000887002F0BBFA01BD80B5807802F0B6FA01BDA0
S3156000888080B5C07802F0B1FA01BD70B504000D0084
S31560008890002606E0290014EB4600808802F0B3FA51
S315600088A0761CE078864201D2022EF3D370BD38B5CD
S315600088B004000D0029002000FFF7E2FF29002000D8
S315600088C0FFF7E3FF31BD80B5D0F80C24C07880B2E5
S315600088D012EB4002121D100080B202F094FA01BD44
S315600088E070B505000C00D5F80C2415F10801D4F814
S315600088F00064300022F076EBD4F80004D5F80C144E
S315600089004018C4F80004D4F80414D5F80C044118CF
S31560008910C4F8041470BD70B504000D001600002C78
S3156000892009D0012C07D040F24A225C495C4824F009
S3156000893023F8AFF300803100142044432819008BDC
S3156000894002F061FA70BD80B50B001100142250432D
S315600089501818408B02F057FA01BD2DE9F04104006A
S315600089600D001600002C07D03100002002F05EFAE0
S315600089703100002002F047FA31002800FFF738FF87
S31560008980A888002806D0A1281FD048F20201884294
S3156000899020D024E03000FFF7F9FE288AB22802D002
S315600089A0288AB12843D1002C35D031002800FFF742
S315600089B024FF288AB12815D131002000FFF73EFF39
S315600089C031003448FFF747FF10E031002800FFF719
S315600089D0E8FEE2E731002800FFF7F3FEDDE75FF02F
S315600089E0FF3054E031002000FFF76DFF31002000BA
S315600089F0FFF737FF31002000FFF738FF3100200016
S31560008A00FFF739FF31002000FFF751FF31002000EA
S31560008A10FFF766FF0BE031002800FFF7EEFE31003E
S31560008A202800FFF7EFFE31002800FFF7F0FE4FF455
S31560008A30004425E07F1C022F21DA5FF0140808FB52
S31560008A4007F02818008BA042F4D1320029003800C4
S31560008A50FFF761FF320029003800FFF774FF32002C
S31560008A6008FB07F02818016A08FB07F7E819C08BAE
S31560008A7002F0F8F932000821002002F06FFA641C57
S31560008A8048F20200844201DA0027D4E70020BDE8FC
S31560008A90F0810000F86503106CE80210F4E702103C
S31560008AA0D0E7021080B50A0001000020FFF755FFED
S31560008AB001BD000070B5DFF8984A207800282AD1F9
S31560008AC0DFF8905A2868002804D0002023F0C5FEFD
S31560008AD023F087FE1DF059FA28602868002802D125
S31560008AE05FF0FF301BE02868407A50F0200029686C
S31560008AF04872DFF8646A4422310028681DF08DF9F7
S31560008B004322310028681DF0E7F90022DFF87C1B5C
S31560008B1028681DF018FA2078401C2070002070BD6F
S31560008B2010B5DFF82C4A2078002804D1002023F005
S31560008B3094FE23F056FE2078401E20702078002890
S31560008B4006D1DFF8104A20681DF002FA0020206086
S31560008B5010BD10B50400A06A0C2100F009FEDFF814
S31560008B60F8190B000A00200009F069FF200000F0E8
S31560008B70E8FA10BD38B50400A56AC9B2002903D069
S31560008B80022914D004D31DE0200000F058FB19E040
S31560008B900C21280000F0ECFD42F2107080B200F269
S31560008BA0F3104FF4FA7190FBF1F028810AE0DFF8D8
S31560008BB0A82913001100200009F041FF200000F0F1
S31560008BC07BFAFFE731BD38B50400A56A08212800A5
S31560008BD000F0CEFDEA6915F134012000F8F7EEFAEF
S31560008BE031BD70B504000D00A66ADFF8700B8078A1
S31560008BF000280CD000203081DFF8640B806822F0FA
S31560008C007BFEB0612869F061200000F001F870BD5C
S31560008C102DE9FF410400002C02D17FF00F00B4E083
S31560008C20A56A002D02D17FF00500AEE00121280083
S31560008C3000F09EFD02AB03222900200001F09FF8A0
S31560008C400600002E00F0828077680223392217F131
S31560008C50F001BDF8080000F096FDADF80800228F1F
S31560008C6017F1F001BDF8080000F0BDFDADF8080091
S31560008C700423322217F1F001BDF8080000F083FDED
S31560008C80ADF80800E86922F037FE020017F1F0013E
S31560008C90BDF8080000F0C3FDADF8080004233622D5
S31560008CA017F1F001BDF8080000F06DFDADF80800A1
S31560008CB0A86922F021FE020017F1F001BDF8080054
S31560008CC000F0ADFDADF808000423372217F1F0017E
S31560008CD0BDF8080000F057FDADF808005FF0000829
S31560008CE00EE0DFF8800A4146C9B2425C17F1F00136
S31560008CF0BDF8080000F063FDADF8080018F1010842
S31560008D004046C0B20428ECD3220017F1F001BDF84A
S31560008D10080000F0ABFDADF80800320017F1F00175
S31560008D20BDF8080001F0C6F8DFF82C080190009441
S31560008D304323DFF8342A3100DFF8180800681CF096
S31560008D40ACFF040030000BF0B2F901E05FF0FF34D5
S31560008D50A879FF2802D0A879401CA871A8790628AE
S31560008D6004DA012195F90600814000E03C214FF4C8
S31560008D707A7011FB00F080B200F2F3104FF4FA71D2
S31560008D8090FBF1F02881200040B204B0BDE8F0818C
S31560008D9010B5DFF8D809046819E0C189002915D033
S31560008DA0C1894A1EC28189B201290FD1200000F013
S31560008DB070F80BE0018A0029EFD0018A4A1E028210
S31560008DC089B20129E9D1200000F080F82468002CDE
S31560008DD016D0A06A0028F9D041790029F6D0818A98
S31560008DE00029E7D0418A491C4182418A828A9142A0
S31560008DF0E0D1200000F04CFC200000F0E4F8E5E74C
S31560008E0010BD10B5DFF86409046813E00189012913
S31560008E100FD10189491E0181200000F00EF808E09B
S31560008E20A06A002805D001890229EFDB0189491E65
S31560008E3001812468002CF3D110BD10B50400A06A2E
S31560008E4041790C2902D04179062903D1200000F02E
S31560008E5078F91DE0417901290DD18079062803DA78
S31560008E602000FFF7D5FE13E0200000F011FC200083
S31560008E7000F0A9F80CE04179032909D1807902282C
S31560008E8003DA200000F06AFB02E0200000F059F9E6
S31560008E9010BD10B5846A6179012905D061790A2906
S31560008EA002D06179052910D100F04CFAA189608A57
S31560008EB0091A022091FBF0F0012806DBA189608A7D
S31560008EC0091A022091FBF0F0E08110BD10B5846AAA
S31560008ED06179012908D061790A2905D06179052966
S31560008EE002D06179042910D100F0AFFAA18A608AB4
S31560008EF0091A022091FBF0F0012806DBA18A608A3C
S31560008F00091A022091FBF0F0208210BD38B5856AFF
S31560008F100020286200206862DFF84048E078002878
S31560008F2003D0DFF83C08C068A8622079002804D026
S31560008F30DFF82C080069E86202E0A86A4008E86287
S31560008F406079002804D0DFF818084069286304E0D7
S31560008F50AA6A07204243D2082A630869E861A079B1
S31560008F60002808D0DFF8F807806922F0C5FC28627F
S31560008F700120E87101E00020E871E079002805D061
S31560008F80DFF8DC07C06922F0B7FC686200250FE0F5
S31560008F90DFF8CC072900C9B210EB8100006A22F025
S31560008FA0ABFC009069462800C0B200F0BAFF6D1CA9
S31560008FB02800C0B2022805DA2800C0B22018007A5C
S31560008FC00028E5D131BD70B50500002D02D17FF0D6
S31560008FD00F004EE095F84100C00702D47FF00F0005
S31560008FE047E0AC6A288FB0F5107F02DA5FF0FF3099
S31560008FF03FE0002C0AD1702009F040FA0400002CF2
S3156000900002D15FF0FF3034E0AC6204E020790028E2
S3156000901001D0FFF785FD702100222600300022F086
S315600090206AE8DFF84C2C14F134012800F8F7A8F848
S31560009030FFF740FD002802D05FF0FF3019E0012005
S31560009040207195F84100400705D40221200000F008
S315600090508FFB00200DE0280000F073F8010049B294
S31560009060002905D0280000F013FB5FF0FF3000E018
S3156000907040B270BD38B50500AC6A002C1BD0607973
S3156000908000280AD0C01E022801D9C01F06D10020C0
S31560009090A071280000F062FA0DE00CE060790D28FE
S315600090A004DB002023F0D9FB23F09BFB0020A0719A
S315600090B0280000F046F831BDFEB50500AF6A0C2108
S315600090C0380000F055FB02AB04223900280000F09E
S315600090D056FE0400002C2FD066680423322216F157
S315600090E0F001BDF8080000F04EFBADF80800F86925
S315600090F022F002FC020016F1F001BDF8080000F053
S315600091008EFBADF80800220016F1F001BDF80800EC
S3156000911000F0D0FEDFF84004019000954323DFF8AD
S3156000912048262100DFF82C0400681CF0B6FD050017
S3156000913020000AF0BCFF01E05FF0FF35280040B276
S31560009140FEBD2DE9FE430500AE6A00270020F061F2
S315600091500621300000F00CFB02AB01223100280032
S3156000916000F00DFE0400002C4AD0D4F804800223DF
S31560009170392218F1F001BDF8080000F004FBADF8E3
S3156000918008002A8F18F1F001BDF8080000F02BFBEB
S31560009190ADF808000423372218F1F001BDF8080085
S315600091A000F0F1FAADF808005FF000090EE0DFF8B4
S315600091B0B4054946C9B2425C18F1F001BDF8080031
S315600091C000F0FDFAADF8080019F101094846C0B291
S315600091D00428ECD3220018F1F001BDF8080000F075
S315600091E069FEDFF87403019000954323DFF8782564
S315600091F02100D84800681CF050FD20000AF057FF97
S31560009200B079FF2802D0B079401CB071B0790628D9
S3156000921004DA012196F90600814000E03C214FF412
S315600092207A7011FB00F080B200F2F3104FF4FA711D
S3156000923090FBF1F03081380040B2BDE8FE833EB568
S315600092400400002C7DD0A56A002D7AD000206882AB
S31560009250A86A10F1010F0FD0A86A1E303C21B0FB3E
S31560009260F1F0B0F5803F01D34FF6FF70A882A88A6F
S31560009270002801D10120A882E86A10F1010F11D0FF
S31560009280E86A1E303C21B0FBF1F0B0F5803F01D3B7
S315600092904FF6FF7068816889002801D101206881D6
S315600092A06889E881286B10F1010F11D0286B1E3098
S315600092B03C21B0FBF1F0B0F5803F01D34FF6FF7073
S315600092C0A881A889002801D10120A881A8892882BF
S315600092D06889A989884204D3A889002801D000201A
S315600092E06881E879002802D0286A019011E0287F19
S315600092F00100C9B2802902DAFF20019009E0C0B2FC
S31560009300C02803DB7FF07F40019002E04FF6FF70DC
S315600093100190686A00900098002807D1E969019871
S3156000932001400091009850F0807000900A2128005A
S3156000933000F01EFA6B4601AA15F11C01200009F027
S315600093407EFB37BD2DE9FC410500AE6A0521300084
S3156000935000F00EFA01AB03223100280000F00FFD89
S315600093600400002C52D067680223392217F1F001FD
S31560009370BDF8040000F007FAADF804002A8F17F173
S31560009380F001BDF8040000F02EFAADF804000423E5
S31560009390372217F1F001BDF8040000F0F4F9ADF8DA
S315600093A004005FF000080EE0DFF8B8034146C9B27A
S315600093B0425C17F1F001BDF8040000F000FAADF868
S315600093C0040018F101084046C0B20428ECD32A0014
S315600093D017F1F001BDF8040000F048FAADF804009A
S315600093E0220017F1F001BDF8040000F063FD00955E
S315600093F0432316F118022100DFF89C0A00681CF06E
S315600094001CFC050020000AF052FE01E05FF0FF350B
S31560009410B079FF2802D0B079401CB071B0790A28C3
S3156000942005DAB0794FF4FA6110FB01F001E044F619
S31560009430206080B200F2F3104FF4FA7190FBF1F005
S315600094403081280040B2BDE8F6812DE9FC41050077
S31560009450AE6A0421300000F08BF901AB03223100C3
S31560009460280000F08CFC0400002C50D067680223B2
S31560009470392217F1F001BDF8040000F084F9ADF867
S3156000948004002A8F17F1F001BDF8040000F0ABF973
S31560009490ADF804000423372217F1F001BDF804008B
S315600094A000F071F9ADF804005FF000080DE0AD481A
S315600094B04146C9B2425C17F1F001BDF8040000F004
S315600094C07EF9ADF8040018F101084046C0B20428E0
S315600094D0EDD32A0017F1F001BDF8040000F0C6F9DB
S315600094E0ADF80400220017F1F001BDF8040000F0A9
S315600094F0E1FC009543239C4A2100DFF89C09006843
S315600095001CF09BFB050020000AF0D1FD01E05FF036
S31560009510FF35B079FF2802D0B079401CB071B079C0
S315600095200A2805DAB0794FF47A7110FB01F001E090
S3156000953042F2107080B200F2F3104FF4FA7190FBB1
S31560009540F1F03081280040B2BDE8F68100000000ED
S3156000955038750B106C660310E0EA02102DE9FC41C9
S315600095600500AE6A0321300000F002F901AB032268
S315600095703100280000F003FC0400002C67D0676807
S315600095800223392217F1F001BDF8040000F0FBF860
S31560009590ADF804004FF4107217F1F001BDF8040045
S315600095A000F021F9ADF804000423322217F1F0012E
S315600095B0BDF8040000F0E7F8ADF80400F06922F0A9
S315600095C09BF9020017F1F001BDF8040000F027F9DD
S315600095D0ADF804000423372217F1F001BDF804004A
S315600095E000F0D1F8ADF804005FF000080DE05D48CA
S315600095F04146C9B2425C17F1F001BDF8040000F0C3
S31560009600DEF8ADF8040018F101084046C0B204283F
S31560009610EDD32A0017F1F001BDF8040000F026F939
S31560009620ADF80400220017F1F001BDF8040000F067
S3156000963041FC009543234C4A2100DFF85C08006832
S315600096401CF0FBFA050020000AF031FD01E05FF036
S31560009650FF35B079FF2802D0B079401CB071B0797F
S315600096600A2805DAB0794FF47A7110FB01F001E04F
S3156000967042F2107080B200F2F3104FF4FA7190FB70
S31560009680F1F03081280040B2BDE8F6812D8C0010E3
S31560009690FEB50600B46A002C5FD0607900285CD005
S315600096A0A06902900020A0610020E0610020206295
S315600096B00020606200202063E062A0620020A08239
S315600096C060822082E081300000F013FC002839D0EF
S315600096D001AB07222100300000F051FB0500002D90
S315600096E029D06F680423362217F1F001BDF8040013
S315600096F000F049F8ADF80400029822F0FDF8020087
S3156000970017F1F001BDF8040000F089F8ADF8040027
S315600097102A0017F1F001BDF8040000F0CBFB0096BB
S31560009720432302AA2900DFF8700700681CF085FA57
S3156000973028000AF0BCFCDFF864170B000A00300052
S3156000974009F07DF90021200000F012F82079002848
S3156000975003D0FFF7E5F900202071F7BD60660310BE
S3156000976038660310C8D30210E4EA021024610B10B5
S315600097700A004379D2B29A4204D0417100218171C4
S31560009780002101817047F8B504000D0016001F0026
S315600097903800C0B210FA84F0801C452804D300203B
S315600097A023F05BF823F01DF8200080B22E54641C71
S315600097B0200080B22F54641C200080B2F2BD70B5C8
S315600097C004000D001600200080B2442804D3002057
S315600097D023F043F823F005F8200080B22E54641C71
S315600097E0200080B270BD70B504000D001600200028
S315600097F080B2801C452804D3002023F02EF822F086
S31560009800F0FF300080B2000A210089B26854641CFF
S31560009810200080B22E54641C200080B270BD70B5EA
S3156000982004000D001600200080B2001D452804D3F8
S31560009830002023F012F822F0D4FF3000000E210041
S3156000984089B26854641C3000000C210089B26854E7
S31560009850641C3000000A210089B26854641C200030
S3156000986080B22E54641C200080B270BD2DE9F04198
S3156000987005000E001700786B002833D0786B21F056
S315600098800CED0400002C2DD07F6BA8461FFA88F8DB
S31560009890D8F14108A04504D2002022F0DEFF22F074
S315600098A0A0FF444500D34446B4F5807F04D300202E
S315600098B022F0D3FF22F095FF2300DBB20C223100A9
S315600098C0280080B2FFF75FFF050007E03A783100B5
S315600098D0280080B2FFF773FF05007F1C2000441E3E
S315600098E00028F3D1280080B2BDE8F0812DE9F14F60
S315600098F084B00020029000250A2100200090DFF845
S31560009900A045009A200021F0F6EB049840892C28A7
S3156000991002D27FF00100A7E1049840685FF0F0088A
S315600099200498018904E0002002905FF06C08EC2145
S31560009930049CADF8028005E06089B8EB0008608998
S31560009940091A2468002C04D04046628980B290428D
S31560009950F2D2002C02D17FF0010085E1ADF8001053
S315600099606068039001E060680390002C00F05A8103
S315600099704046BDF8001080B2884280F0538103985B
S31560009980414689B2405CFF2800F04C81039841460D
S3156000999089B2415C00205FF0FF3618F1020738009B
S315600099A0424680B292B2904202D27FF001005BE101
S315600099B0404680B2401C6289904205DA039842466E
S315600099C092B28018407807E02068002803D02068AB
S315600099D04068007800E0002081460A00D2B2002A82
S315600099E012D0012A13D0032A1AD0062A25D0332A88
S315600099F03CD0342A43D0352A51D0362A58D03A2A18
S31560009A005FD03B2A66D06EE0002081466DE00200A2
S31560009A10D2B2042A02D07FF0050025E1062664E072
S31560009A205FF0040902004B46D2B2DBB29A4202D220
S31560009A307FF0050018E1072657E010F0030F02D00B
S31560009A407FF0050010E10200D2B2082A01DA8146F1
S31560009A5001E05FF0080902004B46D2B2DBB29A42DF
S31560009A6002D27FF00500FFE008263EE00200D2B297
S31560009A70042A02D07FF00500F6E0032635E00200F6
S31560009A80D2B2012A02D07FF00500EDE0BDF80220D7
S31560009A90F02A02D07FF00500E6E0002625E002000D
S31560009AA0D2B2012A02D07FF00500DDE001261CE07B
S31560009AB00200D2B2042A02D07FF00500D4E002266A
S31560009AC013E00200D2B2042A02D07FF00500CBE098
S31560009AD004260AE00200D2B2042A02D07FF0050012
S31560009AE0C2E0052601E05FF00009C9B2002902D193
S31560009AF018F1010877E00100C9B211FA88F1891CF2
S31560009B00B1F5803F02DB7FF00100ADE058FA80F8E6
S31560009B1018F102084846C0B2002864D000200190BF
S31560009B201AE04846C0B2052842DB19F0030F39D166
S31560009B3001200AF80600019821F0DEFEDFF86413C2
S31560009B4041F82600B9F10409381D010089B2BFB297
S31560009B50B9422AD30700761C0A2E04D3002022F0CD
S31560009B607CFE22F03EFEDFF838A31AF806000028D5
S31560009B7039D14846C0B2042803DACB465FFA8BFB7C
S31560009B8001E05FF0040B3B009BB25A4692B201A91A
S31560009B9020000AF0A5FB1FFA8BFB5845C1D07FF069
S31560009BA0010061E07FF005005EE07FF001005BE0B0
S31560009BB04846C0B2042804D1019821F09DFE019068
S31560009BC00AE05FFA89F9B9F1010F02D07FF005006A
S31560009BD04AE09DF80400019001200AF80600019809
S31560009BE0B04941F826004046618980B28842FFF458
S31560009BF0BCAE6089B8EB0008BDF800106089091A30
S31560009C00ADF800104046BDF8001080B2884206D21A
S31560009C102468002C7FF4A7AE7FF0050024E07FF077
S31560009C20010021E09E490878002811D09D4800680F
S31560009C3000220A70012802D10120029008E0022861
S31560009C4001D1012504E0032802D1012501200290FB
S31560009C50029800287FF467AE002D04D000255FF0DF
S31560009C602C086C2164E6002005B0BDE8F08F00008A
S31560009C702D7B001070B515008B484668B46A69681C
S31560009C80002C02D02079002800D174E068892C2845
S31560009C9071DB087802286ED1002000E0401C0200CB
S31560009CA096F84030D2B29A420FD20200D2B2062A59
S31560009CB00BD20200D2B2B21892F83A200300DBB29D
S31560009CC0CB181B7F9A42E9D055E0486821F014FE14
S31560009CD0216888424FD121002800FFF707FE00283F
S31560009CE049D16F484078002845D069686D4840681A
S31560009CF00200D2B2052A21D16079012802D06079AA
S31560009D0003280ED13000FFF701F996F841000007ED
S31560009D1003D53000FEF757FF2DE03000FFF78FFACE
S31560009D2029E06079042802D06079052823D13000C3
S31560009D30FFF7ECF83000FFF782FA1CE00200D2B2BF
S31560009D40062A0FD16279032A08D06279012A05D0E2
S31560009D506279042A02D06279052A03D13000FEF7BF
S31560009D60F8FE08E0C0B2022805D16079062802D163
S31560009D703000FEF736FF28000AF099F970BD2DE92C
S31560009D80F04704000D0090461E00002C01D1002013
S31560009D9080E0002D01D100207CE04FF420724FF46A
S31560009DA09A71362009F0B9FF0700002F01D1002013
S31560009DB070E07889B0F59A7F04D2002022F04DFDDC
S31560009DC022F00FFD4046C0B2032802D1687903280D
S31560009DD009D1A879002803D122F05CFD33490860D7
S31560009DE0324800682860D7F804904FF49A710022D0
S31560009DF0CA46504621F07EE9012089F8000001201C
S31560009E0089F8010094F8400089F80200286821F07A
S31560009E1073FDC9F804004046C0B2082811D0404618
S31560009E20C0B204280DD04046C0B2072809D04046CB
S31560009E30C0B2032808D16879052802D06879042859
S31560009E4002D16068C9F80C0000200AE0010089B2FE
S31560009E50611891F83A10020092B219EB020211777A
S31560009E60401C010089B20629F0D31148C9F8EC00FC
S31560009E700123352219F1F0010020FFF784FC4246E8
S31560009E80D2B219F1F00180B2FFF799FC002E00D032
S31560009E9030803800BDE8F0876C660310E0EA021097
S31560009EA060660310386603108475091070660310C7
S31560009EB06382536310B5FF230400A4B20B55401CA4
S31560009EC004E000230400A4B20B55401C03009BB2BF
S31560009ED0442B03D3030013F0030F03D003009BB29C
S31560009EE0442BEED3F030010089B2100009F0F4FF84
S31560009EF010BD002811D0816A00290ED0806A417990
S31560009F000A2905D04179052902D04079042801D172
S31560009F10012000E00020C0B200E000207047000091
S31560009F2070470200D2B2022A10DA002906D0096808
S31560009F30DFF80024C0B242F8201007E0DFF8F8131B
S31560009F400968DFF8F023C0B242F82010704780B588
S31560009F5000F0E2F901BD2DE9F84F84B00400DFF8A6
S31560009F60DC132200D2B24FF4887042438D18E87A2F
S31560009F70022804DB002022F070FC22F032FCDFF8BD
S31560009F80B463E87A56F82000002808D10021200042
S31560009F90C0B200F096F80020A87200208EE015F19D
S31560009FA0100021F07AE901004FF42072123189B273
S31560009FB0362009F0B2FE0400002C7BD00C21002272
S31560009FC001AF380021F096E8288921F08DFCADF8C4
S31560009FD0040001208DF806004FF48070ADF808008B
S31560009FE00C2201A920000AF014FA15F11000B0F154
S31560009FF001080C2718F10108C1465FF0000A03E06A
S3156000A0001AF1010A18F1010898F800002E2803D009
S3156000A01098F800000028F3D1B8EB090B5046C0B29F
S3156000A02010FA87F0401CB0F5803F16DA5246D2B27D
S3156000A030390089B220000AF0A4FA7B1C9BB25A460A
S3156000A04092B2494620000AF036FA57FA8AF77F1C20
S3156000A05098F800000028CDD105E020000AF027F826
S3156000A0607FF005002AE00022390089B220000AF05C
S3156000A07088FA7F1C4FF48070ADF80000ADF80200DE
S3156000A0803B009BB20422694620000AF014FAE87B82
S3156000A0903523E97A16EB81029BB22100DFF8A052E4
S3156000A0A0C0B255F820001BF079FD0500200009F0CC
S3156000A0B0FEFF01E05FF0FF35280040B205B0BDE865
S3156000A0C0F08F2DE9F04104000D00002634E00C27E6
S3156000A0D0DFF870823000C0B2784358F8000000287C
S3156000A0E029D03000C0B2784318EB0000007A210016
S3156000A0F0C9B288421FD13000C0B2784318EB000065
S3156000A10042682900DFF83432A4465FFA8CFC4FF4CB
S3156000A110887000FB0CFC13EB0C0010303300DBB2D4
S3156000A1207B4358F80330984700203100C9B207FBDB
S3156000A13001F748F80700761C3000C0B20428C6DB79
S3156000A140002000E0401C0100C9B2042923DA0100A6
S3156000A1502200C9B2D2B29142F4D04FF48871DFF8CE
S3156000A160DC210300DBB24B43D3189B7A022BE9D187
S3156000A1700300DBB24B43D318DB7B2500EDB24D43C6
S3156000A1805519ED7BAB42DDD12000C0B201FB00F179
S3156000A19050180421C1734FF48875DFF8A061200060
S3156000A1A0C0B268433018C07B042817DADFF89071B4
S3156000A1B02000C0B268433018C07B57F820001BF0FF
S3156000A1C0C7FE2000C0B268433018C07B002147F844
S3156000A1D02010E4B26C4330190421C173BDE8F081EC
S3156000A1E010B5FFE722F056FB002115E04FF48872A8
S3156000A1F0DFF848310C00E4B254431C19A47A022CEF
S3156000A20009D10C00E4B202FB04F29A181289030029
S3156000A2109BB29A42E6D0491C0A00D2B2042AE5DB18
S3156000A22080B210BD0100002000290CD0CA7A521CF1
S3156000A230022A08DADFF8FC20C97A12EB8101496844
S3156000A240002900D00120C0B2704738B50500DFF89C
S3156000A250EC102A00D2B24FF4887042438C18280062
S3156000A260C0B2042804DB002022F0F7FA22F0B9FA23
S3156000A270A07A002849D0022813D002D3032838D008
S3156000A28044E0FFF7ADFF20810220A0720020E0725B
S3156000A29001202073002060732800C0B2FFF75BFEC8
S3156000A2A039E0207B401E2073207B002820D1607B14
S3156000A2B0401C6073607B042814D12000FFF7B2FF56
S3156000A2C0002807D0E07A401CE0720120207300204D
S3156000A2D0607309E000212800C0B2FFF7F2FE00209B
S3156000A2E0A07218E0607B20732800C0B2FFF733FECF
S3156000A2F011E02068002805D02068401E2060206894
S3156000A300002801D10020A07205E004E0002022F0C0
S3156000A310A4FA22F066FA31BD10B5002404E02000EC
S3156000A320C0B2FFF792FF641C2000C0B20428F6DBBF
S3156000A33010BD0000F46A0310E0EA021084660310A0
S3156000A34074660310C46A031000230360002343602D
S3156000A3508160C260704710B504008847846010BD94
S3156000A36038B504000D00E068002806D12F22134995
S3156000A370134822F001FBAFF300802800E1688847AC
S3156000A38031BD38B504000D00A068002806D135221D
S3156000A3900A490C4822F0F0FAAFF30080A168280061
S3156000A3A0FFF7D9FF2168002902D12060606004E0D0
S3156000A3B02168416021680860206031BD88E802102C
S3156000A3C070E8021008E9021038B50C682268636804
S3156000A3D00568AC4207D14568AC4204D100220260F0
S3156000A3E0002242600DE00568AC4200D1036045681A
S3156000A3F0AC4200D14260002A00D05360002B00D0EE
S3156000A4001A60FFF7ADFF31BD80B500F07CFDDFF867
S3156000A410D008406922F0A8FA002007E0DFF8C418E7
S3156000A4200968DFF8C42842F82010401C4028F5D39C
S3156000A43000200BE0DFF8AC180968DFF8B0284FF4AD
S3156000A440846303FB00F3D2185160401C0228F1D3E9
S3156000A450DFF89C084FF4807101801821418001214A
S3156000A46081804FF49071C180DFF888281021083010
S3156000A47022F094FA01BD2DE9F04188B004000E0087
S3156000A4801700984600256846202120F082EF6A462C
S3156000A4903900300000F019FBC8F80000DFF85808F2
S3156000A4A000680599884246D1D8F80000002842D451
S3156000A4B00020029001250E980F99BDF80020002A11
S3156000A4C00ED0042A0ED0632A10D0642A12D0652AD0
S3156000A4D014D0662A18D06F2A1BD0702A20D026E0A6
S3156000A4E0002528E0684600F0B5F824E0684600F0EC
S3156000A4F0F1F820E0684600F0E0F81CE00A006946E2
S3156000A500200000F0E7F916E0684600F046FA05001C
S3156000A51011E00A000100684600F092FA05000AE0C0
S3156000A5200A000100684600F05FFA050003E068462D
S3156000A53000F0B2FA0500280040B208B0BDE8F0812C
S3156000A5402DE9F84388B005000E0090461C00DDF842
S3156000A550409000276846202120F01AEF6A462100C5
S3156000A560404600F0B2FAC9F80000DFF88C070068D0
S3156000A570059988422DD1D9F80000002829D40020F9
S3156000A580029001271299BDF80000042804D06328C0
S3156000A59006D0642814D017E0684600F05BF818E02F
S3156000A5A01198C0B2012803D1684600F093F806E01E
S3156000A5B00B006A463100280000F090F8002708E09A
S3156000A5C0684600F07AF804E0012002900020ADF8B9
S3156000A5D00200380040B209B0BDE8F083D0F800143C
S3156000A5E01831C0F8001470472DE9F04105000E00DF
S3156000A5F017009846069C2100288800F004FC21007C
S3156000A600300080B200F0FFFB2100380000F00EFC45
S3156000A61021005FFA88F8404600F008FCDFF8DC6647
S3156000A620326815F10C01D4F80054280020F0DAECF9
S3156000A630D4F8000431684018C4F80004D4F804144F
S3156000A64030684118C4F804142100002000F0EEFBC5
S3156000A650BDE8F08138B50C001A2100940023002271
S3156000A660FFF7C2FF2100012000F0CDFBDFF8805626
S3156000A6702100288800F0C7FB21006888001F80B28F
S3156000A68000F0C1FB2100A88800F0BDFB2100E8882E
S3156000A69000F0B9FB102215F10801D4F80054280027
S3156000A6A020F0A0ECD4F800041030C4F80004D4F80C
S3156000A6B004041030C4F8040431BD1CB50C0002213A
S3156000A6C0009400230022FFF78FFF2100002000F096
S3156000A6D09AFB13BD80B500F09EF801BD2DE9F041EF
S3156000A6E080460D00160000240027002000E0401C74
S3156000A6F0022815D24FF48461DFF8F025DFF8E435DF
S3156000A7001B6801FB00FC12EB0C0CDCF804C0634513
S3156000A710EDD14843141814F11807380021F0FAF8FF
S3156000A720002C10D0C4F80480102214F10808290007
S3156000A730404620F058EC2100B06900F082F83900FC
S3156000A740300000F068F8BDE8F081DFF8B405007C01
S3156000A750223080B2704770B504000C20210080B2B0
S3156000A76000F051FBFFF7F1FF210080B200F04BFBD8
S3156000A7702100DFF89005006880B200F044FBDFF846
S3156000A7808805006880B221F0AFF82200DFF8501526
S3156000A790496980B200F066FB22000821002000F0C3
S3156000A7A0DDFBDFF85C552100288800F02CFB2100DA
S3156000A7B0688800F028FB2100A88800F024FB2100AF
S3156000A7C0A87900F012FB2100E87900F00EFB210069
S3156000A7D0288900F018FB2100E86800F027FB2100BB
S3156000A7E0287C00F002FB2A7C6969D4F8006430009A
S3156000A7F020F0F8EBD4F80004297C4018C4F8000473
S3156000A800D4F80404297C4018C4F804042100287E86
S3156000A81000F0EBFA70BD38B504000D00FFF795FF48
S3156000A820801D00950023002280B201002000FFF702
S3156000A830DBFE2900012000F0E6FA2800FFF78BFF17
S3156000A84031BD31B50C0000980C300090684600F0C0
S3156000A85086FA0500280080B2002803D1DFF8AC0430
S3156000A860056807E0DFF8A804290089B2026891420A
S3156000A87000DA056822F00EF8ADB290FBF5F105FB43
S3156000A8801105256031BD2DE9FC4104000D0016005F
S3156000A8901F005FF00408B8F1040F09D04FF4FB7293
S3156000A8A0DFF87014DFF8700422F066F8AFF300800A
S3156000A8B000973300DBB22A0041462000FFF794FE82
S3156000A8C03900012000F09FFA3900002000F09BFA61
S3156000A8D0BDE8F3812DE9F04705000E00140000275E
S3156000A8E05FF000085FF0000916F11C0000F037FA0F
S3156000A8F0824616F11C0000F032FA514689B20029F0
S3156000A90040D0DFF8001409681FFA8AFA514539DB2E
S3156000A91080B2002836D1002000E0401C40280CD2CE
S3156000A920DFF8C41351F82010A942F6D1804618F119
S3156000A93001085FF001095FF0FF3717F1010F23D0BF
S3156000A94000F0B3F8070017F1010F02D15FF00209BA
S3156000A9501AE04021DFF8C40312F021FF8046290087
S3156000A960404612F0F1FEDFF8B8030168404612F087
S3156000A970EDFEDFF8740340F827507F1CB8465FF0A1
S3156000A980000901E05FF0690923004A46D2B24146F8
S3156000A9903000FFF778FFBDE8F0877CB54268002A93
S3156000A9A01AD04268412A17D24468641EDFF83853C9
S3156000A9B0DFF83063326855F824309A420CD055F887
S3156000A9C024001EF045FB306845F82400641C200016
S3156000A9D000F06DF9002006E00091642342680021D2
S3156000A9E0FFF702FE012076BD7CB504000D0016005F
S3156000A9F0012000206188062920DB14F11C0000F08C
S3156000AA00C4F914F11C0000F09FF96088801F608013
S3156000AA10200000F08BF8002805D1320029002000C4
S3156000AA20FDF765FD0AE0300020F074FF00966423B0
S3156000AA30626800212000FFF7D7FD012040B276BD95
S3156000AA407CB504000D0016000120002061880629EF
S3156000AA5020DB14F11C0000F098F914F11C0000F0E2
S3156000AA6073F96088801F6080200000F05FF800281E
S3156000AA7005D1320029002000FDF7DCFC0AE0300039
S3156000AA8020F048FF00966423626800212000FFF7EB
S3156000AA90ABFD012040B276BD80B5009101234268CE
S3156000AAA00021FFF7A1FD012002BD002000E0401C4F
S3156000AAB0402807D28B4909688B4A52F82020914278
S3156000AAC0F5D101E05FF0FF307047F1B582B00C0060
S3156000AAD015000298A86102A800F041F9288002A832
S3156000AAE000F03DF9688002A800F05FF9686002A88E
S3156000AAF000F05BF9A860814E32680298009015F10B
S3156000AB000C070099380020F06EEA02983168401808
S3156000AB10029002A800F049F968610298E861B4F110
S3156000AB201800B5F90210401A00B2FEBD416800294E
S3156000AB300ED0416841290BD26A4909686A4A406861
S3156000AB4012EB800050F8040C814201D0002001E035
S3156000AB505FF0FF30704738B5D0F8D040624D15EBE6
S3156000AB60840050F8040C1EF073FA5E48006815EB1A
S3156000AB70840141F8040C31BD38B5002400E0641C42
S3156000AB80402C0ED2584D55F824108142F7D11EF054
S3156000AB905FFA5448006845F82400641C200000F001
S3156000ABA086F831BD80B5002100E0491C40290CD2F1
S3156000ABB04D4A52F821308342F7D14A48006842F83C
S3156000ABC02100491C080000F072F801BD2DE9FC4126
S3156000ABD00400002537E04FF48466444FDFF80481B3
S3156000ABE0D8F8000006FB05F179184968884229D033
S3156000ABF006FB05F03858001B06FB05F1785006FB8E
S3156000AC0005F0385801281DDA1020019006FB05F082
S3156000AC10381808300090002306FB05F03818D0F885
S3156000AC201C2406FB05F0381810F1180106FB05F028
S3156000AC303818406813F07AFCD8F8000006FB05F671
S3156000AC40B91948606D1C022DC5D3BDE8F381F0B516
S3156000AC5085B00400002526E0234E2248006856F899
S3156000AC60251088421ED01021002201AF380020F046
S3156000AC7042EA102000906A4601A956F8250014F0B1
S3156000AC802AFA002805D51EF0F0F91EF0F3F91EF039
S3156000AC90FDF90298D4F8C410884203D156F825000D
S3156000ACA0FFF76AFF6D1C402DD6D305B0F0BD70B5B9
S3156000ACB005001C4804680EE0A6683000FBF703F840
S3156000ACC0032807D1D6F8D000A84203D13000D6F8C1
S3156000ACD0D81088476468002CEED170BD0000000073
S3156000ACE05CD30210DCE90210146B0310146C0310C1
S3156000ACF0FC6A031020E90210E8E90210F4E9021088
S3156000AD0030D30210E4E90210E0E90210ECE9021027
S3156000AD10F0E9021060E9021030E902109C700B1035
S3156000AD209C720B10286403100100086800780A689A
S3156000AD30521C0A60C0B270470100086800780A6851
S3156000AD40521C0A60C0B2704701000A6810785278D7
S3156000AD5050EA02200A68921C0A6000B2704701003D
S3156000AD600A681078527850EA02200A68921C0A60D3
S3156000AD7080B2704701000A681078527850EA022063
S3156000AD800A68921C0A6080B2704701000A681078EF
S3156000AD90537850EA0320937850EA0340D27850EA19
S3156000ADA002600A68121D0A60704701000A6810781E
S3156000ADB0537850EA0320937850EA0340D27850EAF9
S3156000ADC002600A68121D0A60704701000A681078FE
S3156000ADD0537850EA0320937850EA0340D27850EAD9
S3156000ADE002600A68121D0A607047D1F8002410706C
S3156000ADF0D1F80004401CC1F80004D1F80404401CDA
S3156000AE00C1F804047047D1F80024107080B2000ABB
S3156000AE10D1F800245070D1F80004801CC1F80004F9
S3156000AE20D1F80404801CC1F804047047D1F80024EA
S3156000AE3010700200120AD1F800345A700200120C27
S3156000AE40D1F800349A70000ED1F80024D070D1F891
S3156000AE500004001DC1F80004D1F80404001DC1F807
S3156000AE600404704770B504000D0016002E4991F970
S3156000AE700000002810D1022020F036FD310080B29B
S3156000AE80FFF7C1FF3100200080B2FFF7BCFF310041
S3156000AE902800FFF7CBFF35E091F9000001282AD1A1
S3156000AEA0022020F021FD310080B2FFF7ACFF3100B7
S3156000AEB0200080B2000AC0B2FFF797FF3100200081
S3156000AEC0C0B2FFF792FF31002800C0B2FFF78DFFD6
S3156000AED031002800000AC0B2FFF787FF3100280062
S3156000AEE0000CC0B2FFF781FF31002D0E2800C0B202
S3156000AEF0FFF77BFF06E00D490D4821F099FD012023
S3156000AF0021F094FD70BD81B0012000906846007804
S3156000AF10012803D100200449087002E0012002499B
S3156000AF20087001B070470000E6DA0210F8E9021016
S3156000AF30ECD90210D1F800241218C1F80024D1F817
S3156000AF4004248018C1F80404704710B5C0B2D2F862
S3156000AF5000440200200020F0CEE810BD38B50C0099
S3156000AF6015002A002100C0B2FFF7EFFF290020007C
S3156000AF70FFF7E0FF31BD0000010049B2012904DAA4
S3156000AF80010049B24942112901DB052004E0034969
S3156000AF9040B2404251F82000704700BF4CEA0210B0
S3156000AFA038B50400002C04D1002021F056FC21F0B5
S3156000AFB018FC10E0250024686868002804D1002089
S3156000AFC021F04BFC21F00DFC686809F070F829004F
S3156000AFD00A2007F0CEFB002CECD131BD70B5040021
S3156000AFE01825DFF8B46B05FB04F03058002808D04C
S3156000AFF005FB04F03058FFF7D3FF002005FB04F192
S3156000B000705000206C433119087570BD10B500246E
S3156000B0101CE000FB04F15118097D012915D100FBE4
S3156000B02004F15118091D00FB04F01018806800F047
S3156000B0308DFD0AE000FB04F15118097D0429E8D171
S3156000B040022100FB04F010180175641C0A2C35DA25
S3156000B0501820DFF8442B00FB04F15118097DC9B2B2
S3156000B0600029F2D000FB04F15118498A491C00FB03
S3156000B07004F3D318598200FB04F15118498AB1F5DB
S3156000B080967F0BDA00FB04F15118097D012909D17D
S3156000B09000FB04F15118498A052903DB2000FFF7FC
S3156000B0A09DFFD2E700FB04F15118097D0329C1D148
S3156000B0B0042100FB04F010180175C6E710BD2DE9E8
S3156000B0C0F74F82B00A20ADF804000A20ADF80200FE
S3156000B0D00A2400200A20ADF80000002600275FF051
S3156000B0E00008002527E05FFA89F9B9F1020F21DB34
S3156000B0F015FB0AF01BEB0000408A414689B2884284
S3156000B10018D3ADF8025015FB0AF01BEB0000B0F83F
S3156000B11012800FE015FB0AF01BEB0000408A390035
S3156000B12089B2884206D3ADF8045015FB0AF01BEBD2
S3156000B1300000478A6D1C280000B20A2859DA5FF0C1
S3156000B140180ADFF854BA15FB0AF01BEB000090F8FA
S3156000B1501490200000B20A2805D14846C0B20028E3
S3156000B16001D12C00E6E74846C0B20028E2D0484646
S3156000B170C0B2012808D04846C0B2022804DA0020CE
S3156000B18021F06BFB21F02DFB0298002813D002986A
S3156000B190006815FB0AF11BEB0101496888420AD178
S3156000B1A00498002822D0049815FB0AF11BEB0101D4
S3156000B1B0896888421AD04846C0B2012893D115FBE7
S3156000B1C00AF05BF800000028A4D015FB0AF01BEB20
S3156000B1D00000408A310089B28842ABD3ADF8005096
S3156000B1E015FB0AF01BEB0000468AA3E7280000B2B5
S3156000B1F05CE09DF80C00810705D4210009B20A299C
S3156000B20004D1C00702D45FF0FF304FE0200000B2E7
S3156000B2100A281FDBBDF902000A284ADABDF9024096
S3156000B220DFF87409182114FB01F14058002804D096
S3156000B230002021F012FB21F0D4FA200000B20A2887
S3156000B24004DB002021F009FB21F0CBFA200000B2DC
S3156000B250FFF7C4FE200000B20A2804DB002021F0BC
S3156000B260FCFA21F0BEFA1825DFF82C6914FB05F00C
S3156000B2703018007D002804D0002021F0EEFA21F07D
S3156000B280B0FA0298002805D014FB05F03018029930
S3156000B2900968416014FB05F030180021418214FBF7
S3156000B2A005F0301804998160200000B205B0BDE851
S3156000B2B0F08FBDF904000A2802DABDF90440BCE744
S3156000B2C0BDF900000A2802DABDF90040B5E75FF073
S3156000B2D0FF30EBE72DE9F84306000C0015001F0070
S3156000B2E096F84000062804D0002021F0B6FA21F036
S3156000B2F078FA002C0DD0206800280AD0310020682A
S3156000B30001F096FF002804D1207810F0F000E028C4
S3156000B31002D17FF00F004FE032003900C9B2200041
S3156000B320FFF7CDFE0400200000B2002802D5200001
S3156000B33040B241E01827DFF8608814FB07F018EB8D
S3156000B34000000221017514FB07F018EB000086600F
S3156000B3500622290014FB07F018EB000010F10C0917
S3156000B36048461FF040EE14FB07F018EB0000002182
S3156000B37041821AE014FB07F058F80010086814FBC5
S3156000B38007F248F80200D1F804900A2007F0F1F9B4
S3156000B3904FF4006000902B0016F13A0249463000E7
S3156000B3A000F07CFC484608F082FE14FB07F058F873
S3156000B3B000000028DED10020BDE8F28338B5040025
S3156000B3C0002513E01820DFF8D01700FB05F28A1875
S3156000B3D0127DD2B2002A08D000FB05F008188068FA
S3156000B3E0A04202D12800FFF7F9FD6D1C0A2DE9DBAA
S3156000B3F031BDF8B507000C0015001E00002C04D105
S3156000B400002021F02AFA21F0ECF9002D04D1002069
S3156000B41021F023FA21F0E5F9002E04D1002021F075
S3156000B4201CFA21F0DEF90A2F18D21820DFF8681707
S3156000B43000FB07F28A18127D022A0FDB00FB07F277
S3156000B4408A18121D226000FB07F28A1892682A6029
S3156000B4504743C8190C303060012000E00020F2BD7F
S3156000B4602DE9F04786B00C000021002C00F0918099
S3156000B47005006E683088B0F5807F08D1307906287F
S3156000B48005D17079042802D1708808280BD0DFF8BE
S3156000B4900C07018D491C0185C18B491CC18328009D
S3156000B4A008F005FE75E0DFF8F486B8F81A00401C6F
S3156000B4B0A8F81A0031002000F6F728F807000422E1
S3156000B4C016F10E010DF1100948461FF08CED0422AD
S3156000B4D016F118010DF1140948461FF084ED6068F5
S3156000B4E0002804D15FF000095FF0000A11E00598BA
S3156000B4F06168884202D15FF0010901E05FF00009EE
S3156000B50004986168884202D15FF0010A01E05FF049
S3156000B510000A4846C0B2002801D0012300E0022399
S3156000B520DBB216F1080204A92000FFF7D3FEF0880B
S3156000B530B0F5807F03D0B0F5007F21D021E05FFABF
S3156000B54089F9B9F1000F1AD05FFA8AFABAF1000FD9
S3156000B55015D1FFB2002F12D10220039004A80290E9
S3156000B56016F108000190201D009014F13A0316F1BF
S3156000B570080214F13A01200000F05AFAFFE705E0EC
S3156000B58004E0B8F82C00401CA8F82C00280008F04D
S3156000B5908EFD06B0BDE8F0872DE9FC4104000D0084
S3156000B5A016001827DFF8F0853000C0B2784318EB34
S3156000B5B00000007D022804DA002021F04EF921F017
S3156000B5C010F93000C0B2784318EB0000007D022805
S3156000B5D03ED13000C0B2784318EB0000408A40F29A
S3156000B5E01D11884212DB3000C0B2784318EB0000B0
S3156000B5F0011D200000F0AAFA002829D13000C0B24F
S3156000B600784318EB00000321017521E03000C0B2D9
S3156000B610784318EB0000408AB0F5877F18DB30006E
S3156000B620C0B2784318EB000010F10C023000C0B2D3
S3156000B630784318EB0000011D200000F077FA00281F
S3156000B64006D13000C0B2784318EB000003210175C3
S3156000B6504FF400600090F6B27E4318EB060010F1DE
S3156000B6600C0314F13A022900200000F017FBBDE834
S3156000B670F681FEB504000D0016003700002C04D1DB
S3156000B680002021F0EAF821F0ACF8002D04D100206A
S3156000B69021F0E3F821F0A5F8002E04D1002021F076
S3156000B6A0DCF821F09EF82100306801F0C1FD002829
S3156000B6B00BD0DFF8EC344FF40060009014F13A02DE
S3156000B6C02900200000F0EAFAFEBD307810F0F000A4
S3156000B6D0E02815D101208DF8040000208DF80500C2
S3156000B6E05E208DF80600707810F07F008DF80700F8
S3156000B6F0B0788DF80800F0788DF8090001ABDAE7CC
S3156000B7003168A06801406268A068024091420AD030
S3156000B710306880B24FF6A961884204D0E06800289C
S3156000B72024D014F10C071820DFF87814DFF8683499
S3156000B7300A7842439A18127D022A1ADB0A78424333
S3156000B7409A189268A24214D13A680E7846439E19B6
S3156000B7507668B2420DD1DFF84404C28D521CC285B0
S3156000B7600A7829002000FFF717FFADE77FF0030096
S3156000B770AAE7002200E0521C1600F6B20A2E20DA72
S3156000B7801600F6B246439E19367D022EF3DB16008E
S3156000B790F6B246439E19B668A642ECD13E68944618
S3156000B7A05FFA8CFC00FB0CFC13EB0C0CDCF804C0A1
S3156000B7B06645E0D10A70D2B229002000FFF7ECFEA0
S3156000B7C082E72A003900200000F001F87CE72DE9C5
S3156000B7D0FE4F8246894614001AF13A0001905FF0E6
S3156000B7E0FF3B00255146D9F8000001F021FD0028F5
S3156000B7F00CD199F8000010F0F000E02806D0B9F1FD
S3156000B800000F03D0D9F80000002802D17FF00F00A6
S3156000B8100CE1524601214846FFF751FC0600300014
S3156000B82000B2002809D5002C04D0DFF87003818CA3
S3156000B830491C8184300040B2F8E0300000B27F28B5
S3156000B84004D3002021F009F820F0CBFF1827DFF899
S3156000B85048833000C0B2784318EB0000007D0028B2
S3156000B8600ED101253000C0B2784318EB00000121EB
S3156000B87001753000C0B2784318EB0000C0F808A02C
S3156000B8803000C0B2784318EB0000007D01280CD070
S3156000B8903000C0B2784318EB0000007D022804DA5D
S3156000B8A0002020F0DAFF20F09CFF002D01D1002C53
S3156000B8B01ED14946504600F049F98346584640B283
S3156000B8C0002810D13000C0B2784318EB0000007D2C
S3156000B8D0012808D1002D06D13000C0B2784318EB9C
S3156000B8E0000000214182002C02D1584640B29DE002
S3156000B8F0002C04D1002020F0B0FF20F072FF300051
S3156000B900C0B2784318EB0000007D022811DBA54821
S3156000B91006704FF400600090F6B27E4318EB0600A6
S3156000B92010F10C03019A2100504600F0B7F98346E6
S3156000B9307AE03000C0B2784318EB0000007D012841
S3156000B94072D15FF00009250000E02D68002D10D04F
S3156000B95068892989884207D12868002804D0002090
S3156000B96020F07BFF20F03DFF287B4006EDD55FF0A1
S3156000B9700109B9F1000F07D022004FF420710E20A3
S3156000B98008F0E4FD040002E0200008F0F8FB002C5B
S3156000B99044D00A2006F0CDFE0100002938D00022EE
S3156000B9A0002008604C603000C0B2784358F8000050
S3156000B9B000280DD03000C0B2784358F80030521CD1
S3156000B9C001E01B68521C18680028FAD1196004E06F
S3156000B9D03000C0B2784348F80010032A15D330000F
S3156000B9E0C0B2784358F800403000C0B2784358F887
S3156000B9F000000068F6B27E4348F80600606808F00A
S3156000BA0056FB21000A2006F0B4FE5FF0000B0BE047
S3156000BA10200008F04CFB5FF0FF3B05E05F48818C3F
S3156000BA20491C81845FF0FF3B584640B2BDE8FE8FFB
S3156000BA302DE9F14F82B00E0017009B4600208DF86D
S3156000BA4004000298002804D1002020F006FF20F0B0
S3156000BA50C8FE4FF420721C210E2008F05EF9040027
S3156000BA60002C06D14D48818C491C81845FF0FF30E3
S3156000BA705AE060891C2804DA002020F0EEFE20F0EF
S3156000BA80B0FE0F98D4F8049080B21FF02DFFA9F88D
S3156000BA900600029890F84000062804D0002020F0A6
S3156000BAA0DCFE20F09EFEDDF83880DDF834A00C9DCB
S3156000BAB05946062219F1080B58461FF094EA0622E9
S3156000BAC0514619F1120A50461FF08CEA04222900E9
S3156000BAD019F10E0528001FF086EA0422414619F185
S3156000BAE0180528001FF07EEA4FF48070A9F8000060
S3156000BAF00820A9F80200062089F80400042089F8C5
S3156000BB00050040F6060000903B00320021000298D6
S3156000BB1000F0C4F82148018B491C0183200008F01D
S3156000BB20C6FA00209DF90400BDE8FE8FF8B5012332
S3156000BB30039302911C490191011D009110F13A0392
S3156000BB4010F13A01FFF774FF05B000BD80B5144AE5
S3156000BB50FFF7ECFF02BDF8B501220392029112498C
S3156000BB6001911249009110F13A030D4A10F13A0120
S3156000BB70FFF75EFF05B000BDF8B5012203920291A2
S3156000BB80094A0192009110F13A03054A10F13A010F
S3156000BB90FFF74EFF05B000BD547403106C6B0B10BD
S3156000BBA0DA1D031039750B10E01D0310E0EA021070
S3156000BBB0F8B504000D000E2660890F280EDA53488A
S3156000BBC0018D491C0185C18B491CC183A86E401C2F
S3156000BBD0A866200008F06BFA0020F2BDE07B002822
S3156000BBE003D195F84A00401CE07363689F89187812
S3156000BBF0C00718D5187801280AD15878002812D1BC
S3156000BC0098785E280FD1607B50F0100060730AE070
S3156000BC1006223F4918001FF030EA002803D1607BF6
S3156000BC2050F008006073BFB2082F03D0B7F5C16F3C
S3156000BC3011D028E095F841000007CAD5B6B23100A8
S3156000BC40200008F0D6F90028C3D12900200000F0B2
S3156000BC50D2FF0020C1E795F841000007B9D5B6B21A
S3156000BC603100200008F0C5F9002807D02748418C2C
S3156000BC70491C4184C18B491CC183AAE72900200065
S3156000BC80FFF7EEFBE5E72148018D491C0185C18B75
S3156000BC90491CC183E86E401CE8669AE72DE9F843C3
S3156000BCA004000D0016001F00089880B21FF01CFEED
S3156000BCB081460E21280008F097F9002806D013481F
S3156000BCC04189491C41817FF001001DE0D5F804805F
S3156000BCD0A8F80C900622C146390048461FF082E952
S3156000BCE0062218F10607310038001FF07CE994F847
S3156000BCF04000062804D0002020F0AFFD20F071FD42
S3156000BD0029002000A2699047BDE8F2836C6B0B1096
S3156000BD10DA1D031010B51C2000F0D0F80400002CCA
S3156000BD2006D000202060201D1FF0EFFE0020207648
S3156000BD30200010BD2DE9F04714001F0080465FF01B
S3156000BD4000090022002800D100BE0E0016F07F4FC9
S3156000BD5000D000BE002E00D100BE089D14F058FC35
S3156000BD60002802D1002D00D000BE14F05BF9D8F88F
S3156000BD7000A03A003100504600F092F8002808D042
S3156000BD800025002C1BD0D8F80000B043C8F800008E
S3156000BD9015E0002D01D1012011E0002C01D059F0F1
S3156000BDA08079002F01D059F080692A0059EA060986
S3156000BDB0494618F1040014F097FA5FF0000A14F08F
S3156000BDC037F9002D20D0002800D100DF14F0ECFCFC
S3156000BDD082465FEA8A1015D408F07AFDD8F800A08A
S3156000BDE03A003100504600F05BF8002807D0002C7E
S3156000BDF005D0D8F8000030EA0606C8F800600120D1
S3156000BE0008F078FD2AF07F4A5046BDE8F0870000CA
S3156000BE102DE9F0410E00002504000021002800D124
S3156000BE2000BE16F07F4F00D000BE14F1040818F172
S3156000BE30080714F0F7F8D8F80C2020680643266047
S3156000BE4023E0D4F800C01CEA010C8C4511D1012016
S3156000BE500FE056681168002011F07F4321F07F41A2
S3156000BE605FEA431CEDD4D4F800C011EA0C0F00D091
S3156000BE700120002808D0D80100D50D43216851F073
S3156000BE800071100014F096FA3200BA42E1D12068CF
S3156000BE9030EA0505256014F0CBF82068BDE8F0812E
S3156000BEA003000020002A03D10B4205D0012003E0E5
S3156000BEB00B408B4200D10120704700002DE9F8430A
S3156000BEC00400002514F0AEF8DFF80492D9F80000FB
S3156000BED0002801D100F09BF87E4F386804425BD1A0
S3156000BEE0002C0FD07C480068041914F0070F09D0A5
S3156000BEF014F1080114F007000C00241A14F0070F5F
S3156000BF0000D000BE002C47D0DFF8D081D8F8000002
S3156000BF10A04241D372480100066801E031003668EC
S3156000BF207068A04202D230680028F7D1D9F80000C4
S3156000BF30864231D068480A680368D51832680A6054
S3156000BF40006840007168091B88420CD2311911F0F3
S3156000BF500700002800D000BE7068001B486074604F
S3156000BF60080000F085F8D8F800107068091AC8F85B
S3156000BF7000105C48D8F800100268914202D2D8F8E6
S3156000BF80001001607168386801437160002030609C
S3156000BF9055480168491C016014F04AF815F007001D
S3156000BFA0002800D000BE2800BDE8F28310B501006D
S3156000BFB0002828D04848006840420C184549606807
S3156000BFC00A68104200D100BE2068002800D000BE7A
S3156000BFD060680A68104216D02068002813D162682B
S3156000BFE008688243626014F01DF83C490A6860681C
S3156000BFF082180A60200000F03BF83C480168491C42
S3156000C000016014F015F810BD34480068704710B42C
S3156000C0105FF4C0223648010011F0070F06D0C91D33
S3156000C020C908C900521A13000200D2182C480160D0
S3156000C03000234360521828480068121AD208D200BA
S3156000C0402348026000230468636000230468236059
S3156000C050521A4A60006808604868224A1060486858
S3156000C0601E4908605FF000401A49086010BC7047BE
S3156000C07010B41B4A00E0126811688142FBD31100BC
S3156000C0805368C918814204D15168406841185160AB
S3156000C090100001004368C9181368994210D10C4911
S3156000C0A013680C68A34208D0436811684968CB18C6
S3156000C0B0436011680968016004E00968016001E095
S3156000C0C011680160824200D0106010BC70470000A9
S3156000C0D06475091078750910DCEA02106875091034
S3156000C0E05C7509106C750910707509107475091006
S3156000C0F05C7503102DE9FE4F05000E00DFF8D8933E
S3156000C100B9F86200401CA9F86200D9F89C01401C8D
S3156000C110C9F89C01DFF8C4A3DAF808B09BF8000000
S3156000C12010F00F008700FFB2380080B214280DDAD5
S3156000C130280007F0BCFFB9F86A00401CA9F86A003D
S3156000C140D9F8A001401CC9F8A0012BE06889042831
S3156000C150EED3686800780100C9B2002902D00829C8
S3156000C16006D0DEE0D9F8BC01401CC9F8BC013AE152
S3156000C170D9F8B801401CC9F8B8011AF114089AF840
S3156000C180140010F0F000E0280ED1280007F08FFFB1
S3156000C190B9F87400401CA9F87400D9F8A001401CD5
S3156000C1A0C9F8A001BDE8F78FDAF80010DAF81400D4
S3156000C1B001F03EF80028E8D128890828B8D328007D
S3156000C1C01FF056FC00280DD0280007F070FFB9F864
S3156000C1D06800401CA9F86800D9F8A001401CC9F89D
S3156000C1E0A001DFE7390089B20E31280007F0FCFEB6
S3156000C1F000285ED02989791808002A8980B2904281
S3156000C200C3D34FF4207289B20E2007F086FD040076
S3156000C210002CBAD06089390089B20831884203D2CD
S3156000C220200007F044FFB0E73A0092B25946D4F8CE
S3156000C23004B058461EF0D6EE390089B2200007F0E9
S3156000C240D8FE002808D0002020F007FB20F0C9FAAD
S3156000C250200007F02CFF98E72900200007F0D4FFA4
S3156000C260002803D0200007F022FF8EE7280007F0A1
S3156000C2701EFF2500D5F804B0390089B2280007F002
S3156000C280B3FE00284CD16C68D8F80000E060DAF89C
S3156000C2901000206100208BF80000BBF802004FF60A
S3156000C2A0F871884213DBBBF802000930ABF8020074
S3156000C2B012E0390089B20E31280007F09AFE002894
S3156000C2C0D8D0002020F0C9FA20F08BFA5DE7BBF8E1
S3156000C2D002000830ABF80200402020720020608126
S3156000C2E0390089B220001FF0BCFB6081B9F860009C
S3156000C2F0401CA9F86000D9F8D001401CC9F8D001EB
S3156000C300D9F8E401401CC9F8E401029601200190C5
S3156000C31000200090402300224146280000F00DFED8
S3156000C32061E00100C9B2032905D1D9F8A401401C16
S3156000C330C9F8A4014DE00100C9B20B2905D1D9F8AD
S3156000C340A801401CC9F8A80143E00100C9B20C2944
S3156000C35005D1D9F8AC01401CC9F8AC0139E001003F
S3156000C360C9B2042905D1D9F8B001401CC9F8B00199
S3156000C3702FE00100C9B2052905D1D9F8B401401CE6
S3156000C380C9F8B40125E00100C9B20D2905D1D9F873
S3156000C390C001401CC9F8C0011BE00100C9B20E29EA
S3156000C3A005D1D9F8C401401CC9F8C40111E00100E7
S3156000C3B0C9B2112905D1D9F8C801401CC9F8C8010C
S3156000C3C007E0C0B2122804D1D9F8CC01401CC9F8E4
S3156000C3D0CC01B9F87000401CA9F87000B9F8660085
S3156000C3E0401CA9F86600280007F061FEDAE680B511
S3156000C3F00A003949D1F8D8315B1CC1F8D831D2B2BC
S3156000C400032100F00EF801BD80B50A003249D1F86B
S3156000C410DC315B1CC1F8DC31D2B20B2100F001F8D3
S3156000C42001BD2DE9FF478046894692462A4FD7F8D7
S3156000C430D001401CC7F8D0014FF42072242122207D
S3156000C44007F06BFC0400002C05D1D7F8D401401C22
S3156000C450C7F8D4013DE06089242804D2002020F08A
S3156000C460FCF920F0BEF9D8F80450666886F80090AA
S3156000C47086F801A00020B0800020F0801C22D8F849
S3156000C4800410606810F1080840461EF0ACEDE868DC
S3156000C490039003A800F040FB0500002D16D0002095
S3156000C4A07080618930001FF0DCFA7080B7F8600038
S3156000C4B0401CA7F8600002950120019000200090C2
S3156000C4C0402303AA0021200000F037FD200007F07A
S3156000C4D0EEFDBDE8FF8700006C6B0B1084750910DC
S3156000C4E0DFF81806DFF818160860DFF81806DFF8B8
S3156000C4F018160860704738B50400DFF8045629003E
S3156000C500200000F030F8002810D002214172017B33
S3156000C510491C0173D4F88800002805D0012229003F
S3156000C5202000D4F888309847002001E05FF0FF30A3
S3156000C53032BD10B5046B002C06D0246804E00521DA
S3156000C540200000F048FA2468002CF8D110BD006B7A
S3156000C55000E00068002804D042680B689A42F8D16F
S3156000C56000E000207047F8B507000C003D6B210025
S3156000C5703800FFF7ECFF002833D10B2006F0D9F81E
S3156000C5800600002E2CD0002C01D1002000E020688F
S3156000C5907060002070810020707200203072002070
S3156000C5A03073002D0ED12068DFF854150968884273
S3156000C5B004D0002020F051F920F013F900203060FB
S3156000C5C03E630DE02068DFF838150968884204D1BB
S3156000C5D0002020F042F920F004F9286830602E60CF
S3156000C5E03000F2BD02000020126B00E01268002AE3
S3156000C5F004D013688B42F9D109681160002A01D111
S3156000C6007FF00F0040B270472DE9FC4105000C0039
S3156000C6101700DFF8F884B8F87A00401CA8F87A00AA
S3156000C6206889082808DA280007F041FDB8F8800014
S3156000C630401CA8F880008AE06E68698930001FF0A7
S3156000C64010FA002808D0280007F031FDB8F87E00FF
S3156000C650401CA8F87E007AE039002000FFF777FFDB
S3156000C660002808D1280007F022FDB8F87C00401C9D
S3156000C670A8F87C006BE03178112902D016294FD0DA
S3156000C6805DE0DFF87C2439681368994221D1311D59
S3156000C690002902D0716800291BD17078002807D163
S3156000C6A0B8F88600401CA8F886000A20707004E07E
S3156000C6B0B8F88A00401CA8F88A00246B002C00D0C9
S3156000C6C02468002C2BD07178200000F084F924684F
S3156000C6D0F7E7311D00291DD0716800291AD0396825
S3156000C6E01268914205D17068009069462000FFF794
S3156000C6F02EFF002808D0B8F88810491CA8F88810C2
S3156000C700717800F068F90AE0B8F87C00401CA8F877
S3156000C7107C0004E0B8F88400401CA8F8840013E0AC
S3156000C720B8F88C10491CA8F88C10417A012905D1FB
S3156000C73000214181022141720021017204E0B8F8B2
S3156000C7408400401CA8F88400280007F0B0FCBDE80F
S3156000C750F38170B504000E007FF0050108003278A1
S3156000C76012F0F002E02A01D0080026E03268DFF815
S3156000C77090331B689A4201D108001EE0DFF89013DF
S3156000C7800D6800E02D68002D16D095F841108906D9
S3156000C790F8D5002C06D02168002903D06968226884
S3156000C7A09142EFD13100280000F008F8010049B24B
S3156000C7B00029E7D040B200E040B270BD70B5050018
S3156000C7C00E00307810F0F000E02802D07FF005000F
S3156000C7D03EE03068DFF828130968884202D17FF0AE
S3156000C7E0050035E095F84100800602D47FF005002B
S3156000C7F02EE031002800FFF7B6FE0400002C25D09D
S3156000C800607A00281DD1207B002809D1D5F88800E0
S3156000C810002805D0012231002800D5F888309847D5
S3156000C820BA48B0F88E10491CA0F88E101622210066
S3156000C830280000F005F90521200000F0B5F8012078
S3156000C8406072207B401C2073002001E05FF0FF30A7
S3156000C85070BDF8B504000E007FF005000700317862
S3156000C86011F0F001E02922D13168A54A126891429F
S3156000C8701DD0A748056816E095F84100800611D5D9
S3156000C880002C06D02068002803D06868216888429A
S3156000C89008D13100280000F00BF8390049B20029B0
S3156000C8A000D007002D68002DE6D1380040B2F2BDF9
S3156000C8B070B505000E00307810F0F000E02802D068
S3156000C8C07FF0050040E030688D490968884202D1F2
S3156000C8D07FF0050038E095F84100800602D47FF0CD
S3156000C8E0050031E031002800FFF731FE0400002C1E
S3156000C8F028D0207B022820DA21002800FFF772FE6C
S3156000C900207A00280AD08148B0F89010491CA0F817
S3156000C910901017222100280000F092F8D5F88800C0
S3156000C920002805D0002231002800D5F888309847C5
S3156000C93021000B2005F01DFF02E0207B401E2073C6
S3156000C940002001E07FF0050070BD38B570480568CD
S3156000C95010E06089002809D06089401E6081608986
S3156000C960002803D12100280000F009F82468002C73
S3156000C970EFD12D68002D01D02C6BF8E731BD80B565
S3156000C9804A7A012A0FD14A685D4B1B689A420AD0DF
S3156000C99002224A725D4AB2F892305B1CA2F892306B
S3156000C9A0162200F04DF801BD38B504000D002800D0
S3156000C9B0C0B2032807DB1FF06DFFEDB2B0FBF5F1E7
S3156000C9C005FB110500E0012565816089002801D11C
S3156000C9D00120608131BD10B50400607A02280BD059
S3156000C9E0607A01280ED16089002805D00800C0B29F
S3156000C9F0628980B2904205D2C9B22000FFF7D4FFA7
S3156000CA000120607210BD38B586B040F29444ADF82E
S3156000CA1014400024ADF816403C4CB4F878506D1CB8
S3156000CA20A4F878500424049405AC0394029302237A
S3156000CA30019300230093012300F092FA07B030BD02
S3156000CA402DE9F84305000E0017000020002031484C
S3156000CA50006800905FF000094FF4207208213620CC
S3156000CA6007F05BF90400002C40D0D4F8048060899C
S3156000CA70082804D200201FF0F0FE1FF0B2FE68689E
S3156000CA8000903800C0B2162807D116F10409706804
S3156000CA90C8F804000120307208E03800C0B21728D8
S3156000CAA004D1DFF864907068C8F804003800C0B23A
S3156000CAB0162803D03800C0B2172813D188F8007042
S3156000CAC0002088F801000020A8F8020008214046EE
S3156000CAD01EF0C7FFA8F802002B004A4669462000F0
S3156000CAE0FFF791FF200007F0E2FA05E00748B0F88B
S3156000CAF08210491CA0F88210BDE8F183E0000001B5
S3156000CB007C750910E0000002807509106C6B0B10D3
S3156000CB1024610B10E0EA021010B4017811F0F00104
S3156000CB20E02906D1DFF8E8261168002901D01068EF
S3156000CB3047E0DFF8E016096808E091F841209207BF
S3156000CB4003D40268CB689A4215D00968002914D0CC
S3156000CB5091F8412012F00502052AF6D14A68002AAA
S3156000CB60F3D003688A6813404C688A681440A3420D
S3156000CB70E3D1080025E0080023E0DFF89C26116871
S3156000CB8000290FD0116891F8411011F005010529AF
S3156000CB9008D111684968002904D0007800F0FF00C8
S3156000CBA07F280DD1DFF87406B0F85610491CA0F83E
S3156000CBB05610D0F84411491CC0F84411002000E01A
S3156000CBC0106810BC704780B5010091F84100C0073D
S3156000CBD00FD5486800280CD0DFF8440642694B68D8
S3156000CBE09A4204D0406900F023FB002801D001205E
S3156000CBF000E0002002BD2DE9F84F05000F00012678
S3156000CC00DFF818A6BAF84A00401CAAF84A00DAF813
S3156000CC106401401CCAF86401D5F8048098F80000E5
S3156000CC20C0B20009042813D0280007F040FABAF809
S3156000CC305C00401CAAF85C00BAF84E00401CAAF8DA
S3156000CC404E00DAF82801401CCAF82801002072E17B
S3156000CC5098F8000010F00F005FEA80095FFA89F922
S3156000CC60B8F802001EF040FE04002000298980B258
S3156000CC70884204D2210089B2280007F02DF968891C
S3156000CC80494689B2884207D32889A4B2A04203D311
S3156000CC90484680B2142813DA280007F008FABAF872
S3156000CCA05200401CAAF85200BAF84E00401CAAF87E
S3156000CCB04E00DAF83401401CCAF8340100203AE12B
S3156000CCC0494689B240461EF0CCFE002813D02800A3
S3156000CCD007F0EDF9BAF85000401CAAF85000BAF80F
S3156000CCE04E00401CAAF84E00DAF82801401CCAF82B
S3156000CCF0280100201FE1D8F81000DFF824B5CBF832
S3156000CD001400D8F80C00CBF810009BF8140010F053
S3156000CD10F000E02819D197F84100800613D51BF181
S3156000CD2014013800FFF713FC00280CD0DFF8F40478
S3156000CD30DBF81410814204D1DBF81000002800D122
S3156000CD4000263C001DE000241BE03800FFF73BFF97
S3156000CD50002801D03C0014E000249BF8140000F089
S3156000CD60FF007F280DD0DFF8AC04046800E024687B
S3156000CD70002C06D0BC42FAD02000FFF724FF002822
S3156000CD80F5D0002C0DD198F80900112809D1484634
S3156000CD9080B218EB00004088B0F5884F01D13C00A6
S3156000CDA00026002E24D0DBF81000002820D03900A1
S3156000CDB0DBF8100000F03CFA002805D19BF8100063
S3156000CDC010F0F000E02813D1280007F070F9BAF8E7
S3156000CDD04E00401CAAF84E00DAF82C01401CCAF836
S3156000CDE02C01DAF83401401CCAF834010020A2E0B4
S3156000CDF0002C13D1BAF84E00401CAAF84E00DAF89F
S3156000CE002C01401CCAF82C01DAF83401401CCAF81F
S3156000CE103401280007F04BF900208CE0B8F80600D2
S3156000CE204FF63F71084209D0280000F01AFC050051
S3156000CE30002D01D100207EE0D5F80480CBF80040BB
S3156000CE40CBF80470CBF8088098F8000010F00F005B
S3156000CE508000C0B2ABF80C00494689B2280007F0E2
S3156000CE60C8F898F80900012819D0022821D00628A8
S3156000CE700BD0112824D1DAF83801401CCAF83801E1
S3156000CE803900280018F047FD42E0DAF83801401C06
S3156000CE90CAF838013900280014F054FF38E0DAF88F
S3156000CEA03801401CCAF8380139002800FFF722F91A
S3156000CEB02EE01BF1140239002800FFF7A5FB27E0DE
S3156000CEC02100DBF8140000F0B3F900280ED19BF8BE
S3156000CED0140010F0F000E02808D0494609B2280096
S3156000CEE007F0BFF802212800FFF781FABAF8580068
S3156000CEF0401CAAF85800BAF84E00401CAAF84E002A
S3156000CF00DAF83001401CCAF83001280007F0CFF883
S3156000CF100020CBF800000020CBF804000020CBF8FE
S3156000CF2008000020ABF80C000020CBF810000020B1
S3156000CF30CBF814000020BDE8F28F18B585B0002448
S3156000CF400494002403940A9C02949DF8244001945E
S3156000CF509DF820400094DBB200F002F806B010BDE8
S3156000CF6030B585B00A9D0C00002A05D0002902D094
S3156000CF700968002900D12C1DBDF8301004910B9969
S3156000CF80039102959DF8241001919DF8201000915F
S3156000CF90DBB2210000F015F805B030BD18B585B0DC
S3156000CFA000240494002403940A9C02949DF824406F
S3156000CFB001949DF820400094DBB200F002F806B0C0
S3156000CFC010BD2DE9FE4F06000C0015009B465FF074
S3156000CFD00008B07B012804D000201FF03EFC1FF043
S3156000CFE000FCDFF83892D9F83C01401CC9F83C01D6
S3156000CFF0002D00F0CE80109F5FF0140A00203800EC
S3156000D00080B2002858D0380080B229280CDBB9F8E5
S3156000D0105C00401CA9F85C00D9F84001401CC9F8C6
S3156000D02040017FF00500F0E0F91C4FF6FC7001400E
S3156000D030ADF80010BDF8000010EB0A0ABDF800104C
S3156000D040300006F0D1FF00280CD0B9F85C00401C17
S3156000D050A9F85C00D9F84001401CC9F840017FF08E
S3156000D0600100D2E00F993A0092B27068019001987F
S3156000D0701DF0B8EF01983800BDF8001080B2884204
S3156000D0800BD2BDF80010380080B2091A0022706811
S3156000D090BFB2C71938001EF02EE8002005E071689F
S3156000D0A031F8101018EB0108401CBDF80010022280
S3156000D0B091FBF2F18842F2DB1421300006F094FF16
S3156000D0C000280CD0B9F85C00401CA9F85C00D9F8BF
S3156000D0D04001401CC9F840017FF0010095E0776887
S3156000D0E07089142804D200201FF0B7FB1FF079FB6B
S3156000D0F00D990C9887F808B07972C9B25FFA8BFB04
S3156000D1005BEA012B18FA8BF12A683A613A6911FADF
S3156000D11082F13A6911EB12411FFA8AFA04229AFBEC
S3156000D120F2F252F040023A707870C0B23A7852EA3F
S3156000D130002211FA82F830891EF0D6FB7880788852
S3156000D14018EB00080020F880DFF8DCA0BAF80000D1
S3156000D1501EF0CAFBB880B88818EB0000BAF8001059
S3156000D160491CAAF80010002C03D130490968F960FF
S3156000D17001E02168F960F96810FA81F0F96810EB4E
S3156000D180114081B211EB104111EB1141C943798114
S3156000D19013E0708914280CDAB9F85C00401CA9F811
S3156000D1A05C00D9F84001401CC9F840017FF00100DD
S3156000D1B02BE071680869029002AD0E9CB9F84800D0
S3156000D1C0401CA9F8480028686168884204D131008B
S3156000D1D0200005F0FDFC18E0707B400703D53100A8
S3156000D1E0200005F0F5FC208F002809D0208F3189BA
S3156000D1F0884205D22A002100300000F0A2FB04E03C
S3156000D2002A003100200063699847BDE8FE8F000060
S3156000D2109C75091024610B1028610B106C6B0B1048
S3156000D22084750910E000000124750B10E0EA021015
S3156000D23010B40300C243002A01D0002801D10120A6
S3156000D2401AE091F84120920701D4002014E04A6860
S3156000D250904201D100200FE08A6813404C688A68CA
S3156000D2601440A34207D18A6890438968C9438842BB
S3156000D27001D1012000E0002010BC704738B50025C0
S3156000D280DFF8F408046804E0E07F401EE0772500DC
S3156000D2902468002C08D0E07F0028F5D1200024689F
S3156000D2A0290000F002F8F4E731BD2DE9F8430600E5
S3156000D2B00D000027B54204D100201FF0CEFA1FF002
S3156000D2C090FA002D07D02868B04204D000201FF0E5
S3156000D2D0C4FA1FF086FADFF8A408D0F84C11491C8E
S3156000D2E0C0F84C11706841688888002823D174683A
S3156000D2F008687060142216F10801D4F8048040466C
S3156000D3001DF070EE01212000FFF77EF8200006F088
S3156000D3102DFF8046404680B210FA87F0B0F5803F18
S3156000D32004DB00201FF099FA1FF05BFA18EB070781
S3156000D330200006F0BCFE746817E06068A1460468C9
S3156000D340484606F013FF8046404680B210FA87F0E2
S3156000D350B0F5803F04DB00201FF07FFA1FF041FA32
S3156000D36018EB0707484606F0A2FE002CE5D1290017
S3156000D370300000F086F8DFF808482088390089B266
S3156000D380884204D200201FF068FA1FF02AFA20882B
S3156000D390C01B2080BFB23800BDE8F283F8B5040038
S3156000D3A00D00002600205FF0000C00230027DFF848
S3156000D3B0C817096814E0C27F91F81FE072450AD366
S3156000D3C00800634607E00022002A04D07F1C00287C
S3156000D3D0F1D1080063460A68002A00D08C460968C5
S3156000D3E0002910D0E268D1F814E0964509D1226987
S3156000D3F0D1F818E0964504D18A89B4F804E07245FC
S3156000D400E1D00122E0E7002803D01900FFF74DFFC5
S3156000D4108619AE4201DA022FC4DA3000F2BD70B569
S3156000D42005000E00042005F084F90400002C12D1DA
S3156000D43031002800FFF7B2FFB04203DB042005F09D
S3156000D44078F90400002C06D1DFF83007818F491C7B
S3156000D4508187002014E020210022260030001DF084
S3156000D4604AEE0F20E077DFF810070168216004605C
S3156000D470142214F10806290030001DF0B4ED2000D6
S3156000D48070BD38B505000C00DFF8EC060168A942EE
S3156000D49002D12968016008E0002C04D100201FF049
S3156000D4A0DCF91FF09EF9286820602900042005F049
S3156000D4B060F931BD2DE9F0470600894690460024A3
S3156000D4C00125D9F8047078881EF00EFA82463878FD
S3156000D4D010F00F00C0B2800051460200D2B289B28D
S3156000D4E092B2914202D25FF0FF30B8E0C0B2BAEBBE
S3156000D4F0000AF8881EF0F8F9C004C00C80B2C000BB
S3156000D500D9F8047000213960B8801AEB000AA7F8D0
S3156000D51006A0F98880B2814202D25FF0FF309EE0B9
S3156000D520706810E0B8888A88904247D0B888CA8800
S3156000D530904246D3002C04D0E0888A88904200D07E
S3156000D540002508680C00002823D04168BA888B88BB
S3156000D5509A42E7D23860002C12D0BA88E3889A42A1
S3156000D56003D38988FA88914202D25FF0FF3076E071
S3156000D570C4F80090E188BA8891420AD0002508E094
S3156000D5808988FA88914202D25FF0FF3067E0C6F878
S3156000D5900490002822D1002C16D0B888E1888842F1
S3156000D5A004D200201FF059F91FF01BF9C4F800904F
S3156000D5B0E088B988884211D000250FE05FF0FF301F
S3156000D5C04DE05FF0FF304AE07068002804D000202C
S3156000D5D01FF043F91FF005F9C6F80490404600288D
S3156000D5E002D1B07FC00739D5002D31D070680028D0
S3156000D5F004D0706840688088002801D0002527E044
S3156000D6003900386801E039003868002805D0476875
S3156000D610C888B9888842F6D00025002D18D0706871
S3156000D620002804D100201FF018F91FF0DAF870689E
S3156000D6304068B84204D100201FF00FF91FF0D1F8FE
S3156000D6403868002804D000201FF007F91FF0C9F8D9
S3156000D650002D01D0012000E0002000E00020BDE8A0
S3156000D660F0872DE9F84F8046DFF81065708E401C14
S3156000D6707086D6F85C01401CC6F85C01D8F8045088
S3156000D680287810F00F008000C0B2142805D0B6F8D4
S3156000D6904400401CA6F84400A2E0E8881EF024F985
S3156000D6A0C004C00C80B25FEAC00A68881EF01CF92C
S3156000D6B0297811F00F01C9B2890002000B00DBB2B4
S3156000D6C092B29BB29A42C0F08B80C9B2401AADF852
S3156000D6D00000404606F04AFD8146DFF8A4743888AB
S3156000D6E010FA89F00B280FDB494689B22800FFF74C
S3156000D6F055FE002804D0388810FA89F00B2803DB21
S3156000D700B08F401CB0876BE0DFF86C04046800E003
S3156000D7102468002C17D0E8686169814209D12869BC
S3156000D720A169814205D1A089A988884201D10120D9
S3156000D73000E000200028EBD0DFF84064B6F8460031
S3156000D740401CA6F84600002C08D1494689B228003C
S3156000D750FFF765FE0400002C11D141E0E8881EF059
S3156000D760C3F8C0040BD1E0891EF0BEF8C00406D031
S3156000D7701422290014F1080B58461DF034ECE88891
S3156000D780C0F3401515F0010595F00105EDB2002DC9
S3156000D7902FD0BDF8000010EB0A000100524689B296
S3156000D7A092B2914204D380B24FF6EC71884220DB8C
S3156000D7B0002C04D100201FF050F81FF012F86068AA
S3156000D7C000280DD1DFF8B0030068844204D0002041
S3156000D7D01FF043F81FF005F800212000FFF751FE07
S3156000D7E0F08E401CF086404606F061FC0020BDE8E5
S3156000D7F0F28F2A0041462000FFF75CFE10F1010F10
S3156000D800D6D0398819EB0109A7F80090002D09D008
S3156000D810BDF8001011EB0A0AA4F81CA0A17F51F014
S3156000D8200101A17701285CD1B4F81C8018F11408B5
S3156000D8306068406805686068D0F80490142214F146
S3156000D8400801CA4650461DF0CEEB404680B21EF037
S3156000D8504BF8A9F802000020A9F806000020A9F8F4
S3156000D8600A00142148461EF0FCF8A9F80A00D4F80C
S3156000D87004800BE0D5F804901421280006F0B9FB6B
S3156000D8802900404606F08FFCD9F80050002DF1D1F2
S3156000D890B94801688C4201D1002107E0016800E0C7
S3156000D8A00968002902D00868A042F9D12000FFF774
S3156000D8B0E8FD404606F05AFC04003888210089B22B
S3156000D8C0884204D200201EF0C8FF1EF08AFF388806
S3156000D8D0041B3C80D6F84801401CC6F84801404607
S3156000D8E085E7002083E780B5052004F022FF02BDAE
S3156000D8F010B50400002C04D100201EF0AEFF1EF00F
S3156000D90070FF2100052004F034FF10BD38B5050016
S3156000D9102C00002C04D100201EF09FFF1EF061FF3A
S3156000D920AC4204D000201EF098FF1EF05AFF6069DA
S3156000D930002802D0606906F0BAFB2000FFF7D8FF26
S3156000D94031BD2DE9F24F88B0070014005FF0000882
S3156000D9500898008F1438082190FBF1F0ADF80C00A0
S3156000D9605FF0140A786805900598017811F00F0148
S3156000D9708900C9B2142902D07FF0050098E0798940
S3156000D980142902DA7FF0050092E0C0881DF0ACFF32
S3156000D990C104C90CADF80A1080B210F400500690AC
S3156000D9A03889B0F1140B079445E0002009E018EBC4
S3156000D9B00A0A0898008F1438594689B28842F4DBFF
S3156000D9C00120BDF80A10C904C90C002802D00698C7
S3156000D9D0002801D051F40051080080B21DF084FF88
S3156000D9E00499C880BDF80800143080B21DF07CFF31
S3156000D9F004994880002004994881142104981EF0F7
S3156000DA0030F804994881079A31000898089B5B6949
S3156000DA1098475A48018E491C0186300006F047FB3C
S3156000DA20BDF80800BBEB000BBDF80A10BDF80C0092
S3156000DA304118ADF80A10584680B2002800F093806D
S3156000DA405846BDF80C1089B2C90080B289B28842C6
S3156000DA5002D2ADF808B005E0BDF80C0080B2C00097
S3156000DA60ADF808004FF4207214210E2006F055F927
S3156000DA700600002E14D07089142804DA00201EF0E7
S3156000DA80ECFE1EF0AEFE14220598009074680099B4
S3156000DA9020001DF0A8EA70680490BDF808900DE0BB
S3156000DAA03648D0F85411491CC0F854115FF0FF3065
S3156000DAB009B0BDE8F08F5FF0000A3F68484680B263
S3156000DAC000283FF474AFB7F80A80B8EB0A08788983
S3156000DAD0514689B2884204D200201EF0BEFE1EF076
S3156000DAE080FE4846414680B289B2884201D2C84625
S3156000DAF0FFE7404680B20028DDD0FFF7F4FE050060
S3156000DB00002D03D1300006F0D2FAC9E7404680B254
S3156000DB1001907868514689B2401800902B004122E6
S3156000DB20414689B2002006F0B5F90400002C06D102
S3156000DB302800FFF7DDFE300006F0B9FAB0E73800DE
S3156000DB4006F01DFB6F610F4828612100300006F06A
S3156000DB502AFBB9EB0809484680B20028AED05FF0D0
S3156000DB60000A3F68AAE70548D0F85011491CC0F87A
S3156000DB70501100209CE70000A07509106C6B0B101B
S3156000DB8026750B10C5C8001038B50D0011001C00B5
S3156000DB900123DFF88024C9B228000BF0C6FF0028F5
S3156000DBA001D1F12014E02A68DFF86C04006800E017
S3156000DBB0006800280BD090F884100029F8D090F8FF
S3156000DBC084109142F4D1C4F8E400002000E0F12012
S3156000DBD032BD78B587B00D0016000120009001AB0C
S3156000DBE02A78291D02A80BF05DFFDFF82C04046873
S3156000DBF00DE094F88400002808D094F88400009022
S3156000DC0023000122694602A80BF058FF2468002C05
S3156000DC10EFD19DF8160000280AD19DF814200499CA
S3156000DC2028000BF093FB0698C6F8E400002000E09D
S3156000DC30F12008B070BD2DE9FC4105000C00D5F857
S3156000DC40E47044F6FC110022DFF8D063B04640462B
S3156000DC501DF050EA97F8840002F013F9002804D109
S3156000DC60310097F8840002F030F9E868012810D096
S3156000DC7054D3032819D012D3052826D01BD30728DE
S3156000DC8033D02CD3092843D038D30B2844D041D382
S3156000DC9044E00425D6F8F005008820603FE00425BE
S3156000DCA0D6F8F4050088206039E00425D6F8F80532
S3156000DCB00088206033E00425D6F8FC050088ADF8BE
S3156000DCC000009DF80000206029E00425D6F8FC05D8
S3156000DCD00088ADF800009DF8010020601FE0042573
S3156000DCE0D6F800060068206019E006252A0012B200
S3156000DCF006F2046120001DF076E910E0B6F90A56D6
S3156000DD002A0012B206F20C6120001DF06CE906E0F2
S3156000DD10002504E0002502E0002500E0002528003B
S3156000DD2000B2BDE8F6812DE9F0471D000E684F6828
S3156000DD30D1F80880B848046800E02468002C3BD01D
S3156000DD4094F884000028F8D094F88400B842F4D19E
S3156000DD5044F6FC110022DFF8C492CA4650461DF014
S3156000DD60CAE994F8840002F08CF8002804D1494688
S3156000DD7094F8840002F0A9F8002100E0491C08002C
S3156000DD80C0B20428D9DA0800C0B219EB000090F8D6
S3156000DD904C0E0028F2D00800C0B219EB8000D0F813
S3156000DDA0500EB042EAD10800C0B2401C4045E5D1F1
S3156000DDB0C5F8E440002000E0F120BDE8F0872DE9D9
S3156000DDC0F8418BB00D0016000320009008AB2A784E
S3156000DDD0291D03A80BF066FE8F48046800E02468DE
S3156000DDE0002C3DD094F884000028F8D044F6FC114D
S3156000DDF000228A4FB84640461DF07CE994F88400BC
S3156000DE0002F03FF8002804D1390094F8840002F04B
S3156000DE105CF85FF0000815E04046C0B217EB800082
S3156000DE20D0F8500E0090684694F8841041604146E0
S3156000DE30C9B2491C816023000322694603A80BF01E
S3156000DE403DFE0AE04046C0B20428C8DA4046C0B289
S3156000DE50381890F84C0E0028DED118F10108F1E769
S3156000DE609DF81A0000280AD19DF818200599280007
S3156000DE700BF06CFA0798C6F8E400002000E0F12089
S3156000DE800CB0BDE8F0812DE9F04105000C00D5F835
S3156000DE90E470002044F6FC110022604EB046404615
S3156000DEA01DF028E997F8840001F0EBFF002804D103
S3156000DEB0310097F8840002F008F8E868012812D06B
S3156000DEC0C0F0A280032826D019D305283BD02ED3D4
S3156000DED0072850D043D3092872D05CD30B2800F0B2
S3156000DEE0878079D390E0A969491E04254FF46E6056
S3156000DEF04143701841F21A41405A206085E0A96991
S3156000DF00491E04254FF46E604143701841F21C416E
S3156000DF10405A206079E0A969491E04254FF46E6075
S3156000DF204143701841F21E41405A20606DE0A96974
S3156000DF30491E04254FF46E604143701810F5A150D8
S3156000DF400078206061E0A969491E04254FF46E607F
S3156000DF504143701841F22141405C206055E0A96957
S3156000DF60491E04254FF46E604143701841F2244106
S3156000DF704058206049E0A969491E06252A0012B268
S3156000DF804FF46E604143701841F2284141182000F9
S3156000DF901DF028E839E0A869401E4FF46E6101FB68
S3156000DFA000F2B21841F22E43D55E2A0012B24843FF
S3156000DFB0301841F23041411820001DF014E824E089
S3156000DFC0A969491E04254FF46E604143701841F2F9
S3156000DFD03051405A206018E0A969491E04254FF463
S3156000DFE06E604143701841F23251405C20600CE033
S3156000DFF0A969491E04254FF46E604143701841F2C9
S3156000E0003351405C206000E00025280000B2BDE886
S3156000E010F081000074EC021024610B10A4750910E5
S3156000E020F0B400241C700C00A4B2002C35D0049C03
S3156000E0302500EDB2022D02DA5FF0FF3066E005786A
S3156000E040491E2E00F6B22B2E06D101251560121D33
S3156000E05003251560121D1DE02E00F6B2282E06DA85
S3156000E06000261660121DEDB21560121D12E02E001C
S3156000E070F6B2502E07DA01261660121DEDB2283D63
S3156000E0801560121D06E002261660121DEDB2503DA7
S3156000E0901560121D02251D7006E0002036E0166030
S3156000E0A0121D1D786D1C1D700D00ADB2002D26D0A1
S3156000E0B01D782600F6B2B54221D2401C0578491E6D
S3156000E0C02E0602D4EDB21560EAE72E00F6B236F0FF
S3156000E0D0800609E0401C0578491E37002E00F6B21E
S3156000E0E036F0800616EBC7160F00BFB2002F01D0C0
S3156000E0F02F06EFD42D06D2D57FF0050006E089B253
S3156000E100002902D05FF0FF3000E00020F0BC7047CD
S3156000E11038B50D0011001C000123DFF8C02BC9B211
S3156000E12028000BF002FD002801D1F12014E02A68D6
S3156000E130DFF8AC0B006800E0006800280BD090F8B0
S3156000E14084100029F8D090F884109142F4D1C4F874
S3156000E150E400002000E0F12032BD78B587B00D0004
S3156000E16016000120009001AB2A78291D02A80BF049
S3156000E17099FCDFF86C0B04680DE094F884000028C5
S3156000E18008D094F88400009023000122694602A812
S3156000E1900BF094FC2468002CEFD19DF81600002843
S3156000E1A00AD19DF81420049928000BF0CFF8069840
S3156000E1B0C6F8E400002000E0F12008B070BD2DE94B
S3156000E1C0F04106000C00D6F8E47044F6FC1100221B
S3156000E1D0DFF8E45BA84640461CF08CEF97F88400B5
S3156000E1E001F04FFE002804D1290097F8840001F061
S3156000E1F06CFEF068022804D016D304280DD004D330
S3156000E20012E00420696821600FE044F6F810295C8A
S3156000E21020000BF035FD042007E004232A7BC8218B
S3156000E22020000BF0EAFC00E0002000B2BDE8F081BF
S3156000E23038B514000A25C068022804D02ED30428F5
S3156000E2401DD00ED32AE089B2042904D000201EF026
S3156000E25004FB1EF0C6FA2068401E042800D2002582
S3156000E2601CE089B2042904D000201EF0F6FA1EF0E4
S3156000E270B8FA2068401E022800D200250EE06A46E1
S3156000E28089B220000BF07CFC002806D1009810F0C3
S3156000E2900F000099884200D10025FFE72800C0B230
S3156000E2A032BD2DE9FC470700884691460024D7F821
S3156000E2B0E45044F6FC110022DFF8FC6AB246504690
S3156000E2C01CF018EF95F8840001F0DBFD002804D1FE
S3156000E2D0310095F8840001F0F8FDF868022804D052
S3156000E2E054D3042836D016D350E0D9F800007060B5
S3156000E2F001203072310095F8840001F00FFE00288D
S3156000E30007D195F8840001F02EFE002802D00D2476
S3156000E31000E00D243AE0694648460BF057FC9DF84C
S3156000E3200000002801D0012000E0002044F6F8112A
S3156000E3307054310095F8840001F0F0FD002807D193
S3156000E34095F8840001F00FFE002802D00D2400E04D
S3156000E3500D241BE001AA1FFA88F8414648460BF0D7
S3156000E3600FFC002811D101983073310095F88400B4
S3156000E37001F0D4FD002807D195F8840001F0F3FD83
S3156000E380002802D00D2400E00D24FFE72000C0B273
S3156000E390BDE8F68738B5080011001C0000256A46FE
S3156000E3A0491BC9B22B00DBB210EB83000AF06CFF8D
S3156000E3B04519EDB2002D01D1F12016E0DFF82009F4
S3156000E3C0006800E0006800280ED090F84010002930
S3156000E3D0F8D041680029F5D0009942689142F1D1A0
S3156000E3E0C4F8E400002000E0F12032BDF8B5AAB020
S3156000E3F00D0016001220009018AB2A78291D01A87E
S3156000E4000BF050FBDFF8D808046818E094F8400079
S3156000E410002813D06068002810D0002706A83900AD
S3156000E420C9B210EB8101201D0AF024FFC719230031
S3156000E4303A00D2B206A901A80BF040FB2468002C72
S3156000E440E4D19DF8120000280AD19DF810200399A6
S3156000E45028000AF07BFF0598C6F8E400002000E07B
S3156000E460F1202BB0F0BD2DE9F84306000C0000202A
S3156000E4700020002500271AE044F6FC110022DFF890
S3156000E4803889C14648461CF036EE781CC0B201F0A9
S3156000E490F8FC00280AD14146781CC0B201F015FD8F
S3156000E4A098F80D10D7F1070081400D437F1C3800A6
S3156000E4B0C0B20828E0DBF068012802D1012025708F
S3156000E4C000E0002000B2BDE8F28303000A20DB68AA
S3156000E4D0012B06D189B240F20122914200DA002076
S3156000E4E0FFE7C0B270472DE9F04114000025002116
S3156000E4F0C068012836D10D2500262EE000201CE0DC
S3156000E50044F6FC110022DFF8B078B84640461CF0AD
S3156000E510F2ED701CC0B201F0B4FC00281CD13900C9
S3156000E520701CC0B201F0D1FC002815D12078D6F15C
S3156000E530070108410028E1D0012078733900701C7A
S3156000E540C0B201F0EBFC002806D1701CC0B201F02D
S3156000E5500AFD002800D10025761C3000C0B20828CC
S3156000E560CEDBFFE72800C0B2BDE8F081F8B5060053
S3156000E5700C00002044F6FC110022DFF83C582F0006
S3156000E58038001CF0B8ED012001F07BFC002803D1B7
S3156000E5902900012001F099FC30684068012807D005
S3156000E5A01ED303280ED008D3052813D00ED317E048
S3156000E5B00420696A0988216013E00420296A0978C1
S3156000E5C021600EE00420A96A21600AE00420E96A5D
S3156000E5D0216006E0042044F6F4116958216000E0E9
S3156000E5E0002000B2F2BD38B514000A250068406804
S3156000E5F0012807D051D3032822D013D305283CD055
S3156000E6002CD34AE089B2042904D000201EF025F9F3
S3156000E6101EF0E7F82068401F47F6FC71884200D27A
S3156000E62000253AE089B2042904D000201EF015F9CD
S3156000E6301EF0D7F82068801E092800D200252CE03D
S3156000E64089B2042904D000201EF007F91EF0C9F82B
S3156000E6502068401E0A2800D200251EE089B20429DF
S3156000E66004D000201EF0F9F81EF0BBF82068401EAA
S3156000E670B0F5005F00D200250FE089B2042904D00E
S3156000E68000201EF0EAF81EF0ACF82068401F40F645
S3156000E6900C61884200D20025FFE72800C0B232BD77
S3156000E6A02DE9F0411500002400210068406801282A
S3156000E6B00AD0C0F0F380032864D034D3052800F074
S3156000E6C0BD80C0F08D80E9E0002600E0761C300059
S3156000E6D0C0B2082826DA44F6FC110022DFF8D876A4
S3156000E6E0B84640461CF006ED701CC0B201F0C9FB8E
S3156000E6F00028EBD13900701CC0B201F0E6FB286837
S3156000E700796A08803900701CC0B201F007FC0028E5
S3156000E71007D1701CC0B201F026FC0028D6D00D24AB
S3156000E72000E00D24BAE0002600E0761C3000C0B29E
S3156000E730082826DA44F6FC110022DFF87C76B84613
S3156000E74040461CF0D8EC701CC0B201F09AFB002861
S3156000E750EBD13900701CC0B201F0B7FB2868396A8A
S3156000E76008703900701CC0B201F0D8FB002807D1D0
S3156000E770701CC0B201F0F7FB0028D6D00D2400E073
S3156000E7800D248BE0002600E0761C3000C0B208281D
S3156000E79025DA44F6FC110022DFF81C76B8464046BE
S3156000E7A01CF0A8EC701CC0B201F06BFB0028EBD12A
S3156000E7B03900701CC0B201F088FB2868B862390065
S3156000E7C0701CC0B201F0AAFB002807D1701CC0B251
S3156000E7D001F0C9FB0028D7D00D2400E00D245DE0D0
S3156000E7E0002600E0761C3000C0B2082825DA44F620
S3156000E7F0FC110022DFF8C075B84640461CF07AEC82
S3156000E800701CC0B201F03DFB0028EBD13900701CD2
S3156000E810C0B201F05AFB2868F8623900701CC0B2B9
S3156000E82001F07CFB002807D1701CC0B201F09BFB95
S3156000E8300028D7D00D2400E00D242FE0002600E04C
S3156000E840761C3000C0B2082827DA44F6FC11002294
S3156000E850DFF86475B84640461CF04CEC701CC0B2DC
S3156000E86001F00FFB0028EBD13900701CC0B201F03B
S3156000E8702CFB286844F6F41178503900701CC0B23D
S3156000E88001F04CFB002807D1701CC0B201F06BFB95
S3156000E8900028D5D00D2400E00D24FFE72000C0B28B
S3156000E8A0BDE8F08138B50D0011001C000123DFF8CA
S3156000E8B02C2CC9B228000BF038F9002801D1F120C0
S3156000E8C014E02A68DFF81804006800E00068002891
S3156000E8D00BD090F884100029F8D090F884109142FB
S3156000E8E0F4D1C4F8E400002000E0F12032BD78B530
S3156000E8F087B00D0016000120009001AB2A78291D13
S3156000E90002A80BF0CFF8DFF8D80304680DE094F89E
S3156000E9108400002808D094F8840000902300012227
S3156000E920694602A80BF0CAF82468002CEFD19DF85E
S3156000E930160000280AD19DF81420049928000AF0D0
S3156000E94005FD0698C6F8E400002000E0F12008B056
S3156000E95070BD2DE9F04106000C00D6F8E47044F66F
S3156000E960FC110022DFF85054A84640461CF0C2EB6A
S3156000E97097F8840001F085FA002804D1290097F8F9
S3156000E980840001F0A2FAF068022803D104206969C4
S3156000E990216000E0002000B2BDE8F08138B50D00CE
S3156000E9A011001C000123DFF8182CC9B228000BF0F7
S3156000E9B0BCF8002801D1F12014E02A68DFF82003B2
S3156000E9C0006800E0006800280BD090F884100029E9
S3156000E9D0F8D090F884109142F4D1C4F8E400002095
S3156000E9E000E0F12032BD78B587B00D001600012039
S3156000E9F0009001AB2A78291D02A80BF053F8B8489D
S3156000EA0004680DE094F88400002808D094F8840027
S3156000EA10009023000122694602A80BF04FF8246893
S3156000EA20002CEFD19DF8160000280AD19DF814201D
S3156000EA30049928000AF08AFC0698C6F8E4000020CB
S3156000EA4000E0F12008B070BD2DE9F04106000C0031
S3156000EA50D6F8E470002044F6FC110022DFF8585323
S3156000EA60A84640461CF046EB97F8840001F009FA88
S3156000EA70002804D1290097F8840001F026FAF0688E
S3156000EA80022809D026D3042810D00AD3062817D026
S3156000EA9011D3072819D01DE00420D5F82C1E21605B
S3156000EAA019E00420D5F8301E216014E00420D5F862
S3156000EAB0341E21600FE00420D5F8381E21600AE07C
S3156000EAC00420D5F83C1E216005E00420D5F8281EF8
S3156000EAD0216000E0002000B2BDE8F0812DE9F84138
S3156000EAE085B004000D0000200020142100226E462F
S3156000EAF030001CF000EB002631E044F6FC110022E9
S3156000EB00AD4FB84640461CF0F6EA701CC0B201F044
S3156000EB10B8F9002822D13900701CC0B201F0D5F9CD
S3156000EB20009944F6E010385841180091019944F66E
S3156000EB30E410385841180191029944F6E8103858A3
S3156000EB4041180291039944F6EC1038584118039124
S3156000EB50049944F6F010385841180491761C300038
S3156000EB60C0B20828C9DB20684068012807D01AD3DC
S3156000EB7003280CD007D3052811D00CD313E004204A
S3156000EB800099296010E00420019929600CE00420B6
S3156000EB900299296008E004200399296004E00420B2
S3156000EBA00499296000E0002000B206B0BDE8F0815B
S3156000EBB038B50D0011001C000123DFF8F42BC9B233
S3156000EBC028000AF0B2FF002801D1F12013E02A687C
S3156000EBD04348006800E0006800280BD090F8841075
S3156000EBE00029F8D090F884109142F4D1C4F8E4007A
S3156000EBF0002000E0F12032BD78B587B00D00160028
S3156000EC000120009001AB2A78291D02A80AF04AFF6C
S3156000EC10334804680DE094F88400002808D094F81E
S3156000EC208400009023000122694602A80AF046FF8C
S3156000EC302468002CEFD19DF8160000280AD19DF8B3
S3156000EC401420049928000AF081FB0698C6F8E400AF
S3156000EC50002000E0F12008B070BD2DE9F04105000C
S3156000EC600C00D5F8E470002044F6FC110022524EE8
S3156000EC70B04640461CF03EEA97F8840001F001F980
S3156000EC80002804D1310097F8840001F01EF9E86885
S3156000EC90022804D01CD3042810D005D318E004251C
S3156000ECA096F83701206014E0B6F938512A0012B29E
S3156000ECB016F59D7120001CF096E90AE0B6F93A5205
S3156000ECC02A0012B216F50F7120001CF08CE900E0E4
S3156000ECD00025280000B2BDE8F081000034F2021081
S3156000ECE024610B1038B5080011001C0000256A4627
S3156000ECF0491BC9B22B00DBB210EB83000AF0C4FAE1
S3156000ED004519EDB2002D01D1F12016E0DFF8900C27
S3156000ED10006800E0006800280ED090F840100029D6
S3156000ED20F8D041680029F5D0009942689142F1D146
S3156000ED30C4F8E400002000E0F12032BDF8B5AAB0C6
S3156000ED400D0016001220009018AB2A78291D01A824
S3156000ED500AF0A8FEDFF8480C046818E094F8400052
S3156000ED60002813D06068002810D0002706A8390054
S3156000ED70C9B210EB8101201D0AF07CFAC719230085
S3156000ED803A00D2B206A901A80AF098FE2468002CBF
S3156000ED90E4D19DF8120000280AD19DF8102003994D
S3156000EDA028000AF0D3FA0598C6F8E400002000E0CF
S3156000EDB0F1202BB0F0BD0000A0BF09102DE9F04195
S3156000EDC0B4B006000C00D6F8E470002044F6FC11DE
S3156000EDD00022DFF8D05BA84640461CF08CE997F825
S3156000EDE0840001F04EF8002804D1290097F88400C9
S3156000EDF001F06BF8F068032806D02FD305280DD0F4
S3156000EE0007D306280FD029E0042095F84415216021
S3156000EE1025E0042095F86615216020E00420D5F8E9
S3156000EE20681521601BE03220009001AB02AAB5F89C
S3156000EE306C1505F26E50FFF7F3F800280CD19DF8BB
S3156000EE400400820002A920001CF0CCE89DF80400B2
S3156000EE5000B2800000B203E0002000E0002000B2B3
S3156000EE6034B0BDE8F081F8B505000C00002044F62A
S3156000EE70FC110022DFF82C6B370038001CF03AE9F1
S3156000EE80012000F0FEFF002803D13100012001F0CF
S3156000EE901CF828684068012809D03DD3032815D09E
S3156000EEA00AD3052826D01BD306282CD034E00425A7
S3156000EEB096F83400206030E0B6F936502A0012B277
S3156000EEC016F1380120001CF08EE826E0B6F93C53B6
S3156000EED02A0012B206F23E3120001CF084E81CE0E3
S3156000EEE0B6F93E542A0012B216F5886120001CF06D
S3156000EEF07AE812E00823B6F84025C82120000AF017
S3156000EF007CFE050009E00823B6F84225C8212000EA
S3156000EF100AF073FE050000E00025280000B2F2BD8D
S3156000EF202DE9F0470C0011001D000323DFF82C2C9F
S3156000EF30C9B220000AF0F9FD002801D1F12047E0AE
S3156000EF4026686768D4F80880DFF8540A046800E029
S3156000EF502468002C3BD094F884000028F8D094F8FC
S3156000EF608400B842F4D144F6FC110022DFF8349AEA
S3156000EF70CA4650461CF0BEE894F8840000F081FF53
S3156000EF80002804D1494694F8840000F09EFF0021D1
S3156000EF9000E0491C0800C0B20428D9DA0800C0B2F3
S3156000EFA019EB000090F84C0E0028F2D00800C0B2B1
S3156000EFB019EB8000D0F8500EB042EAD10800C0B21A
S3156000EFC0401C4045E5D1C5F8E440002000E0F12052
S3156000EFD0BDE8F0872DE9F8418BB00D0016000320DF
S3156000EFE0009008AB2A78291D03A80AF05BFDDFF8BC
S3156000EFF0B009046800E02468002C3ED094F88400D0
S3156000F0000028F8D044F6FC110022DFF89879B8465B
S3156000F01040461CF070E894F8840000F032FF002847
S3156000F02004D1390094F8840000F04FFF5FF00008C7
S3156000F03015E04046C0B217EB8000D0F8500E009045
S3156000F040684694F8841041604146C9B2491C8160A3
S3156000F05023000322694603A80AF030FD0AE0404611
S3156000F060C0B20428C7DA4046C0B2381890F84C0ED1
S3156000F0700028DED118F10108F1E79DF81A00002892
S3156000F0800AD19DF81820059928000AF05FF90798BB
S3156000F090C6F8E400002000E0F1200CB0BDE8F08185
S3156000F0A02DE9F04104000D00D4F8E470002044F628
S3156000F0B0FC110022DFF8EC68B04640461CF01AE806
S3156000F0C097F8840000F0DDFE002804D1310097F83F
S3156000F0D0840000F0FAFEE068042811D0C0F0D78002
S3156000F0E0062831D019D3082852D03AD30A2800F01E
S3156000F0F0818066D30C2800F0B080C0F09480C6E0B2
S3156000F100A169491E0424042906D24FF46E60414366
S3156000F110701890F8600E2860BAE0A069401E042856
S3156000F12010D24FF46E6101FB00F2B218B2F9624E72
S3156000F130220012B24843301800F6646128001BF0C2
S3156000F14052EF00E00024A3E0A169491E04240429CB
S3156000F15006D24FF46E604143701890F8630F2860D2
S3156000F16096E0A069401E042810D24FF46E6101FB40
S3156000F17000F2B218B2F9644F220012B24843301856
S3156000F18000F6667128001BF02EEF00E000247FE099
S3156000F190A069401E042812D24FF46E6101FB00F292
S3156000F1A0B21841F26603D45E220012B248433018A8
S3156000F1B041F26801411828001BF014EF00E00024BA
S3156000F1C066E0A069401E042812D24FF46E6101FB0E
S3156000F1D000F2B21841F26813D45E220012B24843BC
S3156000F1E0301841F26A11411828001BF0FCEE00E06D
S3156000F1F000244DE0A069401E042812D24FF46E61CF
S3156000F20001FB00F2B21841F26A23D45E220012B208
S3156000F2104843301841F26C21411828001BF0E2EE99
S3156000F22000E0002434E0A169491E04290DD20823B8
S3156000F2304FF46E604143701841F26C31425AC821F6
S3156000F24028000AF0DAFC040006E008230022C82140
S3156000F25028000AF0D2FC04001AE0A169491E0429BC
S3156000F2600DD208234FF46E604143701841F26E313F
S3156000F270425AC82128000AF0C0FC040006E00823B0
S3156000F2800022C82128000AF0B8FC040000E000242F
S3156000F290200000B2BDE8F0812DE9F84F0C001100A6
S3156000F2A01D000823DFF89829C9B220000AF03DFC4A
S3156000F2B0002801D1F1207AE026686768D4F80880D2
S3156000F2C0D4F80C9020698DF8000060698DF8010013
S3156000F2D0A0698DF80200E0698DF80300DFF8C006CA
S3156000F2E0046800E02468002C60D094F8840000284C
S3156000F2F0F8D094F88400B842F4D144F6FC110022A8
S3156000F300DFF8A0B6DA4650461BF0F4EE94F88400B7
S3156000F31000F0B7FD002804D1594694F8840000F047
S3156000F320D4FD5FF0000A01E01AF1010A5046C0B24E
S3156000F3300428D7DA5046C0B21BEB000090F84C0E9A
S3156000F3400028F1D05046C0B21BEB8000D0F8500EBA
S3156000F350B042E9D15046C0B2401C4045E4D141F2CA
S3156000F36071314FF46E605246D2B242431BEB0202D9
S3156000F370525C4A45D8D15246D2B242431BEB020296
S3156000F380515C0129D0D1042269465346DBB200FBA9
S3156000F39003F01BEB000041F27233C0181BF06CEEF9
S3156000F3A00028C1D1C5F8E440002000E0F120BDE8A6
S3156000F3B0F28F2DE9F04196B00D00160008200090FE
S3156000F3C00EAB2A78291D01A80AF06CFBDFF8D00580
S3156000F3D0046800E02468002C6DD094F8840000284E
S3156000F3E0F8D044F6FC110022DFF8B88547463800AD
S3156000F3F01BF080EE94F8840000F043FD002804D1F1
S3156000F400414694F8840000F060FD002745E038002E
S3156000F410C0B218EB8000D0F8500E069006A994F89A
S3156000F420840048603800C0B2401C88604FF46E604B
S3156000F4303A00D2B2424318EB020241F27133D25C17
S3156000F440CA603A00D2B2424318EB020241F272330A
S3156000F450D25C0A613900C9B2414318EB010141F23D
S3156000F4607332895C0B913900C9B2414318EB0101D3
S3156000F47041F27432895C0C913900C9B200FB01F02B
S3156000F48018EB000041F27531405C0D9023000822B4
S3156000F49006A901A80AF012FB0BE03800C0B20428E6
S3156000F4A098DA3800C0B218EB000090F84C0E0028CD
S3156000F4B0ADD17F1CF1E79DF8120000280AD19DF8B6
S3156000F4C010200399280009F041FF0598C6F8E4006A
S3156000F4D0002000E0F12016B0BDE8F0813CF2021099
S3156000F4E02DE9F041B4B006000C00D6F8E4700020B7
S3156000F4F044F6FC110022DFF8AC54A84640461BF0E7
S3156000F500FAED97F8840000F0BCFC002804D12900CD
S3156000F51097F8840000F0D9FCF068032804D049D33A
S3156000F52005281DD00ED345E0B269521E0420042A78
S3156000F53007D24FF46E614A43A91841F29232895C50
S3156000F540216038E0B269521E0420042A07D24FF4C3
S3156000F5506E614A43A91841F29432895821602AE0C3
S3156000F560B069401E042823D24FF46E6632210091A2
S3156000F57001AB02AA06FB00F1691841F29837C95B34
S3156000F5807043281841F29A354019FEF749FD002864
S3156000F5900CD19DF80400820002A920001BF022ED28
S3156000F5A09DF8040000B2800000B205E0002000E093
S3156000F5B0002000E0002000B234B0BDE8F081000019
S3156000F5C044F202102DE9F84F0C0011001D000423CF
S3156000F5D0DFF87026C9B220000AF0A7FA002801D128
S3156000F5E0F1205FE026686768D4F80880D4F80C904C
S3156000F5F0DFF8AC03046800E02468002C51D094F86E
S3156000F60084000028F8D094F88400B842F4D144F617
S3156000F610FC110022DFF88CA3D34658461BF06AED36
S3156000F62094F8840000F02DFC002804D1514694F82B
S3156000F630840000F04AFC002100E0491C0800C0B2CA
S3156000F6400428D9DA0800C0B21AEB000090F84C0E14
S3156000F6500028F2D00800C0B21AEB8000D0F8500E35
S3156000F660B042EAD10800C0B2401C4045E5D1002254
S3156000F67000E0521C1000C0B20428DEDA0B00DBB2D8
S3156000F6804FF46E6043431AEB03001300DBB2C018FD
S3156000F69041F23453C05C4845EBD1C5F8E4400020E4
S3156000F6A000E0F120BDE8F28F2DE9F0438DB00D004A
S3156000F6B016000420009009AB2A78291D04A80AF0D8
S3156000F6C0F1F9B748046800E02468002C5CD094F82F
S3156000F6D084000028F8D044F6FC110022B14FB846E9
S3156000F6E040461BF008ED94F8840000F0CAFB002841
S3156000F6F004D1390094F8840000F0E7FB5FF000085D
S3156000F70034E041F234514FF46E624046C0B2504329
S3156000F71038184B46DBB2C018405C00281ED0404605
S3156000F720C0B217EB8000D0F8500E0090684694F88F
S3156000F730843043604346DBB25B1C83604346DBB286
S3156000F74002FB03F2BA184B46DBB2D218515CC160B9
S3156000F75023000422694604A80AF0B0F919F10109E8
S3156000F7604846C0B20428CCDB18F101084046C0B256
S3156000F7700428A9DA4046C0B2381890F84C0E002822
S3156000F780F2D05FF00009EBE79DF81E0000280AD171
S3156000F7909DF81C200699280009F0D8FD0898C6F83F
S3156000F7A0E400002000E0F1200DB0BDE8F083000029
S3156000F7B04CF202102DE9F84307000C00D7F8E480FC
S3156000F7C0002544F6FC110022764EB14648461BF0F1
S3156000F7D092EC98F8840000F054FB002804D13100C4
S3156000F7E098F8840000F071FBF86802282DD1B96999
S3156000F7F0491E042927D200221BE041F234534FF4FC
S3156000F8006E6707FB01F0301894465FFA8CFC10EBCC
S3156000F8100C00C05C00280BD06D1C07FB01F7F019CB
S3156000F8201700FFB2C019C05C6B461700FFB2D8550F
S3156000F830521C1000C0B20428DFDB04226946200097
S3156000F8401BF0D0EB00E0002500E00025280000B2A8
S3156000F850BDE8F2832DE9F04F85B00C0011001D0064
S3156000F8600823DFF8E423C9B220000AF05EF9002815
S3156000F87001D1F12090E0266860680490A06803904A
S3156000F880E0688DF8040020698DF8050060698DF8E0
S3156000F8900600A0698DF80000E0690290404804689F
S3156000F8A000E02468002C76D094F884000028F8D014
S3156000F8B094F8840004998842F3D144F6FC1100223E
S3156000F8C0384FB84640461BF016EC94F8840000F0BA
S3156000F8D0D8FA002804D1390094F8840000F0F5FACB
S3156000F8E05FF0000801E018F101084046C0B2042844
S3156000F8F0D7DA4046C0B2381890F84C0E0028F2D0DD
S3156000F9004046C0B217EB8000D0F8500EB042EAD144
S3156000F9104046C0B2401C03998842E4D15FF00009BA
S3156000F92001E019F101094846C0B20428DBDA40F269
S3156000F930022A4FF46E6B032201A94046C0B20BFB4C
S3156000F94000F038184B46DBB20AFB03F3C01841F2ED
S3156000F9503853C0181BF090EB0028E2D14046C0B285
S3156000F9600BFB00FB17EB0B004946C9B20AFB01FA19
S3156000F97010EB0A0041F23B51405C9DF80010884252
S3156000F980CFD14846C0B2401C02998842C9D1C5F859
S3156000F990E440002000E0F12005B0BDE8F08F0000F3
S3156000F9A024610B10A0BF09102DE9F34F97B0150025
S3156000F9B00321002201AC20001BF09CEB0820009084
S3156000F9C00FAB189802781898011D02A80AF06AF819
S3156000F9D06348046800E02468002C00F0AC8094F86A
S3156000F9E084000028F7D044F6FC110022DFF85C8220
S3156000F9F0464630001BF07EEB94F8840000F041FA36
S3156000FA00002804D1414694F8840000F05EFA00268E
S3156000FA1082E041F2385940F2022A4FF46E6B0322BB
S3156000FA2001A93000C0B20BFB00F018EB00003B00F0
S3156000FA30DBB20AFB03F3C01810EB09001BF01CEBEA
S3156000FA40002862D041F23B513000C0B20BFB00F09F
S3156000FA5018EB00003A00D2B20AFB02F28018405C52
S3156000FA60002852D03000C0B218EB8000D0F8500E9B
S3156000FA70079007A894F8842042603200D2B2521CE4
S3156000FA8082603200D2B20BFB02F218EB02023B003C
S3156000FA90DBB20AFB03F3D21812F80920C260320007
S3156000FAA0D2B20BFB02F218EB02023B00DBB20AFB9E
S3156000FAB003F3D21841F23953D25C02613000C0B20E
S3156000FAC00BFB00F018EB00003A00D2B20AFB02F220
S3156000FAD0801841F23A52805C0C903000C0B20BFB49
S3156000FAE000FB18EB0B003A00D2B20AFB02FA10EBED
S3156000FAF00A00405C0D903800C0B2401C0E90230096
S3156000FB00082207A902A809F0D9FF7F1C3800C0B2F5
S3156000FB100428FFF67EAF761C3000C0B20428BFF61C
S3156000FB205AAF3000C0B218EB000090F84C0E0028B7
S3156000FB30F1D00027EAE79DF8160000280AD19DF863
S3156000FB4014200499189809F001FC0698C5F8E40099
S3156000FB50002000E0F12019B0BDE8F08F54F20210E9
S3156000FB6024610B102DE9FC4707000C00D7F8E46010
S3156000FB70002503210022E84640461BF0BCEA44F615
S3156000FB80FC110022DFF8C480C14648461BF0B2EA89
S3156000FB9096F8840000F075F9002804D1414696F87D
S3156000FBA0840000F092F9F868042843D1BE69761E95
S3156000FBB0FF6A7F1E042E3BD2042F3AD240F20229FE
S3156000FBC04FF46E6A032269460AFB06F018EB0000E2
S3156000FBD009FB07F3C01841F23853C0181BF04CEA12
S3156000FBE0002826D00AFB06F018EB000009FB07F197
S3156000FBF0401841F23B51405C00281AD00AFB06F0DF
S3156000FC0018EB000009FB07F1401841F23C51455ED4
S3156000FC102A0012B20AFB06F618EB060009FB07F784
S3156000FC20C01941F23E51411820001BF0DCE900E0AA
S3156000FC30002500E00025280000B2BDE8F687000038
S3156000FC406CF20210ACF20210CCF20210A0BF0910E6
S3156000FC50FEB505000020002015F18401002000207B
S3156000FC60DFF88806026852F4A0720260026832F415
S3156000FC7020720260002200E0521C1000C0B203280D
S3156000FC800CD2DFF86C361000C0B2185C0028F3D1D5
S3156000FC9001201400E4B21855521C0A700878002836
S3156000FCA002D17FF00B0094E00878042802D37FF03D
S3156000FCB00B008EE044F6FC163000FCF7FFF80400FB
S3156000FCC0002C02D17FF00B0083E000222700310078
S3156000FCD038001BF010EA2560206890F88400451E05
S3156000FCE0DFF81066012005F0C8F82900C9B246F8A9
S3156000FCF021002800C0B256F82000002805D1200057
S3156000FD00FCF754F97FF00B0063E0002001900420BB
S3156000FD10009023004FF40062DFF8DC052900C9B2C9
S3156000FD20090141180FF29D200FF085FF012805D0CB
S3156000FD302000FCF73BF97FF00B004AE000200190C1
S3156000FD400420009023004FF40062DFF8B00529001C
S3156000FD50C9B2090141180FF245300FF06CFF012856
S3156000FD6005D02000FCF722F97FF00B0031E000207F
S3156000FD7001900420009023004FF40062DFF88005B4
S3156000FD802900C9B2090141180FF2A1300FF053FFE3
S3156000FD90012805D02000FCF709F97FF00B0018E078
S3156000FDA0002001900420009023004FF40062DFF8E9
S3156000FDB05405EDB2290141180FF219400FF03BFFCF
S3156000FDC0012805D02000FCF7F1F87FF00B0000E079
S3156000FDD00020FEBD7FB504000020ADF8000001A83C
S3156000FDE0DFF82415D1E90023C0E90023002060680C
S3156000FDF0002802D15FF0FF3041E06068042802D33A
S3156000FE005FF0FF303BE06068451E062201A914F1F1
S3156000FE1008001BF032E9002802D05FF0FF302EE0C8
S3156000FE20022214F114016E4630001BF0DCE8BDF8C6
S3156000FE3000001BF059FDADF80000BDF8000048F663
S3156000FE40CC01884202D05FF0FF3018E0DFF8BC6476
S3156000FE502800C0B256F8200000280ED000230022E9
S3156000FE602100EDB256F8250005F028F8012802D0E9
S3156000FE705FF0FF3003E0002001E05FF0FF3004B088
S3156000FE8070BD80B500210100C9B2002902D15FF0C2
S3156000FE90FF3019E00100C9B2042902D35FF0FF30D8
S3156000FEA012E0421EDFF868341000C0B253F820003A
S3156000FEB0002807D00121D2B253F82200FBF7A8FF31
S3156000FEC0002001E05FF0FF3002BD10B500220200A5
S3156000FED0D2B2002A02D15FF0FF301EE00200D2B239
S3156000FEE0042A02D35FF0FF3017E0431EDFF8244494
S3156000FEF01800C0B254F8200000280CD06422DBB28F
S3156000FF0054F8230005F0EAF8012802D05FF0FF30CC
S3156000FF1003E0002001E05FF0FF3010BD38B500223D
S3156000FF200200D2B2002A02D15FF0FF301AE002006E
S3156000FF30D2B2042A02D35FF0FF3013E0441EDFF82A
S3156000FF40D8532000C0B255F82000002808D00023FE
S3156000FF500022E4B255F8240004F0B0FF002001E06E
S3156000FF605FF0FF3032BD38B500210100C9B200290B
S3156000FF7002D15FF0FF3022E00100C9B2042902D34A
S3156000FF805FF0FF301BE0441EDFF890532000C0B2E4
S3156000FF9055F82000002810D064200090002301222C
S3156000FFA00121E4B255F82400FBF7C4FE012802D013
S3156000FFB05FF0FF3003E0002001E05FF0FF3032BD0C
S3156000FFC0704700002DE9F041040000250020032061
S3156000FFD06060012060720F20207301206073012031
S3156000FFE0A07301202074200001F06AF8012084F8D3
S3156000FFF0240E44F6F4170520E051206890F884003A
S31560010000461E60680100C9B2206890F8840000F05D
S3156001001060F92AE06D1C1BE0206890F8840000F00E
S315600100205EF96060200001F075F8200000F0E3FAE7
S3156001003044F6F810205C01280AD1E0598542E9DBD3
S31560010040002594F84A0E012802D12000FFF7B8FF77
S315600100500023002200213000C0B258F8200004F0CD
S315600100602DFF4FF47A700FF0BBFEDFF888825FF0E8
S31560010070FF313000C0B258F8200005F0ADF8207AA3
S315600100800128C9D160680100C9B2206890F884006E
S3156001009000F01FF900202072C4E70000F8B5ADF545
S315600100A0C96D04004FF4C96100226D4628001BF03A
S315600100B022E80020206890F88400451E934E0022B5
S315600100C04FF4C961042004F09DFE2900C9B246F8C7
S315600100D021002800C0B256F8200000281AD10DF57B
S315600100E0C06D13B0F0BD834F5FF0FF312800C0B221
S315600100F057F8200005F070F802AA0099200000F078
S3156001010019FA0023002200212800C0B257F8200006
S3156001011004F0D4FE5FF0FF3269462800C0B256F89B
S31560010120200004F0DBFF0128F4D1DCE72DE9FC4176
S3156001013004000020206890F88400451E754E002258
S3156001014044F6FC11012004F05DFE2900C9B246F8AF
S3156001015021002800C0B256F82000002801D1BDE870
S31560010160F3816B4FFBF7D6FD2900C9B247F8210031
S315600101702800C0B257F8200000281CD1EFE7DFF84D
S3156001018074815FF0FF312800C0B258F8200005F095
S3156001019023F80023002221002800C0B256F820006F
S315600101A004F08CFE0023002200212800C0B258F81A
S315600101B0200004F083FE5FF0FF30009000230122EF
S315600101C001212800C0B257F82000FBF7B3FD0128D2
S315600101D0F1D1D4E72DE9F84F050000200020286809
S315600101E090F88400461E44F6FC173800FBF766FE5D
S315600101F00400002C01D1BDE8F18FDFF81C810022DB
S315600102003900012004F0FEFD3100C9B248F8210031
S315600102103000C0B258F820000028ECD0DFF8FC901E
S31560010220FBF778FD3100C9B249F821003000C0B250
S3156001023059F82000002820D1DDE7606A0088216A2C
S31560010240097810FB01F06086012084F830003A00DD
S315600102502100AB4658461AF0C6EE00230022002163
S315600102603000C0B25AF8200004F028FE01213000A7
S31560010270C0B259F82000FBF7CBFD5FF0FF322100D9
S315600102803000C0B258F8200004F028FF0128F4D1EC
S31560010290DFF860A05FF0FF313000C0B25AF820008D
S315600102A004F09AFF286A0078216A0978884205D1A4
S315600102B0686A0088616A09888842C8D0606A01886C
S315600102C0206A00784143B1F5803FB6DB4FF6FF7097
S315600102D0B9E7134AC0B2101800F8011C70471049FB
S315600102E0C0B2081810F8010C704700002000128097
S315600102F09C090A10DC090A1014F3021044F3021077
S3156001030074F30210A4F302100CF30210A0090A1090
S31560010310B8090A10AC090A10C4090A10D0090A10F2
S31560010320E8D302102DE9FF470400894615001E0037
S315600103300C9F032100220DF1040840461AF0DAEE03
S31560010340032100220DF1080840461AF0D4EE002080
S31560010350002000200322B11C0DF1040840461AF06A
S3156001036042EE96F805805FFA89F9B9F17F0F40F0A0
S31560010370908003A86E4903221AF034EE032201A984
S3156001038003A81AF07AEE00282BD14046C0B209289C
S3156001039028D106240222311907F2BA5948461AF0C1
S315600103A022EEA41C0222311907F2BC5948461AF002
S315600103B01AEEA41C0222311907F2BE5948461AF0F8
S315600103C012EEA41C0222311917F5B86948461AF0D3
S315600103D00AEEA41C0422311907F2C45420001AF053
S315600103E002EE56E04046C0B2022808D10620062237
S315600103F0311817F5B96420001AF0F4EDF1E74046BB
S31560010400C0B203280CD10620291FA7F8CE15B7F86C
S31560010410CE25311817F5BA6420001AF0E4EDE0E74D
S315600104204046C0B2042808D106200222311817F5C9
S31560010430DA6420001AF0D6EDD3E74046C0B205284B
S3156001044017D10620022231186C4620001AF0CAED37
S31560010450BDF8000087F8D20697F8D20610F00F00B3
S3156001046087F8D206BDF8000080B2000A87F8D30685
S31560010470B7E7D4F82C0E401CC4F82C0ED4F8300E15
S31560010480401CC4F8300E012084F8440E5FF0FF3042
S315600104904BE0002400E0641C2000C0B2042843DA6B
S315600104A040F20229032202A92000C0B209FB00F032
S315600104B0381810F5DB601AF0E0ED0028EBD120006A
S315600104C0C0B209FB00F0381890F8DB060028E2D1CB
S315600104D0032201A92000C0B209FB00F0381810F50B
S315600104E0DB6A50461AF07EED2000C0B209FB00F0CF
S315600104F0381880F8DB862000C0B209FB00F0381896
S31560010500291FA0F8DC162000C0B209FB00F03818DC
S31560010510B0F8DC26B11DE4B209FB04F4381900F227
S31560010520DE6420001AF05EED002004B0BDE8F087BD
S31560010530D4F30210F8B5ADF56E6D04000D0016002A
S315600105404FF46E6100226F4638001AF0D4ED94F8CC
S31560010550240E042802D05FF0FF3048E03200290003
S31560010560200000F00CF9002802D05FF0FF303EE079
S3156001057094F8450E012802D05FF0FF3037E0052080
S3156001058084F8240E002084F8460E002084F8450E77
S315600105906B4632002900200000F085FA00280ED053
S315600105A0042084F8240E002084F8440E002084F888
S315600105B0470E002084F84A0E5FF0FF3017E06B4665
S315600105C032002900200000F063FC00280ED00420D0
S315600105D084F8240E002084F8440E002084F8470E27
S315600105E0002084F84A0E5FF0FF3000E000200DF530
S315600105F0606D39B0F0BD38B50400B4F8400E00281E
S315600106000BD0B4F8400E401EA4F8400EB4F8400E6C
S31560010610002802D1012084F8470EB4F8420E002862
S3156001062004D0B4F8420E401EA4F8420E94F8240E8B
S31560010630012806D043D3032813D011D304281AD036
S315600106403DE094F8470E012803D1022084F8240E78
S3156001065005E0607A012802D1032084F8240E2EE099
S315600106602DE06068032802D06068022802D1042068
S3156001067084F8240E23E094F8470E012815D106204C
S3156001068084F8240ED4F8280E401CC4F8280E44F6CB
S31560010690F0102158491C21500FF049FA0A21B0FB8C
S315600106A0F1F044F6E011605008E06068042802D079
S315600106B06068012802D1032084F8240EFFE794F8CC
S315600106C0470E002805D1607A002802D1012084F8FE
S315600106D0240E434D206890F88400281810F8010C08
S315600106E094F8241E884241D094F8240E012808D03B
S315600106F0022807D0032815D004281AD0062822D04C
S3156001070034E033E0002084F84A0E200000F097FBC5
S31560010710002084F8470E012084F84A0E012084F8EF
S31560010720240E23E0200000F0AFFC002084F8450E83
S315600107301CE0002084F8440E002084F8470E002057
S3156001074084F84A0E12E0200000F079FB012084F85B
S315600107504A0E042084F8240E002084F8440E0020FA
S3156001076084F8470E002084F84A0EFFE794F8240EB9
S31560010770216891F88410691801F8010C31BD3EB504
S31560010780040015000020ADF8000001A81549D1E963
S315600107900023C0E90023062201A928001AF06CECA7
S315600107A0002802D05FF0FF3019E0022215F10C013A
S315600107B06D4628001AF016ECBDF800001BF094F89F
S315600107C0ADF80000BDF8000048F6CC01884202D0C1
S315600107D05FF0FF3003E0012084F8450E00203EBD46
S315600107E0980A0A10D8F302102DE9FE4304001D0091
S315600107F00A9E00270020ADF802000020ADF8000037
S3156001080000200020002001900020C9B200290DD0EF
S3156001081002290CD00BD3042919D008D3062956D046
S3156001082035D3082900F0A08071D339E138E1D4F8D5
S315600108302C0E401CC4F82C0ED4F8300E401CC4F8A3
S31560010840300E012084F8440E5FF0FF3029E110007C
S3156001085080B2B0F5807F0FDBD4F82C0E401CC4F853
S315600108602C0ED4F8300E401CC4F8300E012084F8EA
S31560010870440E5FF0FF3014E1A6F80622B6F80622B0
S31560010880A91C16F5027420001AF0ACEB08E1100001
S3156001089080B2B0F5807F0FDBD4F82C0E401CC4F813
S315600108A02C0ED4F8300E401CC4F8300E012084F8AA
S315600108B0440E5FF0FF30F4E0A6F80823B6F808238B
S315600108C0A91C06F20A3420001AF08CEBE8E010004D
S315600108D080B2B0F5807F0FDBD4F82C0E401CC4F8D3
S315600108E02C0ED4F8300E401CC4F8300E012084F86A
S315600108F0440E5FF0FF30D4E0A6F80A24B6F80A2465
S31560010900A91C06F20C4420001AF06CEBC8E092B206
S31560010910042A0FDAD4F82C0E401CC4F82C0ED4F835
S31560010920300E401CC4F8300E012084F8440E5FF08E
S31560010930FF30B6E00222A91C0DF1020420001AF074
S3156001094052EBBDF802001AF0CFFFA6F80C050222A1
S31560010950291D6C4620001AF046EBBDF800001AF01E
S31560010960C3FFA6F80E059BE092B2093A9F2A0FD300
S31560010970D4F82C0E401CC4F82C0ED4F8300E401C52
S31560010980C4F8300E012084F8440E5FF0FF3088E031
S31560010990BF1C380080B215F800804046C0B2801E88
S315600109A01F280FD3D4F82C0E401CC4F82C0ED4F893
S315600109B0300E401CC4F8300E012084F8440E5FF0FE
S315600109C0FF306EE0B8F1010086F81005380080B29C
S315600109D02818407886F8110596F81025380080B2F7
S315600109E02818811C06F2125948461AF0FCEA57FA91
S315600109F088F77F1C380080B2285C0100C9B20129E2
S31560010A0017D00100C9B2022913D00100C9B2032966
S31560010A100FD0D4F82C0E401CC4F82C0ED4F8300E2E
S31560010A20401CC4F8300E012084F8440E5FF0FF309C
S31560010A3037E086F832050422380080B22818411C56
S31560010A400DF1040840461AF0CEEA01981AF054FFF7
S31560010A50C6F834057F1D380080B2285C0100C9B232
S31560010A6081290FDBD4F82C0E401CC4F82C0ED4F867
S31560010A70300E401CC4F8300E012084F8440E5FF03D
S31560010A80FF300EE0C0B2A6F83805B6F83825BFB219
S31560010A90E819411C06F23A5420001AF0A4EAFFE76D
S31560010AA00020BDE8FE832DE9FC4704000D00160019
S31560010AB01F0000200020ADF8040000200020002067
S31560010AC0ADF806000020D4F8340E401CC4F8340E8C
S31560010AD05FF00E080222404680B231180DF104091A
S31560010AE048461AF080EABDF804001AF0FDFEADF83A
S31560010AF00400BDF8040080B2400ABDF804905FEAC4
S31560010B00C9595FEAD959C0B201280FD0D4F82C0E61
S31560010B10401CC4F82C0ED4F8300E401CC4F8300EBC
S31560010B20012084F8440E5FF0FF3051E1484680B2FF
S31560010B30801EFF280FD3D4F82C0E401CC4F82C0E4F
S31560010B40D4F8300E401CC4F8300E012084F8440EEF
S31560010B505FF0FF303CE1404680B2301880783870F3
S31560010B60B9F1010078807A88404680B23018C11C9C
S31560010B7017F1040A50461AF036EA19EB080818F11B
S31560010B8002080222404680B231180DF10409484636
S31560010B901AF028EABDF804001AF0A6FEADF80400C2
S31560010BA0BDF8040080B2400ABDF804905FEAC959F5
S31560010BB05FEAD959C0B202280FD0D4F82C0E401C76
S31560010BC0C4F82C0ED4F8300E401CC4F8300E012047
S31560010BD084F8440E5FF0FF30FAE0484680B2801E2A
S31560010BE0FF280FD3D4F82C0E401CC4F82C0ED4F871
S31560010BF0300E401CC4F8300E012084F8440E5FF0BC
S31560010C00FF30E5E0404680B23018807887F803010E
S31560010C10B9F10100A7F80401B7F80421404680B292
S31560010C203018C11C17F5837A50461AF0DCE919EBC6
S31560010C30080818F102080222404680B231180DF107
S31560010C40040948461AF0CEE9BDF804001AF04CFED4
S31560010C50ADF80400BDF8040080B2400ABDF8049006
S31560010C605FEAC9595FEAD959C0B203280FD0D4F8EF
S31560010C702C0E401CC4F82C0ED4F8300E401CC4F85F
S31560010C80300E012084F8440E5FF0FF30A0E0484644
S31560010C9080B202280FDAD4F82C0E401CC4F82C0E50
S31560010CA0D4F8300E401CC4F8300E012084F8440E8E
S31560010CB05FF0FF308CE00222404680B23018811C22
S31560010CC00DF1060A50461AF08EE9BDF806001AF0D3
S31560010CD00BFEADF80600BDF80600A4F8480EBDF897
S31560010CE00600002801D1002072E019EB080818F10E
S31560010CF0020829E01000C0B2381890F8D40600281E
S31560010D0004D11000C0B2381880F8D416521C1000F5
S31560010D10C0B20428EEDB13E00800C0B2002839D067
S31560010D200800C0B2092835DA0097404680B2331808
S31560010D304A4692B2C9B22000FFF756FD002826D175
S31560010D4019EB080818F10208404680B2A8423ED263
S31560010D500222404680B231180DF1040948461AF064
S31560010D6042E9BDF804001AF0BFFDADF80400BDF814
S31560010D70041089B2490ABDF804905FEAC9595FEA6D
S31560010D80D9590800C0B20028C6D1002020E05FF022
S31560010D90FF301DE00800C0B27F2811D100974046A0
S31560010DA080B233184A4692B2C9B22000FFF7BAFA46
S31560010DB00028C5D0D4F83C0E401CC4F83C0EBFE7F1
S31560010DC0D4F83C0E401CC4F83C0E00229FE700207C
S31560010DD0BDE8F68738B504000498072284F8242E06
S31560010DE001220B00DBB2E31883F84C2E4FF46E63DD
S31560010DF01A00C9B25943611811F5666501002800E8
S31560010E001AF0F0E80EF093FE0A21B0FBF1F0C4F897
S31560010E10500EB4F8480EA4F8400E012084F84A0E2C
S31560010E2044F6E4102158491C21500EF080FE0A2137
S31560010E30B0FBF1F044F6E0116050002032BD38B5E8
S31560010E4004000421002204F64C6528001AF052E9D8
S31560010E501021002214F5656528001AF04CE94FF45B
S31560010E606E51002214F5666528001AF044E944F6CD
S31560010E70E8102158491C21500EF059FE0A21B0FB99
S31560010E80F1F044F6E011605031BD5FF0FF3070471C
S31560010E902DE9F84304000D0016001F000020002014
S31560010EA084F84A0EB4F8480E002817D1062084F853
S31560010EB0240E2000FFF7C3FF012084F84A0E0420A8
S31560010EC084F8240E002084F8440E002084F8470E2E
S31560010ED0002084F84A0E0020BDE8F2835FF0000826
S31560010EE001E018F101084046C0B2042878DA4046AC
S31560010EF0C0B2201890F84C0E0128F2D14FF46E69F9
S31560010F004046C0B209FB00F0201890F8600E3978AF
S31560010F108842E6D14046C0B209FB00F02018B0F81D
S31560010F20620E79888842DCD1FF22391D4046C0B203
S31560010F3009FB00F0201800F664601AF09EE80028AC
S31560010F40CFD14046C0B209FB00F0201890F8630F7C
S31560010F5097F803118842C4D14046C0B209FB00F03C
S31560010F602018B0F8640FB7F804118842B9D1FF228E
S31560010F7017F583714046C0B209FB00F914EB09000D
S31560010F8000F666701AF078E80028AAD14FF46E620E
S31560010F90390014F566601AF070E8002807D1002060
S31560010FA084F8460EB4F8480EA4F8400E0AE0012013
S31560010FB084F8460E009733002A004146C9B22000E4
S31560010FC0FFF708FF042084F8240E002084F8440EFD
S31560010FD0002084F8470E002084F84A0E00207BE743
S31560010FE0002100E0491C0800C0B204281EDA08008E
S31560010FF0C0B2201890F84C0E0028F3D1012084F875
S31560011000460E009733002A00C9B22000FFF7E2FEC0
S31560011010042084F8240E002084F8440E002084F80D
S31560011020470E002084F84A0E002055E73B00320047
S3156001103029002000FFF729FF00283FF44CAF01206B
S3156001104084F84B0EB4F8480EB4F8421E884202D2B8
S31560011050B4F8420E01E0B4F8480EA4F8420ED4F892
S315600110602C0E401CC4F82C0E44F6EC102158491C79
S3156001107021500EF05CFD0A21B0FBF1F044F6E0115F
S3156001108060505FF0FF3027E738B50400002084F830
S315600110904B0E0421002204F64C6528001AF02AE85A
S315600110A01021002214F5656528001AF024E84FF432
S315600110B06E51002214F5666420001AF01CE831BDF9
S315600110C038B50400200000F036FE4FF4DB6214F1FF
S315600110D0340104F20C75280019F084EF0020208396
S315600110E0002060830020A08300206086002084F8B1
S315600110F030000220A062DFF8B40D811D2162042157
S31560011100226A1170001D60621E20616A08800220D9
S31560011110E06231BD38B50400208B002802D0208BF7
S31560011120401E2083608B002802D0608B401E608346
S31560011130A08B002802D0A08B401EA083207C0128B2
S3156001114006D02ED3032825D00BD3042828D028E037
S315600111506068032802D06068012801D102202074EA
S315600111601FE0200000F0C4FD6068042802D06068BA
S31560011170022802D1032020740BE0608B002808D17D
S31560011180A08B002803D094F83000012801D10420F7
S31560011190207406E0208B002801D10120207400E034
S315600111A0FFE7607A002801D101202074DFF8005D35
S315600111B0206890F88400281810F8010C217C884278
S315600111C054D0207C012806D050D3032822D006D3E0
S315600111D0042828D04AE02000FFF772FF46E0606AE3
S315600111E00188206A00784143B1F5803F02DB4FF602
S315600111F0FF7005E0606A0088216A097810FB01F0DA
S315600112006086606A0088A083002084F83000E06A06
S3156001121060832BE0200000F037FD200000F05FFDC9
S31560011220A06A208322E0200000F0B1FC200000F0DB
S3156001123056FD02202074606A0188206A0078414365
S31560011240B1F5803F02DB4FF6FF7005E0606A00880A
S31560011250216A097810FB01F06086606A0088A083C4
S31560011260002084F83000E06A6083FFE7207C216813
S3156001127091F88410691801F8010C31BDF0B41300BE
S315600112809BB2022B08DB0C6828254B6805FB0433EF
S315600112900370921E08311BE07FF00F0022E02300ED
S315600112A0EB401F00FFB2002F03D13700FFB2002FC2
S315600112B004D00126401C53F080030370ED1F2B0000
S315600112C0DBB2002BEBD1401C14F07F040470091DC6
S315600112D013009BB2002B04D0521E0C6800261C25FD
S315600112E0EDE70020F0BC704710B4002313800B00BB
S315600112F09BB2022B0CDB13885B1C1380891E0830A2
S3156001130006E0DB091488641C1480002BF9D1001DEA
S315600113100B009BB2002B06D0491E0368DB091488BB
S31560011320641C1480F1E710BC70472DE9F04385B069
S315600113300500002003A8DFF87C1BD1E90023C0E982
S31560011340002348F6CC00ADF804000020ADF8020099
S315600113500020ADF8000000200290002605F6E45753
S315600113600024062203A9DFF8508B18EB04094846CE
S3156001137019F038EEA41D0622286810F13A0118EB1F
S315600113800409484619F02EEEA41DDFF8300B0169F9
S315600113900978012946D100694088ADF80200BDF897
S315600113A002001AF0A1FAADF8020002220DF1020163
S315600113B018EB0409484619F016EEA41C0320ADF893
S315600113C00000BDF800001AF08FFAADF800000222A5
S315600113D0694618EB0409484619F004EEA41C28680E
S315600113E090F88400012802D1012002900EE028685D
S315600113F090F88400022802D10220029006E0286853
S3156001140090F88400032801D10420029002981AF012
S3156001141073FA0290042202A918EB0409484619F0EE
S31560011420E2ED241DBDF804001AF05EFAADF8040081
S31560011430022201A918EB0409484619F0D4EDA41C4F
S3156001144008E018EB0401280057F82620904714FAA3
S3156001145080F4761C57F826000028F2D1200005B0EA
S31560011460BDE8F08380B50021FFF75FFFDFF8503AF2
S315600114700200DFF8441A18689B685B699847002880
S31560011480FFD101BD38B50C0000250020ADF8000084
S31560011490AD1C0020ADF80000BDF8000010F47E40E0
S315600114A0ADF80000BDF80000A91EC905C90D0843C5
S315600114B0ADF80000BDF800001AF016FAADF80000AC
S315600114C002226946200019F08EED280080B232BDF5
S315600114D0F8B506000C0000250020ADF80000AD1C33
S315600114E096F83400290089B260546D1CF28E16F1AB
S315600114F03801280080B22718380019F074EDF08E93
S3156001150045194FF40070ADF80000BDF8000010F405
S315600115107E40ADF80000BDF80000A91EC905C90DE1
S315600115200843ADF80000BDF800001AF0DDF9ADF82A
S31560011530000002226946200019F054ED280080B2AD
S31560011540F2BDF8B506000C0000250020ADF80000DC
S31560011550AD1C96F83701290089B260546D1CB6F846
S31560011560382116F59D71280080B22718380019F0C8
S315600115703AEDB6F8380145194FF48060ADF80000D0
S31560011580BDF8000010F47E40ADF80000BDF8000023
S31560011590A91EC905C90D0843ADF80000BDF80000D4
S315600115A01AF0A2F9ADF8000002226946200019F08E
S315600115B01AED280080B2F2BD7CB50C000025002131
S315600115C0ADF802100021ADF80010AD1C408EADF8EB
S315600115D00200BDF802001AF087F9ADF80200022296
S315600115E00DF10201280080B22618300019F0FAECDC
S315600115F0AD1C4FF4C060ADF80000BDF8000010F4FA
S315600116007E40ADF80000BDF80000A91EC905C90DF0
S315600116100843ADF80000BDF800001AF065F9ADF8B1
S31560011620000002226946200019F0DCEC280080B235
S3156001163076BD7CB50C0000250020ADF802000020C7
S31560011640ADF80000AD1C0020ADF80200BDF8020047
S315600116501AF04AF9ADF8020002220DF102012800E2
S3156001166080B22618300019F0BEECAD1C4FF4C06094
S31560011670ADF80000BDF8000010F47E40ADF8000042
S31560011680BDF80000A91EC905C90D0843ADF80000E3
S31560011690BDF800001AF028F9ADF80000022269468B
S315600116A0200019F0A0EC280080B276BDF8B50600DE
S315600116B00C0000250020ADF80000AD1CB6F83A22FA
S315600116C016F50F71280080B22718380019F08AECD8
S315600116D0B6F83A0245194FF40060ADF80000BDF85E
S315600116E0000010F47E40ADF80000BDF80000A91EB0
S315600116F0C905C90D0843ADF80000BDF800001AF030
S31560011700F3F8ADF8000002226946200019F06AEC90
S31560011710280080B2F2BDF8B506000C000025002055
S31560011720ADF80000AD1CB6F83C2306F23E31280048
S3156001173080B22718380019F056ECB6F83C03451903
S315600117404FF42060ADF80000BDF8000010F47E4053
S31560011750ADF80000BDF80000A91EC905C90D084312
S31560011760ADF80000BDF800001AF0BEF8ADF8000053
S3156001177002226946200019F036EC280080B2F2BDDB
S31560011780F8B506000C0000250020ADF80000AD1C80
S31560011790B6F83E2416F58861280080B2271838000D
S315600117A019F020ECB6F83E0445194FF44060ADF8E7
S315600117B00000BDF8000010F47E40ADF80000BDF8F1
S315600117C00000A91EC905C90D0843ADF80000BDF8A2
S315600117D000001AF089F8ADF800000222694620007F
S315600117E019F000EC280080B2F2BDFEB506000C00CF
S315600117F000250020ADF804000020ADF802000020AD
S31560011800ADF80000AD1CB6F840051AF06DF8ADF8FC
S315600118100400022201A9280080B22718380019F0B5
S31560011820E2EBAD1CB6F842051AF05EF8ADF80200BF
S3156001183002220DF10201280080B22618300019F04B
S31560011840D2EBAD1C4FF46060ADF80000BDF800004E
S3156001185010F47E40ADF80000BDF80000A91EC90570
S31560011860C90D0843ADF80000BDF800001AF03CF858
S31560011870ADF8000002226946200019F0B4EB280099
S3156001188080B2FEBDFEB506000C0000250020ADF855
S31560011890000000200190AD1C96F84405290089B22C
S315600118A060546D1C96F84505290089B260546D1C1B
S315600118B096F84425521E06F24651280080B2271832
S315600118C0380019F090EB96F844052818451E96F8ED
S315600118D06605290089B260546D1CD6F868051AF050
S315600118E00BF80190042201A9280080B2271838005C
S315600118F019F078EB2D1DB6F86C05290089B2605494
S315600119006D1CB6F86C2506F26E51280080B2271858
S31560011910380019F068EBB6F86C0545194FF480503C
S31560011920ADF80000BDF8000010F47E40ADF800008F
S31560011930BDF80000A91EC905C90D0843ADF8000030
S31560011940BDF8000019F0D0FFADF80000022269462B
S31560011950200019F048EB280080B2FEBDFEB50400F8
S315600119600E00002502A8DFF85C150A6802600020F7
S31560011970ADF80000AD1C032202A9280080B2371819
S31560011980380019F030EBED1C0920290089B270543A
S315600119906D1CD4F8F00500880190019880B219F0A9
S315600119A0A3FF0190042201A9280080B237183800EC
S315600119B019F018EBAD1CD4F8F40500880190019874
S315600119C080B219F091FF0190042201A9280080B22A
S315600119D03718380019F006EBAD1CD4F8F805008805
S315600119E00190019880B219F07FFF0190042201A94C
S315600119F0280080B23718380019F0F4EAAD1C0422C9
S31560011A00D4F8FC15280080B23718380019F0EAEAD4
S31560011A10AD1CD4F8000600680190019819F06CFFBE
S31560011A200190042201A9280080B23418200019F01F
S31560011A30DAEA2D1D4FF47E40ADF80000BDF80000D6
S31560011A4010F47E40ADF80000BDF80000A91EC9057E
S31560011A50C90D0843ADF80000BDF8000019F044FF58
S31560011A60ADF8000002226946300019F0BCEA280090
S31560011A7080B2FEBDFEB506000C00002501A8DFF8A8
S31560011A8048140A6802600020ADF80000AD1C03220C
S31560011A9001A9280080B22718380019F0A4EAED1CC4
S31560011AA00220290089B260546D1C062206F2046187
S31560011AB0280080B22618300019F094EAAD1D4FF463
S31560011AC07E40ADF80000BDF8000010F47E40ADF830
S31560011AD00000BDF80000A91EC905C90D0843ADF88F
S31560011AE00000BDF8000019F0FFFEADF8000002220B
S31560011AF06946200019F076EA280080B2FEBDFEB57F
S31560011B0006000C00002501A8DFF8C0130A68026010
S31560011B100020ADF80000AD1C032201A9280080B2A7
S31560011B202718380019F05EEAED1C0320290089B2F6
S31560011B3060546D1CB6F80A2606F20C61280080B264
S31560011B402718380019F04EEAB6F80A0645194FF417
S31560011B507E40ADF80000BDF8000010F47E40ADF89F
S31560011B600000BDF80000A91EC905C90D0843ADF8FE
S31560011B700000BDF8000019F0B7FEADF800000222C2
S31560011B806946200019F02EEA280080B2FEBD70B5C4
S31560011B90040000254021002204F6E456300019F0C5
S31560011BA0AAEACB48290089B214EB8101C1F8E40D98
S31560011BB06D1CC848290089B214EB8101C1F8E40D96
S31560011BC06D1CC548290089B214EB8101C1F8E40D89
S31560011BD06D1C207BC00707D5C048290089B214EB6C
S31560011BE08101C1F8E40D6D1C207B800707D5BC48D7
S31560011BF0290089B214EB8101C1F8E40D6D1C207BCB
S31560011C00400707D5B748290089B214EB8101C1F8AD
S31560011C10E40D6D1C207B000707D5B348290089B206
S31560011C2014EB8101C1F8E40D6D1C607B012807D1BD
S31560011C30AE48290089B214EB8101C1F8E40D6D1C2F
S31560011C40A07B012817D1AA48290089B214EB81012A
S31560011C50C1F8E40D6D1CA748290089B214EB810116
S31560011C60C1F8E40D6D1CA448290089B214EB810109
S31560011C70C1F8E40D6D1CA148290089B214EB8101FC
S31560011C80C1F8E40D6D1C70BD70B5040000254021DE
S31560011C90002204F6E456300019F02CEA8C4829003B
S31560011CA089B214EB8101C1F8E40D6D1C89482900E4
S31560011CB089B214EB8101C1F8E40D6D1C90482900CD
S31560011CC089B214EB8101C1F8E40D6D1C8B482900C2
S31560011CD089B214EB8101C1F8E40D6D1C70BD10B5BC
S31560011CE004002000FFF7BEFB6069401C606110BD07
S31560011CF010B50400200000F01EF84FF4DB6214F109
S31560011D00340104F20C7019F0B8E9002812D00120F0
S31560011D1084F830000DF00BFF0A21B0FBF1F0634946
S31560011D20C8604FF4DB6214F1340104F20C742000D4
S31560011D3019F058E910BD2DE9F041040007F056FA93
S31560011D4005004FF4DB61002214F13406300019F00E
S31560011D50D2E9042084F834000620E086E28E206809
S31560011D6010F13A0114F13806300019F03CE905200A
S31560011D7084F837012068423019F08EEAA4F83801F8
S31560011D80B4F83821206810F1420114F59D763000CF
S31560011D9019F028E92068423019F07EEAA4F83A027F
S31560011DA0B4F83A22206810F1420114F50F7630003A
S31560011DB019F018E9534E16F50077380019F06CEAF8
S31560011DC0C0B2A4F83C03B4F83C2304F23E383900AF
S31560011DD0404619F008E9300019F05EEAC0B2A4F88D
S31560011DE03E04B4F83E2414F588673100380019F0D2
S31560011DF0FAE80520A4F840050520A4F84205052067
S31560011E0084F84405012084F8450594F84425521E5A
S31560011E102068011D04F24656300019F0E4E80320FB
S31560011E2084F86605206890F88400C4F86805364829
S31560011E30C4F8F005811CC4F8F415011DC4F8F81541
S31560011E40811DC4F8FC150C30C4F800060622206812
S31560011E5010F13A0104F20466300019F0C4E8206812
S31560011E60423019F01AEAA4F80A06B4F80A2620687C
S31560011E7010F1420104F20C66300019F0B4E82A78D8
S31560011E8092B2291D04F26E50FFF7F8F9002807D1C6
S31560011E9004F26C52297889B2281DFFF725FA02E00F
S31560011EA00020A4F86C05BDE8F0810000C865031048
S31560011EB09C100A10E0F302109C0A0A1050F40210FA
S31560011EC068F50210E8F30210ECF30210F0F3021069
S31560011ED089040110FB0401107105011065060110EA
S31560011EE0CF06011039070110A30701103D08011043
S31560011EF0150901102D0A0110B70A01103D040110E0
S31560011F00EB050110F4D4021030D3021000BE704705
S31560011F1038B5254C5FF0FF31206803F05DF9012883
S31560011F2003D000212068FFF7F1FF204908780028D7
S31560011F301AD10120087019F0F9FC1D4D2868401E60
S31560011F4028600EE0002300220021206802F0B6FF1F
S31560011F50012803D000212068FFF7D8FF2868401EBA
S31560011F60286028680028EDD131BD10B500201049E0
S31560011F70086000200D4908700B4C0E4A01214FF490
S31560011F80807002F087FF20602068002803D100215D
S31560011F902068FFF7BBFF00F027F814F033F80EF066
S31560011FA001F8002010BD0000A4100A103A750B104C
S31560011FB0A0100A10A8100A10034B036003480860BA
S31560011FC04FF4807010607047F0100A1058110A10B3
S31560011FD0034B0360034808604FF4807010607047DC
S31560011FE058150A10C0150A101FB50E480168491C1C
S31560011FF001600D4C0D4802900D480190052000903E
S315600120000C4B4FF480620C490FF231000DF0E6FD86
S3156001201020602068002803D100212068FFF776FF41
S315600120201FBD0000A0100A10281A0A10C0190A1054
S3156001203048950B1074F50210F4F3021010B5040004
S31560012040FFF766FF200019F0ACFD10BDDFF8E01563
S31560012050096880B208187047DFF8D4150968401A14
S3156001206080B2704738B50400DFF8C4050068844261
S3156001207004D200201AF0F1FB1AF0B3FBDFF8B45575
S315600120802868844204D300201AF0E7FB1AF0A9FB02
S315600120902079002804D000201AF0DFFB1AF0A1FB9A
S315600120A020884AF20101884204D300201AF0D5FB48
S315600120B01AF097FB2088FFF7C9FF01008C4219D0FF
S315600120C00879002816D12868814213D0DFF868059F
S315600120D002688A4200D10460088820800888B0F5C9
S315600120E0204F07D00888FFF7B1FF05002000FFF7F2
S315600120F0B3FF68806088FFF7A9FF0500A54216D087
S315600121002879002813D1DFF830050168A14200D192
S315600121100560208828802088B0F5204F07D0208868
S31560012120FFF794FF04002800FFF796FF608031BD3A
S3156001213070B5DFF8FC44DFF80405206020684FF4D1
S31560012140204505800021418000210171DFF8E464AA
S315600121504FF42040FFF77AFF306001203168087143
S3156001216030680580306845802068DFF8CC140860E7
S31560012170DFF8CC04A0F8CA50DFF8C8040DF086FC7D
S31560012180002804D000201AF068FB1AF02AFB70BD03
S3156001219070B504002000FFF75FFF06002088FFF797
S315600121A055FF05006088FFF751FF4AF20101228859
S315600121B08A4215D262888A4212D26188320092B20C
S315600121C0914204D00088310089B2884208D1DFF893
S315600121D064040068854205D06888B6B2B04201D011
S315600121E0002000E0012070BD70B500286AD0841F10
S315600121F0DFF83C5429688C4205D3DFF83814096846
S315600122000C30814210D200201AF027FB1AF0E9FA4D
S315600122100DF0CEFCDFF82814B1F8D020521CA1F8DD
S31560012220D0200DF0CEFC4DE0DFF8186430000DF0E3
S3156001223053FC2079002813D100201AF00EFB1AF006
S31560012240D0FA30000DF052FC0DF0B2FCDFF8F0135D
S31560012250B1F8D020521CA1F8D0200DF0B2FC31E0CB
S315600122602000FFF795FF002813D100201AF0F5FA38
S315600122701AF0B7FA30000DF039FC0DF099FCDFF871
S31560012280C013B1F8D020521CA1F8D0200DF099FCF2
S3156001229018E000202071DFF8A00301688C4200D2AB
S315600122A00460DFF89C13B1F8CC202088121AA218BA
S315600122B02868121AA1F8CC202000FFF7D3FE30005F
S315600122C00DF014FC70BD2DE9F84F0D002A0092B295
S315600122D00C2A00D20C252A0092B24AF201039A42D4
S315600122E004D22A0092B289B28A4201D20020C3E0A6
S315600122F00400DFF83C633068844204D3DFF83403BA
S315600123000068844204D300201AF0A7FA1AF069FA29
S315600123103068844203D3C748006884420BD30DF00A
S3156001232047FCC749B1F8D020521CA1F8D0200DF066
S3156001233048FC2000A0E0B4F106084046FFF78CFE99
S315600123400700B8F80000C01B861F3000290080B264
S3156001235089B2884204D200201AF07FFA1AF041FA53
S315600123603000290080B289B2884201D2002083E020
S315600123702800310080B289B2884201D120007BE019
S31560012380B0480DF0A9FBB8F80000FFF75FFE814683
S3156001239099F80400002835D1B8F80000B0F5204F4F
S315600123A004D100201AF059FA1AF01BFAB9F800B0F4
S315600123B015EB070A1AF1060A9F480068484505D1D8
S315600123C0504680B2FFF742FE9B490860504680B294
S315600123D0FFF73CFE00210171A0F800B04780A8F824
S315600123E000A00188B1F5204F04D00088FFF72EFECA
S315600123F0A0F802A09248B0F8CC108E1BAE19A0F8D6
S31560012400CC6035E0300080B2290089B21231884251
S315600124102ED315EB070919F10609B8F80000B0F5D6
S31560012420204F04D100201AF018FA1AF0DAF948465A
S3156001243080B2FFF70BFE80490A68904200D20860BD
S3156001244000210171B8F8001001804780A8F800905A
S315600124500188B1F5204F04D00088FFF7F7FDA0F899
S3156001246002907748B0F8CC108E1BAE19A0F8CC60FC
S3156001247074480DF03BFB2000BDE8F28F2DE9F8436F
S31560012480010089B2002901D10020CFE004002100BA
S3156001249089B20C2900D20C24210089B24AF20102C8
S315600124A0914204D2210089B280B2814201D20020D8
S315600124B0BCE0644D28000DF00FFB5F4F3868FFF7F5
S315600124C0CBFD804605E0404680B2FFF7BFFDB0F820
S315600124D00080404680B2210089B2D1F52041884210
S315600124E080F09A80404680B2FFF7B0FD06003079F1
S315600124F00028E8D13188404680B2091A891F200038
S3156001250080B28142DFD33188404680B2091A891F81
S31560012510200080B21230814236D314EB080919F1DA
S315600125200609484680B2B0F5204F04D100201AF062
S3156001253094F91AF056F9484680B2FFF787FD0021F3
S31560012540017131880180A0F80280A6F8009001210E
S3156001255031710188B1F5204F04D00088FFF776FD0F
S31560012560A0F802903648B0F8CC106118891DA0F821
S31560012570CC10B0F8CE10B0F8CC20914203D2B0F8AE
S31560012580CC10A0F8CE1016E0012030713000FFF7B4
S3156001259063FD2B4AB2F8CC303188CB18181AA2F8F1
S315600125A0CC00B2F8CE00B2F8CC10884203D2B2F8B1
S315600125B0CC00A2F8CE00386886421CD1396803E0A7
S315600125C00888FFF743FD01000879002803D0194800
S315600125D000688142F4D1184801600168154A1268A1
S315600125E0914208D000680079002804D000201AF0D2
S315600125F034F91AF0F6F828000DF078FA0D480068FB
S3156001260016FA84F1891D884204D200201AF025F950
S315600126101AF0E7F8B01D09E00948B0F8C810491C7E
S31560012620A0F8C81028000DF061FA0020BDE8F28319
S31560012630E8BA0A10ECBA0A10F4BA0A10DC1A0A10DF
S315600126406C6B0B10F0BA0A1070B50500ADB289B2A9
S315600126504D43280080B2A84201D000200DE0280039
S3156001266080B2FFF70BFF0400002C05D00022260084
S315600126702900300018F03EED200070BD002102698E
S315600126801160C268002107E003691B681360036972
S315600126901A600389D218491C43899942F4DB41893E
S315600126A04268D180016840680160704738B500248E
S315600126B013E0374D200080B255F82000FFF7DEFFAA
S315600126C0200080B255F8200040683249220092B25B
S315600126D011EB8201C1F8D400641C200080B210287D
S315600126E0E7D331BD38B505000DF062FA29690C688A
S315600126F0002C15D021682A69116069680989491C0D
S315600127006A681181696849896A681289914203D246
S31560012710696809896A6851810DF053FA200007E0FA
S3156001272069688988491C6A6891800DF04AFA0020B7
S3156001273032BD80B50100C9B2102901DB002005E078
S315600127401349C0B251F82000FFF7CCFF02BD38B57E
S3156001275004000D000DF02CFA61680989491E626852
S31560012760118121690968296021690D600DF029FAD5
S3156001277031BD80B50200D2B2102A07DA002905D030
S31560012780034AC0B252F82000FFF7E1FF01BD000025
S3156001279070F702106C6B0B1010B50400002C04D19D
S315600127A000201AF05AF81AF01CF8182084F84C0028
S315600127B000202065002060650020A0650020E0659E
S315600127C000202066002060660020A0660020E0668A
S315600127D000202067002060670020A0670020E06776
S315600127E00020C4F880006C2084F842006F2084F8D1
S315600127F043000FF245506061002010BD10B586B0F0
S31560012800DFF8B00603900590FF200490DFF8A84634
S31560012810DFF8A8060290DFF8A80601900020009074
S3156001282003AB04AA05A9200000F008F8200000F017
S31560012830A0F9200000F03FF906B010BD2DE9F84F70
S315600128400700002F01D1002098E0DDF82C8040467A
S31560012850002801D1002091E00C00002C01D1DFF8A5
S3156001286064461500002D01D1DFF858561E00002E72
S3156001287001D1DFF85066DDF830A0DDF82890002040
S3156001288078600020B8600020F8600FF2B15078617E
S3156001289000203887002087F841000C21002217F1BB
S315600128A0280B584618F026EC0020F86100203862A3
S315600128B00020C7F888000020C7F8A4000020C7F8E8
S315600128C0A800C7F82490DFF8009699F8000087F809
S315600128D04A00C7F810A00020A7F8AC0033002A0010
S315600128E02100380000F0ABF83800C047002801D05D
S315600128F0002043E097F84A00FF2802D1002087F8BC
S315600129004A000025DFF8C465346800E02468002CBD
S315600129101AD0BC4204D1002019F09FFF19F061FF63
S315600129206D1CB5F5807F04DB002019F096FF19F068
S3156001293058FF94F84A0097F84A108842E6D197F80A
S315600129404A00401C87F84A00002CD3D197F84A0008
S31560012950FE2803D1002089F8000004E097F84A00B8
S31560012960401C89F8000030683860376097F841008C
S31560012970800602D53800F9F7BEFD3800BDE8F28F52
S3156001298038B504000D00290020000FF08BF92900ED
S31560012990200013F011FB31BD7CB506000C0015005B
S315600129A0002C04D1002019F058FF19F01AFF002DF0
S315600129B004D1002019F051FF19F013FF20687168E6
S315600129C088421ED020680090706828606946280099
S315600129D0FFF7D6FF6A4629003000EEF763FE002C4A
S315600129E001D1002000E0206870600121300000F014
S315600129F081F8F069002802D03000F169884701202A
S31560012A0000E0002076BD0A6883689A4207D00029F3
S31560012A1001D1002100E009688160012000E0002009
S31560012A2070470A68C3689A4207D0002901D100211C
S31560012A3000E00968C160012000E0002070472DE9CF
S31560012A40FC4780460C0016001F005FF000095FF02E
S31560012A50000A002C01D1DFF86C44002E01D1DFF8A9
S31560012A606464002F01D1DFF85C74002C02D0206809
S31560012A70002801D1012500E00025002D04D06A4619
S31560012A8021004046FFF788FF4A4631004046FFF77E
S31560012A90BAFF524639004046FFF7C3FF002D04D105
S31560012AA06A4621004046FFF777FFBDE8F387DFF806
S31560012AB020140860704710B50400002C19D094F8F2
S31560012AC04100C00715D494F8410050F0010084F824
S31560012AD041000DF02CF80A21B0FBF1F06065E06968
S31560012AE0002802D02000E16988470321200000F018
S31560012AF001F810BD38B504000D00002C04D100208A
S31560012B0019F0ABFE19F06DFE94F8410010F0050066
S31560012B1005280BD1E80709D56068002806D094F826
S31560012B204100800602D52000F9F703FD31BD10B5DD
S31560012B300400002C1CD094F84100C00718D594F805
S31560012B40410010F0FE0084F841000CF0F0FF0A210C
S31560012B50B0FBF1F0606594F84100000702D52000F2
S31560012B60F8F72CFCE069002802D02000E16988476B
S31560012B7010BD10B50400002C10D094F84100400738
S31560012B800CD494F8410050F0040084F84100200010
S31560012B90F6F770FA03212000FFF7ACFF10BD80B590
S31560012BA000280BD090F84110490707D590F84110DD
S31560012BB011F0FB0180F84110EEF7E1FB01BD80B534
S31560012BC0002804D0016A002901D0016A884701BD45
S31560012BD02DE9F04704000D000020DFF8DC825FF08C
S31560012BE00009002C04D1002019F037FE19F0F9FD17
S31560012BF0002D04D1002019F030FE19F0F2FD4FF4DA
S31560012C00207229890E2001F088F80600002E0ED167
S31560012C10B0488189491C8181C188491CC180D8F825
S31560012C207C00401CC8F87C005FF0FF3080E030001B
S31560012C3001F09CFAB4F8AC1011FA80F1B4F8AC204A
S31560012C40914205DBB4F8AC1011FA80F10D2911DB64
S31560012C50300001F02CFA9F488189491C8181C18825
S31560012C60491CC180D8F87C00401CC8F87C005FF024
S31560012C70FF305DE0B4F8AC104018A4F8AC00290050
S31560012C80300001F0C1FA070040B2002811D03000CF
S31560012C9001F00DFA8F488189491C8181C188491CDF
S31560012CA0C180D8F87C00401CC8F87C00380040B26E
S31560012CB03EE0370000E03F6838680028FBD10CF041
S31560012CC077FF8246D4F8A40000280ED0D4F8A80075
S31560012CD0002804D1002019F0C0FD19F082FDD4F856
S31560012CE0A8000660C4F8A87005E0C4F8A460C4F83A
S31560012CF0A8705FF0010950460CF063FF75480188C2
S31560012D00491C0180D8F8700029894018C8F87000FC
S31560012D10D8F87400401CC8F874005FFA89F9B9F1F3
S31560012D20000F04D021000FF2190012F0B6F900204D
S31560012D30BDE8F0870000000080B5FFF749FF02BDDE
S31560012D402DE9F84304005C4D002C04D1002019F0F4
S31560012D5084FD19F046FD0CF02BFF06005EE0386835
S31560012D60C4F8A400D4F8A400002804D1002019F006
S31560012D7074FD19F036FD2FE03868002804D1002073
S31560012D8019F06BFD19F02DFD3F6819F1010978897C
S31560012D9039898842F0D1B4F8AC104846C0B2091AF4
S31560012DA0B4F8AC00814204DB002019F056FD19F03D
S31560012DB018FDB4F8AC005FFA89F9B0EB0909A4F81B
S31560012DC0AC90D4F8A8008742C9D10020C4F8A80005
S31560012DD0D4F8A800C4F8A4000020386030000CF0D4
S31560012DE0F0FE94F84A00401C88F80F003948418883
S31560012DF0491C4180A86DB8F808104018A865E86DAF
S31560012E00401CE86521004046F9F7F5FE002802D02E
S31560012E10404601F04CF90CF0CBFE0600D4F8A40054
S31560012E20002805D05FF00109D4F8A470B846AEE772
S31560012E3030000CF0C6FEBDE8F18300007FF00B00A8
S31560012E40704701000800C0B200280ED01F48006814
S31560012E5000E00068002808D00A0090F84A305B1C40
S31560012E60D2B2DBB29A42F4D100E00020704710B5CD
S31560012E700400002C01D100201BE0A01C18F026FBE9
S31560012E8001001248006800E00068002810D00A00BE
S31560012E9090F84A30D2B29A42F6D1227890F842300E
S31560012EA09A42F1D1627890F843309A42ECD100E0CF
S31560012EB0002010BD7F0000012C610B10374002100D
S31560012EC051170110E0EA02103B750B1024610B10DB
S31560012ED028610B106C6B0B10E0B5C16902918169B9
S31560012EE00191416900910369C26881684068FFF791
S31560012EF0A5FC002802D17FF00B0000E000200EBD8A
S31560012F0080B50100C868002803D04868C968884749
S31560012F1003E0486889688847002002BD70B588B0BB
S31560012F20002900D11149002A00D1104A002B00D195
S31560012F300E4B0E9C0D9D0C9E019002910392049383
S31560012F400596069507946946094812F0E1F840B27C
S31560012F5008B070BD80B588B0019002910392694650
S31560012F60044812F0D5F840B209B000BDE0EA02109B
S31560012F70911E0110B91E011038B5594817F0A0FF0E
S31560012F80C0B2002800D0FEE7564C200018F000F8C9
S31560012F90554817F0FDFF554D286841682868006857
S31560012FA02A68926812689047C0B2002806D05048D5
S31560012FB017F0EEFF4F4817F0EBFFFEE7200017F022
S31560012FC0E7FF4D4817F0E4FF2868006829688968BB
S31560012FD049688847C0B2002806D0454817F0D8FF2F
S31560012FE0464817F0D5FFFEE7200017F0D1FF4448A9
S31560012FF017F0CEFF434D28684168286800682A6843
S31560013000926812689047C0B2002806D0384817F017
S31560013010BFFF3D4817F0BCFFFEE7200017F0B8FF81
S315600130203A4817F0B5FF28680068296889684968D1
S315600130308847C0B2002806D02D4817F0A9FF34484A
S3156001304017F0A6FFFEE7200017F0A2FF314817F040
S315600130509FFF314D28684168286800682A68926830
S3156001306012689047C0B2002806D0214817F090FF39
S315600130702A4817F08DFFFEE7200017F089FF2848E0
S3156001308017F086FF28680068296889688968884713
S31560013090C0B2002806D0164817F07AFF214817F00B
S315600130A077FFFEE7200017F073FF1F4817F070FFE8
S315600130B01E4A106841681068006812689268126852
S315600130C09047C0B2002803D0194817F061FFFEE7A8
S315600130D0200017F05DFF174817F05AFF31BD00BF9A
S315600130E03CF40210B0F70210BCF70210C4D402100F
S315600130F0DCF70210E8F702101CF8021044F802101F
S3156001310070F80210D0D4021094F80210C4F80210BC
S31560013110E8F8021010F90210C8D402102CF9021056
S3156001312054F9021074F902109CF90210CCD4021001
S31560013130C0F90210ECF90210DFF8902A10180A00A3
S3156001314012B21212801890F80008084110F00100BE
S315600131507047DFF8783A181809B209124254704775
S31560013160DFF8682A101809B20912401890F80008A9
S31560013170704710B4002014EE161F002004EE160FDF
S31560013180DFF84C2A106800280BD14AF20450DFF8A8
S31560013190443A1C6804431C60DFF83C3A1C682043CF
S315600131A018601068401C106004EE161F10BC704752
S315600131B0002014EE161F002004EE160FDFF8102A09
S315600131C01068002802D01068401E10601068002840
S315600131D00FD14FF6FB70DFF8FC291368034053F4F7
S315600131E025431360DFF8F0291368184050F4254031
S315600131F0106004EE161F704738B5DFF8E009046801
S31560013200FFF7BAFE87A5280017F0C2FE0022022149
S31560013210DFF8CC0917F0BCFE280017F0B9FEDFF81D
S31560013220C4090068206024610FF25530A060DFF8A0
S31560013230B809E060211D20680068226892681269F9
S315600132409047C0B2002804D0DFF8A00917F0A0FEAD
S31560013250FEE7206800682168896849688847C0B2C6
S31560013260002804D0DFF8880917F092FEFEE70121F5
S31560013270206800682268926852699047C0B2002847
S3156001328004D0DFF8700917F083FEFEE700F022FC38
S315600132905FF0FF300CF0A4FDFAE738B50122DFF8E4
S315600132A058196420F0F729FC0422DFF85019972099
S315600132B0F0F723FC0122DFF848196520F0F71DFCC1
S315600132C00122DFF840199620F0F717FC0022002151
S315600132D0EE20F0F712FC00220021ED20F0F70DFC44
S315600132E00422DFF824199A20F0F707FC9723642259
S315600132F096210020F0F75EF897236522EE210020E3
S31560013300F0F76BF897236422ED210020F0F778F847
S31560013310DFF8F8080088F4F71DFC0400DFF8F00810
S315600133200088F4F717FC050080220FF29D1120003A
S31560013330F0F7FDFF80220FF2ED112800F0F7F7FF9D
S3156001334000F04BF9002032BD7047D2B2002A03D09B
S31560013350022A03D001D301E000E0FFE7704780B5A0
S31560013360006896280BD104200090DFF8A838DFF8B2
S31560013370A8280121DFF88C0800F079FAFFE7002020
S3156001338002BD80B5010000200968642902D0652963
S315600133900DD019E004200090DFF87838DFF878283E
S315600133A00121DFF8540800F098FA01200CE00420AE
S315600133B00090DFF86838DFF868280121DFF84008F7
S315600133C000F08BFA0120FFE7C0B202BD10B5F4F739
S315600133D095FDF0F76AFA01210022DFF81C4820000A
S315600133E017F088EE01210022DFF81448200017F05B
S315600133F082EE01210022DFF80C48200017F07AEEF8
S3156001340004210022DFF8F447200017F074EE04214E
S315600134100022DFF8F447200017F06CEE00F016FB8F
S31560013420002010BD0A00000010B58CB0F4F76DFDE8
S31560013430DFF8F027D2E90001CDE90001DFF8E807FE
S31560013440C1788DF8011001798DF8021081798DF8B6
S31560013450031041798DF80410C0798DF80500DFF805
S31560013460CC474FF48052DFF8C817200000F03AF9D4
S31560013470DFF8C02706236946200000F03CF902A860
S31560013480DFF8B417282217F0C0ED4FF48052DFF849
S31560013490AC17200000F026F9DFF8A427282302A93B
S315600134A0200000F028F9FFF791FF00200CB010BD55
S315600134B080B5C00703D56020F3F72DFA02E07020CE
S315600134C0F3F729FA01BD00001CB5DFF8100704689F
S315600134D0DFF87007DFF870176C2217F096ED14F1BC
S315600134E03C00019014F11400009069462068006860
S315600134F02268926892699047D12000990870DFF836
S315600135002C474FF48052DFF83417200000F0EAF8B8
S31560013510DFF82C2728230099200000F0ECF8002022
S3156001352016BD00001CB5DFF8B4060468DFF81C0799
S31560013530DFF8F416082217F056ED14F13C000190FD
S3156001354014F1140000906946206800682268926848
S3156001355092699047D12001990870DFF8D0464FF4FF
S315600135608052DFF8CC16200000F0BCF8DFF8C426E4
S3156001357006230199200000F0BEF8002016BD000068
S3156001358010B504002078002803D002281FD00FD37D
S3156001359022E0FFF7EEFD617841F2014000F032F979
S315600135A0A1784FF4407000F02DF9FFF701FE13E0AA
S315600135B0FFF7DFFD617841F2016000F023F9A17840
S315600135C041F2034000F01EF9FFF7F2FD04E000222C
S315600135D000210020FFF778FF10BD7CB5DFF8FC0500
S315600135E0006810F13C01019114300090DFF860161B
S315600135F0DFF8380605F072FB0028FDD1DFF83426C6
S31560013600DFF8284606230199200000F0D8F80198D2
S315600136100078D12810D1DFF8100601994978C17078
S315600136200199897801710199097941710199C9787D
S31560013630817101994979C171DFF8042628230099BE
S31560013640200000F0BCF800980078D1282FD1DFF86F
S31560013650F8550098C08CA5F868000098807885F8C0
S3156001366044000098C07885F8450006220098011D3F
S3156001367015F14606300017F0B6EC1C22009810F1E1
S315600136800A0115F14C06300017F0ACEC0098407851
S31560013690002806D1A968DFF8BC0500680143A96066
S315600136A005E0A968DFF8AC0500688143A960DFF829
S315600136B0A8552A00DFF8A46504233100200000F034
S315600136C07EF83068401C30604FF48052DFF8901508
S315600136D0200000F007F804232A003100200000F0E2
S315600136E00AF873BD80B505F01EFC0028FDD10A20DD
S315600136F00CF076FB01BD2DE9F84392B005000E0092
S3156001370017005FF000081C002BE0042217EB08018C
S315600137100DF10409484617F066EC402216EB880164
S315600137200DF10809484617F05EEC0DF10101DFF86D
S31560013730FC0405F058FC01200CF052FB9DF80100D9
S315600137400128F2D0402317EB080202A9280005F0F0
S31560013750A0FB0028FDD10A200CF042FB18F14008BD
S31560013760403C402CD1D2002C26D0042217EB080114
S315600137700DF10409484617F036EC220016EB880174
S3156001378002AE300017F02EEC6946DFF8A00405F0B2
S315600137902AFC01200CF024FB9DF800000128F3D0DF
S315600137A0230017EB080202A9280005F072FB002826
S315600137B0FDD10A200CF014FB13B0BDE8F08378B597
S315600137C091B00C0016001D006946DFF8600405F033
S315600137D00AFC01200CF004FB9DF800000128F3D0DF
S315600137E0002003E0315C01AA1154401C2900C9B2D2
S315600137F08842F7D3EDB201A92A00200017F0F2EB57
S3156001380012B070BD38B504000D0020005FF0FF31C5
S3156001381040B2884201D1012028E0200000B200F0C8
S31560013820A8F8EDB2002D0BD0022D12D01DD2C0B278
S31560013830012804D00121200000B200F0C4F814E090
S31560013840C0B2002804D00021200000B200F0BBF80D
S315600138500BE0C0B2002801D1012100E00021C9B20C
S31560013860200000B200F0AFF8FFE7002032BD2DE97D
S31560013870F84304000D0016001F00DDF820800020CB
S3156001388000200020FFF775FC5FF0000911E0215C64
S3156001389019F00700C9B2C14011F0010117F809001A
S315600138A0414011F0010136F9190000F08CF819F167
S315600138B00109C1450CD236F819005FF0FF3140B2FB
S315600138C08842F4D04846C008A842E0D3012002E00D
S315600138D0FFF76EFC0020BDE8F2832DE9F047040096
S315600138E00D0016001F00DDF820800020002000205A
S315600138F0FFF73FFC5FF0000918E000212AE036F986
S31560013900190000F036F817F80910414011F001016D
S315600139100800C0B2002819D014F80A2019F007006F
S315600139208140114304F80A1019F10109C1451BD2FE
S3156001393036F819005FF0FF3140B28842F4D0CA46CA
S315600139405FEADA0AAA45DAD3012010E0C9B2002992
S31560013950D3D1012114F80A2019F00700814032EA17
S31560013960010104F80A10DFE7FFF722FC0020BDE839
S31560013970F08731B500200024BA4D02226868210023
S31560013980C9B210EBC101684617F076EB00280AD080
S31560013990641C28882100C9B289B28842ECD2B24837
S315600139A017F0F6FAFEE768682100C9B250F83100EF
S315600139B0010009B26868E4B210EBC4004068FFF721
S315600139C0BBFBC0B232BDF1B50C0000200025002062
S315600139D000200020A34F022278682900C9B210EBAB
S315600139E0C101684617F048EB00280AD06D1C38887B
S315600139F02900C9B289B28842ECD29B4817F0C8FA4D
S31560013A00FEE7BDF9006016F47F463000010009B299
S31560013A1078682A00D2B210EBC2004068FFF7A0FBBB
S31560013A20BDF9001001F0FF0101228A409043E4B222
S31560013A308C4004432200D2B2310009B27868EDB2FB
S31560013A4010EBC5004068FFF784FBF1BD1CB500F0C3
S31560013A5020F80FF22D000090002300224FF47A71B6
S31560013A60824811F0BFFC04000CF044FB5FF0FF31AB
S31560013A700091002302000121200011F0F3FC13BD27
S31560013A8080B500F025FF0120EFF7C8FFEFF7CAFF09
S31560013A90FEE71CB55148026812F13C00019012F133
S31560013AA0140000906946106800681268926892690D
S31560013AB09047D120019908705C4C4FF480525C4963
S31560013AC02000FFF70FFE5B4A062301992000FFF7EE
S31560013AD012FE13BD2DE9F0478AB0654AD2E90001AD
S31560013AE0CDE903010C21002207AC200017F002EB9F
S31560013AF0604AD2E90001CDE901015F4C0025DFF89A
S31560013B007C8105A85E49D1E90023C0E9002305A8A7
S31560013B1003900321079861F3030007900DF10C09E7
S31560013B2007AE376817F00F07D9F8001006220DF1B6
S31560013B30040A504617F056EA0198C8F80C04029830
S31560013B40C8F81004B9F804000005000D08F2144124
S31560013B500A6860F313220A60D8F80C040090D8F85A
S31560013B6010040090D8F8080450F08050C8F8080492
S31560013B7002E0641E75F10005D8F80804C00F00283C
S31560013B80F7D1D8F8100430F0F070C8F81004D8F8FE
S31560013B90100450EA4750C8F81004D8F8100430F4FD
S31560013BA0E010C8F81004B068D8F81014800410F456
S31560013BB0E0100843C8F81004D8F8080450F0007003
S31560013BC0C8F808040AB0BDE8F087000000000A8062
S31560013BD0C8301000101A2880001A2881A4FB021030
S31560013BE058FA0210CCD40210B4650B1098FA021080
S31560013BF0B4FA0210D4FA02103C750B1030660B1041
S31560013C003D750B103E750B1034660B10C21D03100B
S31560013C10C01D0310B8FB0210A8FB0210BCFB02100A
S31560013C20B0FB0210C0FB02104CD3021044750310A6
S31560013C300000206000002040C8FB021000102060D8
S31560013C4000102040C4650B105CD30210BC650B10DC
S31560013C50C0EA0210A0FB0210002020402464031079
S31560013C6000202060D4D40210F4FA02100CFB02107A
S31560013C70F0FB0210F8FB021000CA9A3B00001280AA
S31560013C8018FB021080B50BF093FF0021174A1170E3
S31560013C900BF097FF1648006800E0C068002806D060
S31560013CA0D0F884100029F8D00EF03EF8FFE701BD88
S31560013CB080B5FFF7E7FF01BD38B50BF079FF0B4C17
S31560013CC02578012121700BF07CFFEDB2002D0BD11F
S31560013CD00021084811F0E1F9002805D00BF068FFD2
S31560013CE0002121700BF06DFF31BD00003F750B1097
S31560013CF0A46E0B10692C011070B4BDF90C50049CB4
S31560013D000026066041600281438105734473012187
S31560013D1081730021C17370BC70472DE9FC470500B2
S31560013D200F009046EDB2404600B2012808D0412806
S31560013D3006D0B0F5C17F0ED0B0F5207F52D07BE0C2
S31560013D40424612B2390089B2002000F07CF80400C4
S31560013D502000BDE8F68700245FF000090F20FEF71A
S31560013D60E8FC0600002E26D03800D5F5D06180B279
S31560013D7089B2884228D2BA4600200190404600B2F4
S31560013D80009053469BB23A0092B2280080B2301836
S31560013D9010F110013000FFF7AFFFADB2D5F5D06578
S31560013DA0002D04D1002018F058FD18F01AFD002CE2
S31560013DB00DD134000DE0FFF77FFF002C02D020000B
S31560013DC000F075F90020C4E7D5F5D06AD4E7C9F8E3
S31560013DD00060B146B7EB0A070025380080B20028BB
S31560013DE0BCD1B5E7791911F110003A0089B292B2E6
S31560013DF0914205D301003A0089B292B2914201D251
S31560013E000020A6E780B2FEF739FB0400002C01D141
S31560013E1000209EE7002001900FFA88F8CDF8008017
S31560013E203B009BB23A0092B2ADB2601910F110013B
S31560013E302000FFF761FF8BE7002018F00EFD18F0F8
S31560013E40D0FC002085E7FEB505000E00170038009E
S31560013E5000B2412808D0380000B2012804D0002001
S31560013E6018F0FBFC18F0BDFC0E20FEF762FC0400A6
S31560013E70002C01D100200CE0002001903FB2009798
S31560013E8033009BB2320092B229002000FFF734FF63
S31560013E902000FEBD3EB51C00079BC0B29BB20D0063
S31560013EA0ADB215FA80F5AB4201D2002013E0069B54
S31560013EB0002B02D080B2181800E000200223019383
S31560013EC012B200920B009BB20A0092B2010020006E
S31560013ED0FFF712FF20003EBD70B504000D00002CF7
S31560013EE004D1002018F0B9FC18F07BFC2800218968
S31560013EF080B288423AD22689761B0CE060892D1AF7
S31560013F002089801B20812468002C04D1002018F0B0
S31560013F10A4FC18F066FC6089290089B28842EDD359
S31560013F20207B10F00F0F16D12800618980B288427C
S31560013F3011D0607B80070ED46168091B691889B24C
S31560013F402000FEF7C0F90400002C04D1002018F00F
S31560013F5084FC18F046FC6581608920812068002810
S31560013F6002D0206800F0A3F80020206070BD70B513
S31560013F7004000D001600002C04D1002018F06DFC21
S31560013F8018F02FFC002C02D0B5F5803F01D301203B
S31560013F9027E0002D01D1002023E02800218909189E
S31560013FA0020089B292B2914201D2012019E0217BCD
S31560013FB0090608D561686D42491914F110029142EA
S31560013FC007D201200DE0F6B2002E0BD061686D427A
S31560013FD0491961606189411861812189401820818F
S31560013FE0002070BD0120FCE780B50022FFF7BFFF0E
S31560013FF002BD38B504000D00002C04D1002018F074
S315600140002CFC18F0EEFB002C02D0B5F5803F01D3F5
S31560014010012016E0002D01D1002012E028006189FF
S31560014020020092B2914201D201200AE061686168A0
S31560014030491961606189091A61812189081A20819A
S31560014040002032BD80B50B001BB2002B04D509B22E
S315600140504942FFF7CEFF03E0D2B209B2FFF787FF0D
S3156001406002BD80B5012209B2FFF7ECFF02BD38B58A
S3156001407004000D0007E0200061896D1A24680021A3
S31560014080016000F014F8280080B200280DD0002CE1
S315600140900BD02800618980B28842ECD2ADB229008A
S315600140A02000FFF7A6FF0025EDE7200032BDF8B539
S315600140B00400002C08D1002C04D1002018F0CDFB9F
S315600140C018F08FFB002050E0002506E0002018F074
S315600140D0C4FB18F086FB6D1C3400002C43D00BF03A
S315600140E067FD0600A07B002804D1002018F0B5FB0F
S315600140F018F077FBA07B401EA073A77B30000BF006
S3156001410060FDFFB2002F2CD12668207B10F00F00D6
S31560014110617B89070CD527003869002804D1002006
S3156001412018F09BFB18F05DFB200039698847D2E7E0
S315600141300100C9B2022904D121000F20FEF719FB43
S31560014140C9E70100C9B2012904D121000E20FEF799
S3156001415010FBC0E7C0B20028B8D12000FEF744F8D2
S31560014160B9E70024B9E72800C0B2F2BD010000201A
S3156001417001E0401C09680029FBD180B2704710B587
S315600141800400002C0ED00BF013FDA17B491CA1731A
S315600141900BF017FDA07B002804D1002018F05DFB11
S315600141A018F01FFB10BD38B504000D00002C01D0BE
S315600141B0002D00D11EE004E0218928894118218162
S315600141C0246820680028F7D120896189884204D053
S315600141D0002018F042FB18F004FB2068002804D088
S315600141E0002018F03AFB18F0FCFA21892889411859
S315600141F02181256031BD10B50C002100FFF7D3FF89
S315600142002000FFF7BCFF10BD2DE9F84305000C0047
S3156001421000260027002D05D0002C03D0288921898E
S31560014220884202D27FF00F0058E06889801B61895D
S31560014230C91B884204D3B4F80A80B8EB070803E0C7
S31560014240B5F80A80B8EB060842466068C119686825
S3156001425010EB0609484616F0C6EE18EB060618EB93
S3156001426007076889B04204D2002018F0F6FA18F000
S31560014270B8FA6089B84204D2002018F0EEFA18F054
S31560014280B0FA6089874201D300272468688986422B
S3156001429005D100262D68002D01D1002C14D1002CEA
S315600142A006D060892189884202D1206800280ED112
S315600142B0002D06D068892989884202D1286800289C
S315600142C008D1002CB1D108E07FF00F0006E07FF045
S315600142D0050003E07FF0050000E00020BDE8F28301
S315600142E02DE9F04704000D00160000275FF0000974
S315600142F0002C01D1002037E0002D01D1002033E0F0
S315600143002AE0B4F80A80B8EB03083000414680B26F
S3156001431089B2884200D2B046424692B260689BB288
S31560014320C118380080B215EB000A504616F05AEEF5
S3156001433018EB090918EB0707B6EB080600230AE034
S31560014340180080B20028DCD01800618980B28842EA
S31560014350D7D360891B1A2468300080B2002801D047
S31560014360002CEDD1484680B2BDE8F087F8B506006D
S315600143700F0000203860002E34D03068002831D01C
S3156001438071893000346803E060894118200024682F
S31560014390002C06D0628952180B0092B29BB29A42E7
S315600143A0F2D200210160002C1CD0350010E0298971
S315600143B02089091A29812868002808D128896989EC
S315600143C0884204D0002018F048FA18F00AFA2D68DD
S315600143D0002DECD1707B800603D5607B50F0200008
S315600143E060733C60F1BD10B402E04389C91A00688C
S315600143F0002804D00B0044899BB2A342F5D2002A5F
S3156001440000D0118010BC704780B589B2FFF7EBFF11
S3156001441002BD2DE9F04704000E0017003D00ADB264
S315600144205FF00009002C02D17FF00F0041E0002E01
S3156001443002D17FF00F003CE02089390089B28842C1
S3156001444002D25FF0FF3034E0002C06D0002E04D09B
S315600144502089390089B2884202D27FF00F0028E0B4
S315600144601AE0002C04D1002018F0F7F918F0B9F918
S31560014470A8466089404501D2B4F80A80424616EBE7
S315600144800901D4F804A0504616F0ACEDB5EB080569
S3156001449018EB0908C1462468002DE2D1002D02D12E
S315600144A0BFB2B94504D0002018F0D7F918F099F9D0
S315600144B00020BDE8F0872DE9F8430D0016006A4635
S315600144C0190089B2FFF7A0FF0400002C3AD02089B9
S315600144D0BDF8001011FA86F1884233DB3700A84631
S315600144E0BDF800006189884204D3002018F0B5F94F
S315600144F018F077F96189BDF80000091A300080B2B9
S31560014500814204DA6689BDF80000361AFFE7320097
S3156001451092B26068BDF8001010EB010929004846A7
S3156001452016F060EDBF1BB6B218EB0601380080B21B
S31560014530002805D03A0092B22068FFF76AFF03E0CF
S31560014540002001E05FF0FF30BDE8F28338B5150069
S315600145500A0012B22989C0B2FFF7DFFB0400002C02
S3156001456001D100200CE029002000FFF74DFE40B28A
S31560014570002804D0002018F070F918F032F92000F4
S3156001458032BD1CB514006A4689B2FFF73DFF0028AB
S3156001459008D0BDF800104289914203D24068BDF847
S315600145A00010445413BD0000DFF800F0DD28100050
S315600145B0DFF8582700B212EB8000C0F88010704710
S315600145C05FF01441DFF8482703001BB2002B0CD4BF
S315600145D000B20200520911EB8201012210F01F00A4
S315600145E012FA00F0C1F8840206E000B2203001211F
S315600145F011FA00F0C2F88002704770B45FF014439C
S31560014600DFF80C47020012B2002A37D400B202006A
S31560014610520913EB82040200520913EB8202D2F8AB
S315600146208450012610F01F0296403543C4F8845029
S315600146300200920813EB82040200920813EB8202D5
S31560014640D2F82054FF2610F00302D2B2D20096406F
S31560014650B543C4F820540200920813EB82020400A9
S31560014660A40813EB8403D3F8203410F00300C000D0
S31560014670C01C81401943C2F820142DE000B22030DD
S31560014680D4F88020012383401A43C4F880200200B5
S31560014690920814EB82030200920814EB8202D2F8AC
S315600146A00054FF2610F00302D2B2D2009640B54301
S315600146B0C3F800540200920814EB820203009B08BF
S315600146C014EB8303D3F8003410F00300C000C01C60
S315600146D081401943C2F8001470BC70475FF0144101
S315600146E0DFF82C2603001BB2002B13D400B20200A4
S315600146F0520911EB820203005B0911EB8301D1F8C8
S315600147000411012310F01F0013FA00F00843C2F8E8
S31560014710040109E000B22030D2F80011012313FA36
S3156001472000F00843C2F80001704780B500B2FFF798
S315600147303FFF01BD80B500B2FFF742FF01BD38B54D
S3156001474004001500200000B2FFF757FF2900200082
S3156001475000B2FFF7EAFF31BD80B500B2FFF7BEFFD9
S3156001476001BD10B50400200000B2FFF7E3FF200091
S3156001477000B2FFF7F1FF10BD10B50400200000B2D2
S31560014780FFF7DDFF200000B2FFF7EBFF10BD00234E
S315600147900360001F00230360001F00230360001FE6
S315600147A01F2303600B00DB0703D5036853F0200367
S315600147B00360001F0160001F0FF275010160001F99
S315600147C05FF012310160001F5FF011310160001F5F
S315600147D05FF010310160001F5FF009310160001F59
S315600147E05FF008310160001F5FF007310160001F53
S315600147F05FF006310160001F5FF005310160001F47
S315600148005FF004310160001F5FF003310160001F3A
S315600148105FF002310160001F5FF001310160001F2E
S315600148200260001F00210160001F002101607047C6
S3156001483080B5DFF8E004006810F1010F00D000BE1A
S3156001484000F0B6F8FEE7000080B50820DFF8C8146E
S315600148500A788DF80120FF220A700A788DF8002007
S315600148609DF80020D20708D49DF80020D2B25208E4
S315600148708DF80020401E0028F2D19DF800001F2807
S3156001488000D000BE9DF801000870EFF3008010F0C3
S315600148901F00102800D100BE102815D01CEE7C0F19
S315600148A010F00700042800D300BE1CEE7C0F10F048
S315600148B00700042808D272B6BFF34F8FBFF36F8F1C
S315600148C000F09EF800F030E9DFF85004002002BDE8
S315600148D080B500F06DF8DFF848040168491C016095
S315600148E00068012805D1DFF82C040068002800D093
S315600148F000BE01BDDFF828140868002816D00868D4
S31560014900401E08600868002810D172B6BFF34F8F49
S31560014910BFF36F8FFF2004EE160FBFF34F8FBFF308
S315600149206F8F62B6BFF34F8FBFF36F8F7047000013
S3156001493080B572B6BFF34F8FBFF36F8F082004EE59
S31560014940160FBFF34F8FBFF36F8F62B6BFF34F8FF3
S31560014950BFF36F8F0BF014FC002803D00120DFF842
S31560014960C413086072B6BFF34F8FBFF36F8FFF201A
S3156001497004EE160FBFF34F8FBFF36F8F62B6BFF3AF
S315600149804F8FBFF36F8F01BD002810D172B6BFF391
S315600149904F8FBFF36F8FFF2004EE160FBFF34F8F5C
S315600149A0BFF36F8F62B6BFF34F8FBFF36F8F7047E1
S315600149B072B6BFF34F8FBFF36F8F14EE160F0828D1
S315600149C001D1012007E00020082104EE161FBFF384
S315600149D04F8FBFF36F8F62B6BFF34F8FBFF36F8F8A
S315600149E0704700001CEE7B0F082800D200BE1CEE4B
S315600149F07C0F10F00700042800D300BE704700004A
S31560014A0038B555EC0E4F03E001210120EEF7AAFF00
S31560014A1051EC0E0FA94201D1A042F5D00FF2490027
S31560014A20C2498867C248C34909684FF47A72B1FBC3
S31560014A30F2F1016053EC0E2F006800211018594104
S31560014A4041EC2E0F01200EEE320F00221E217FF067
S31560014A500100FFF791FE62B6BFF36F8F31BD80B57E
S31560014A60FFF7A2FD01BD000080B553EC2E2FB048C3
S31560014A70006800211018594141EC2E0FFFF758FFCD
S31560014A8001BD00001F056DF91F0002F1FF5F2DE9F1
S31560014A9088229FE5001092E502002DE984229FE5B8
S31560014AA0003092E5000053E3101AF11E200B2D1D14
S31560014AB0200B6D1D02002D1908002DE974029FE57A
S31560014AC0001090E500D081E56C029FE530FF2FE193
S31560014AD060029FE5001090E500D091E544029FE5F4
S31560014AE00200BDE8001080E5000051E30100BD1839
S31560014AF0200BFD1C200BBD1C100AE11E1C029FE54C
S31560014B000200BDE8001080E5000051E3FF40A0030C
S31560014B1028429F1500409415164F04EEFF5FBDE8CD
S31560014B20000ABDF81EFF2FE11F0002F14FF07FF56D
S31560014B306FF07FF5FC019FE5001090E500D091E5EF
S31560014B40E0019FE50200BDE8001080E5000051E349
S31560014B500100BD18200BFD1C200BBD1C100AE11EB7
S31560014B60B8019FE50200BDE8001080E5000051E351
S31560014B70FF40A003C4419F1500409415164F04EEF3
S31560014B80FF5FBDE8000ABDF81EFF2FE104E04EE2BB
S31560014B9000402DE900E04FE100402DE9130002F1EC
S31560014BA01F102DE9100AF1EE200B2DED200B6DED96
S31560014BB001002DE958319FE5001093E5014081E23E
S31560014BC0004083E51C0F1CEE0D20A0E1042002E2EB
S31560014BD002D04DE01F402DE964119FE531FF2FE1C1
S31560014BE01F40BDE802D08DE080000CF14FF07FF5EB
S31560014BF06FF07FF53C0F0CEE001083E5000051E38A
S31560014C000300001A18119FE5000091E5000050E3CA
S31560014C100900001A0100BDE8200BFDEC200BBDEC7C
S31560014C20100AE1EE1F10BDE8120002F10040BDE876
S31560014C300EF06FE10040BDE80EF0B0E10000A0E3C8
S31560014C40000081E50100BDE8200BFDEC200BBDEC09
S31560014C50100AE1EE1F10BDE8120002F10040BDE846
S31560014C600EF06FE10040BDE81F056DF91F0002F10E
S31560014C70FF5F2DE9A4209FE5001092E502002DE972
S31560014C80A0209FE5003092E5000053E3101AF11E63
S31560014C90200B2D1D200B6D1D02002D1908002DE91D
S31560014CA090009FE5001090E500D081E588009FE5C2
S31560014CB030FF2FE17C009FE5001090E500D091E583
S31560014CC060009FE50200BDE8001080E5000051E349
S31560014CD00100BD18200BFD1C200BBD1C100AE11E36
S31560014CE038009FE50200BDE8001080E5000051E351
S31560014CF0FF40A00344409F1500409415164F04EEF3
S31560014D00FF5FBDE8000ABDF81EFF2FE1CC30100041
S31560014D100000119448660B1020040094E9370110D5
S31560014D20DCD4021044660B1040660B1098381000F4
S31560014D303C660B10200006C0586D0B101DF2011069
S31560014D40BCFE0210173A011038B504000D00002CA4
S31560014D5000D100BEFFF7BCFD2168E26B206C4243C7
S31560014D608818A0600020A063206860602168E26BFB
S31560014D70521E206C42438818E0605FF0FF3084F871
S31560014D80440084F84500002D0AD1206900280FD01F
S31560014D9014F110000BF0D8FA002809D000DF07E003
S31560014DA014F1100016F0B1FE14F1240016F0ADFEF8
S31560014DB0FFF7A0FD012032BD38B51C00002800D1E7
S31560014DC000BE002C00D100BE002A02D0002900D10D
S31560014DD000BE002A02D1002900D000BE48230093FC
S31560014DE0009B482B00D000BE009B002C07D0049B83
S31560014DF0012584F846500094DBB200F021F82000CA
S31560014E0032BD0000F8B504000E001700002C00D179
S31560014E1000BE06FB04F04830F7F750F80500002D98
S31560014E200CD0280010F14802002085F84600009554
S31560014E303B00DBB23100200000F002F82800F2BD31
S31560014E4080B5029B002901D11B6000E01A60D8631E
S31560014E50196401211800FFF777FF01BD80B50028AD
S31560014E600AD000218160002101600021C160002318
S31560014E700022002100F022F801BD10B502000120D8
S31560014E800021D2B2FFF7BEFF04002000FFF7E6FF64
S31560014E90200010BD1CB50C001300002800D100BE17
S31560014EA0A04200D200BE0221009100220021FFF73C
S31560014EB083FF002800D0846316BD0000F7B50500A6
S31560014EC00E001F000024002D00D100BE002E03D16C
S31560014ED0286C002800D000BE022F03D1E86B0128A0
S31560014EE000D000BE0BF094FB002835D10298002853
S31560014EF032D000BE30E0029800284CD0002C03D19D
S31560014F0068460BF083FA0124FFF7F4FC0BF08AF88C
S31560014F10FFF7DEFC95F9440010F1010F02D1002084
S31560014F2085F8440095F9450010F1010F02D1002082
S31560014F3085F84500FFF7DEFC02A968460BF072FAB8
S31560014F4000283AD1280000F0E7FA002827D1280086
S31560014F5000F09CFA0BF06CF8FFF7BAFCA86BE96BF2
S31560014F60884201D3022FC6D13A003100280000F0F1
S31560014F7035FA696A002907D015F124000BF0E4F9C6
S31560014F80002804D000DF02E0002800D000DFFFF730
S31560014F90B1FC012017E0FFF7ADFC002013E0029998
S31560014FA015F110000BF090F9280000F06FFA0BF084
S31560014FB03FF80028D0D100DFCEE7280000F066FA7E
S31560014FC00BF036F80020FEBD2DE9F84304000D0014
S31560014FD016009846002C00D100BE002D03D1206C2E
S31560014FE0002800D000BEB8F1020F03D1E06B0128A2
S31560014FF000D000BEFFF7F6FCFFF7DAFC0700A06BF6
S31560015000E16B884202D3B8F1020F21D194F9459040
S31560015010A06B42462900200000F0E0F948465FF0A7
S31560015020FF3140B288420DD1606A002809D014F17F
S3156001503024000BF089F9002803D0002E01D001204D
S31560015040306003E019F1010984F84590012400E01C
S3156001505000243800FFF798FC2000BDE8F2830000C9
S3156001506070B504000D00002C00D100BE206C002834
S3156001507000D000BE2068002803D1A068002800D0B7
S3156001508000BEFFF7AFFCFFF793FC0600A16BE06B78
S3156001509081421CD294F94500491CA16301005FF06D
S315600150A0FF3249B291420DD1606A00280DD014F1E8
S315600150B024000BF049F9002807D0002D05D0012006
S315600150C0286002E0401C84F84500012400E00024C9
S315600150D03000FFF759FC200070BD0000F7B50600EF
S315600150E00F000024002E00D100BE002F03D1306CCA
S315600150F0002800D000BE0BF08BFA002809D1029877
S31560015100002806D000BE04E0300000F0BFF90AF0C6
S315600151108FFFFFF7DDFBB56B002D39D102980028B3
S315600151204AD0002C03D168460BF070F90124FFF7D1
S31560015130E1FB0AF077FFFFF7CBFB96F9440010F12C
S31560015140010F02D1002086F8440096F9450010F15E
S31560015150010F02D1002086F84500FFF7CBFB02A9BB
S3156001516068460BF05FF900282AD1300000F0C5F9D6
S315600151700028C9D0029916F124000BF0A5F8300079
S3156001518000F084F90AF054FF0028C2D100DFC0E7BD
S315600151903900300000F065F96D1EB563306900288D
S315600151A006D016F110000BF0CFF8002800D000DF12
S315600151B0FFF7A0FB01200EE0FFF79CFB00200AE051
S315600151C0300000F063F90AF033FF300000F095F922
S315600151D000289ED00020FEBD73B582B00600002473
S315600151E00025002E00D100BE306C002800D000BE24
S315600151F00BF00EFA002809D10398002806D000BEEC
S3156001520004E0300000F042F90AF012FFFFF760FB9C
S31560015210B06B002844D10398002857D0002C03D1E5
S3156001522068460BF0F3F80124FFF764FB0AF0FAFE17
S31560015230FFF74EFB96F9440010F1010F02D10020F1
S3156001524086F8440096F9450010F1010F02D100205D
S3156001525086F84500FFF74EFB03A968460BF0E2F8B6
S3156001526000283AD1300000F048F90028C9D03068EA
S31560015270002807D1FFF72CFBB0680BF0DFF90500BA
S31560015280FFF738FB039916F124000BF01DF8300087
S3156001529000F0FCF80AF0CCFE0028B7D100DFB5E7D4
S315600152A0401EB0633068002802D10BF088FAB06006
S315600152B03069002806D016F110000BF045F8002879
S315600152C000D000DFFFF716FB01201EE0002D00D0A5
S315600152D000BEFFF70FFB002017E0300000F0D6F8A4
S315600152E00AF0A6FE300000F008F900288ED0002DE5
S315600152F00AD0FFF7EDFA300000F066F80100B068F9
S315600153000BF016FAFFF7F6FA002004B070BD000044
S315600153102DE9F84304000D001600002C00D100BEF3
S31560015320002D03D1206C002800D000BEFFF75AFB88
S31560015330FFF73EFB8046A76B002F21D094F944907E
S315600153402900200000F08DF87F1EA76348465FF0B4
S31560015350FF3140B288420DD1206900280ED014F188
S3156001536010000AF0F1FF002808D0002E06D00120B7
S31560015370306003E019F1010984F84490012400E0EA
S3156001538000244046FFF700FB2000BDE8F2830000E1
S3156001539010B50400002C00D100BEFFF799FAA46B8A
S315600153A0FFF7A8FA200010BD10B50400002C00D14B
S315600153B000BE200000F0D2F894F84600002802D121
S315600153C02000F6F7F3FD10BD416A002904D0006B99
S315600153D00068D0F1080000E0002070472DE9F04137
S315600153E0060014000027B56B306C002809D13068BF
S315600153F0002831D1B0680BF063F907000020B06076
S315600154002AE0002C0FD1326C7468200015F0EAEDA9
S315600154107068316C401870607068B16888421BD3DF
S315600154203068706018E0326CD6F80C80404615F032
S31560015430DAEDF068316C49424018F060F068316825
S31560015440884204D2B068316C49424018F060022C3F
S3156001545002D1002D00D06D1E6D1CB5633800BDE80C
S31560015460F08110B50C00016C00290ED0C168026C88
S315600154708918C160C1688268914201D30168C160BF
S31560015480026CC168200015F0AEED10BD70B5040068
S31560015490FFF71EFA94F9455008E014F124000AF06A
S315600154A053FF002801D00AF0FDFF6D1E280040B2AF
S315600154B0012802DB606A0028EFD15FF0FF3584F8CE
S315600154C04550FFF717FAFFF703FA94F9446008E0CD
S315600154D014F110000AF038FF002801D00AF0E2FF4B
S315600154E0761E300040B2012802DB20690028EFD128
S315600154F084F84450FFF7FEF970BD10B50400FFF75C
S31560015500E7F9A06B002801D1012400E00024FFF730
S31560015510F1F9200010BD000010B50400FFF7D8F9BD
S31560015520A06BE16B884201D1012400E00024FFF702
S31560015530E1F9200010BD000010B4002300E05B1CFF
S315600155400A2B09D20F4C54F83320002AF7D144F8BC
S31560015550331014EBC301486010BC7047002100E0B2
S31560015560491C0A290CD2074A12EBC1035B688342C4
S31560015570F6D1002042F83100002012EBC1014860EB
S31560015580704700004C660B1070B504000D001600E4
S31560015590FFF79EF994F9440010F1010F02D1002042
S315600155A084F8440094F9450010F1010F02D10020FE
S315600155B084F84500FFF79EF9A06B002805D13200FB
S315600155C0290014F124000AF0A9FE2000FFF75EFF0E
S315600155D070BD000010B4DFF8DC2813180C0024B28B
S315600155E0241210180A0012B21212805C012212FAF9
S315600155F001F10143195510BC704710B4DFF8B428A6
S3156001560013180C0024B2241210180A0012B21212D6
S31560015610805C012212FA01F130EA0101195510BCD0
S31560015620704710B4002014EE161F002004EE160F0A
S31560015630DFF88428106800280BD14AF20450DFF89D
S315600156407C381C6804431C60DFF874381C6820438E
S3156001565018601068401C106004EE161F10BC70477D
S31560015660002014EE161F002004EE160FDFF84828FE
S315600156701068002802D01068401E1060106800286B
S315600156800FD14FF6FB70DFF834281368034053F4EB
S3156001569025431360DFF828281368184050F4254025
S315600156A0106004EE161F70470021DFF8181802001B
S315600156B012B21212895C014111F00101002902D175
S315600156C05FF4790004E0012901D1002000E00020A7
S315600156D070472DE9F04104000D0000206E69656098
S315600156E07078012805D0022807D0DFF8DC07A060B2
S315600156F006E0DFF8D807A06002E0DFF8D407A06013
S315600157000020E060F76879683868BA68126890477F
S3156001571000280ED1F07800F0D3F88046B07800F01A
S31560015720B8F84246D2B20100C9B23868BB689B6814
S315600157309847002806D13178002903D12900200035
S3156001574000F0CBF8002811D1200000F0C9FB3079B8
S31560015750012803D1200000F045F902E0200000F0A5
S3156001576017F9002802D1DFF86C172160BDE8F081D6
S3156001577010B5040060684069C1680868896849684D
S315600157808847002060600020A06000202060002023
S3156001579010BD1CB5040060684069007901280CD110
S315600157A04FF490520021200000F05EF86A46042111
S315600157B0200000F041F8002000E0052016BD38B554
S315600157C00C0041684D692979012914D1210000F045
S315600157D08BF9002812D16A460DF10101206800F0AB
S315600157E00EFAEB689DF800209DF8011018689B6819
S315600157F09B68984702E0210000F048F932BD1CB56C
S31560015800040000206A460121200000F015F86A466E
S315600158100121200000F010F8009880B24FF6FF7168
S31560015820884202D00098400702D441F2883000E0F5
S31560015830002016BD0620704780B543685B695B78BA
S31560015840002B03D0022B07D003D308E000F0FFF949
S3156001585008E000F019FA05E000F03DFA02E04FF6C3
S31560015860FF701060002002BD80B543685B695B789C
S31560015870002B03D0022B07D003D308E000F08DFA8A
S3156001588005E000F0A2FA02E000F0B8FAFFE70020B6
S3156001589002BDC0B2002806D0022808D005D304286C
S315600158A009D006D309E0012008E0022006E00020C5
S315600158B004E0012002E0022000E0FF20C0B2704750
S315600158C0C0B2002802D0012802D003E0002002E025
S315600158D0012000E0FF20C0B27047F8B506000F0056
S315600158E07C6900250020002100E0491C032908D2BB
S315600158F0DFF8E42532F91120B4F906309A42F4D181
S315600159000120E188DFF8D0253B7822F81310C0B278
S3156001591000281CD1FFF785FEB4F90600FFF7C4FE27
S31560015920B4F90610FFF769FE0121A068EEF71AF8CF
S31560015930B4F90600FFF7B8FEB4F90610FFF74AFEA0
S315600159400121A068EEF70EF8FFF78AFE1EE02079C6
S3156001595001281BD100244FF4004200213000FFF7DB
S3156001596083FF03E07868A0420FD3641C6A46002176
S315600159703000FFF761FF009880B24FF6FF718842F1
S31560015980F0D000980004EDD400E014252800F2BDA3
S3156001599010B504006068406900228178022904D04C
S315600159A019D3042914D010D315E0C078002802D089
S315600159B0012812D014E032F4807200212000FFF732
S315600159C053FF0020E060002010BD52F40052ECE766
S315600159D052F04002E9E70320F6E752F48072ECE701
S315600159E00320F1E738B504006068406901220025AB
S315600159F08178002906D002292BD01DD304293AD0FB
S31560015A0030D341E0C078012802D152F4F07201E04E
S31560015A1052F0A0026068407B012801D152F44062D5
S31560015A20E26004212000FFF71FFF2A000921200000
S31560015A30FFF71AFF002032BDC078012804D152F465
S31560015A40F07255F4407503E052F0A00255F480758A
S31560015A50E0E7C078012802D152F0600201E052F01D
S31560015A602002D7E7C078012802D152F4C07201E062
S31560015A7052F08002CEE7C078012802D155F4407514
S31560015A8001E055F48075C5E70320D4E77CB50C00C9
S31560015A9015001E006A460021FFF7CEFE00984006FB
S31560015AA008D50098C00502D50620206016E00520BD
S31560015AB0206013E00098800408D50098C00502D5DF
S31560015AC0042020600AE00320206007E00098C005FA
S31560015AD002D50220206001E00120206000202860BC
S31560015AE000203060002076BD2DE9FF4104000D00E5
S31560015AF016001F0000200020009000200390002067
S31560015B00029001AA01212000FFF796FE01AA012158
S31560015B102000FFF791FE0198400705D501988006A0
S31560015B2005D441F2893067E041F2883064E0D4F807
S31560015B300C806A4605212000FFF77EFE002030605A
S31560015B405FEA485003D5306850F0020030605FEA82
S31560015B50085003D5306850F001003060002038608D
S31560015B600098400503D5386850F002003860009807
S31560015B70000503D5386850F001003860009880064A
S31560015B8004D55FEA886001D5012028600098400647
S31560015B9004D55FEA486001D50220286000980006B6
S31560015BA004D55FEA086001D5032028600098C00526
S31560015BB004D55FEAC85001D5042028600198C00564
S31560015BC019D503AA09212000FFF736FE02AA0A2188
S31560015BD02000FFF731FE0298400504D50398C00501
S31560015BE001D5052028600298000504D50398800533
S31560015BF001D506202860002004B0BDE8F0810128A7
S31560015C0007D01FD303280ED008D3052815D00FD38C
S31560015C1018E0002008700020107017E0002008705E
S31560015C200120107012E001200870002010700DE054
S31560015C30012008700120107008E002200870002021
S31560015C40107003E0022008700120107070478368AD
S31560015C5040684078C00210F47840890111F4F86117
S31560015C60014351F0110119619C4800E0401E196918
S31560015C70C90705D50028F9D14FF6FF701060704746
S31560015C80586980B21060FAE710B4836811F01F0199
S31560015C9040684078400110F47870014351F4004146
S31560015CA0C3F804178D4802E000280FD0401ED3F8D0
S31560015CB00017CC07F8D4880704D4D3F8080780B254
S31560015CC0106002E04FF6FF70106002E04FF6FF7061
S31560015CD0106010BC7047F0B404000D001600A76890
S31560015CE000207E4A110000E0491EB7F810359BB2CC
S31560015CF0DB0B9BB2002B02D00029F5D114200028C2
S31560015D0011D107F217510B7853F001030B70110093
S31560015D1000E0491E97F8163513F00103002B02D0F7
S31560015D200029F6D11420002815D16168497887F8D1
S31560015D30121587F8135540F20111A7F8101500E006
S31560015D40521EB7F8101589B2C90B89B2002902D063
S31560015D50002AF5D1142000280ED1B7F81015C1F329
S31560015D60803189B2002906D1B7F81015C1F34031E7
S31560015D7011F0010100E00121002809D1B7F81405ED
S31560015D80306007F21750017811F0FE01017002E0F0
S31560015D904FF6FF703060F0BC7047836840684078AA
S31560015DA0C00210F47840890111F4F861014351F0A1
S31560015DB013015A611961494800E0401E1969C90712
S31560015DC002D50028F9D17047FDE7836811F01F01FC
S31560015DD040684078400110F478700143C3F80417B5
S31560015DE092B2C3F808273D4802E0002805D0401E5C
S31560015DF0D3F80017C907F8D4FFE77047F0B4040079
S31560015E000D001600A7680020344A110000E0491E03
S31560015E10B7F810359BB2DB0B9BB2002B02D0002981
S31560015E20F5D11420002811D107F217510B7853F0E0
S31560015E3001030B70110000E0491E97F8163513F047
S31560015E400103002B02D00029F6D11420002817D1B6
S31560015E506168497887F8121587F81355A7F81465AC
S31560015E6040F20121A7F8101500E0521EB7F810158F
S31560015E7089B2C90B89B2002902D0002AF5D1142052
S31560015E80002814D1B7F81005C0F3803080B200281D
S31560015E9006D1B7F81005C0F3403010F0010000E0FC
S31560015EA0012007F21750017811F0FE010170F0BC74
S31560015EB07047000000000A80C8301000101A288060
S31560015EC0001A2881000C03810000108000001280F6
S31560015ED000001380594850529C660B1000CA9A3BC9
S31560015EE080B54168097B012907D015D303290AD0FA
S31560015EF006D305290DD009D30EE000F00EF80BE0AC
S31560015F0000F027F808E000F064F805E000F0ACF86E
S31560015F1002E000F0AAF8FFE701BD1CB5040000200D
S31560015F20009000221D212000FFF79EFC6A461E217B
S31560015F302000FFF781FC009840084000009000981F
S31560015F4050F002000090009A1E212000FFF78CFCA1
S31560015F5013BD1CB5040002220D212000FFF784FC4D
S31560015F604D220E212000FFF77FFC44F202020D2133
S31560015F702000FFF779FC6A460E212000FFF75CFCE2
S31560015F80009830F480500090684602880E21200007
S31560015F90FFF76AFC6A460E212000FFF74DFC009868
S31560015FA050F400500090684602880E212000FFF7E9
S31560015FB05BFC6A460E212000FFF73EFC009830F438
S31560015FC000500090684602880E212000FFF74CFCC5
S31560015FD013BD38B5040002220D212000FFF744FCF1
S31560015FE000220E212000FFF73FFC44F202052A0041
S31560015FF00D212000FFF738FC6A460E212000FFF7CD
S315600160001BFC009850F010000090009A0E212000B1
S31560016010FFF72AFC02220D212000FFF725FC08224A
S315600160200E212000FFF720FC2A000D212000FFF73A
S315600160301BFC40F2E7320E212000FFF715FC02221D
S315600160400D212000FFF710FC06220E212000FFF72C
S315600160500BFC2A000D212000FFF706FC00220E2111
S315600160602000FFF701FC31BD70471CB504006A468C
S315600160701E212000FFF7E0FB009830F400400090FD
S31560016080009850F480400090009A1E212000FFF78E
S31560016090EBFB13BDDFF800F04D291000F8B50400E5
S315600160A08D4D0E788D4F2068B84229D0A56061600C
S315600160B000F0EAF8280000F0DAF8002015F108018E
S315600160C00A6860F302020A6015F542700168C90840
S315600160D0C900016015F541700168C908C900016010
S315600160E03000C0B200280DD001280ED015F584719C
S315600160F00A687B48024060688078002808D131E0F0
S315600161000E206EE015F58071F2E715F58271EFE705
S315600161106068807801280FD16068C078002802D154
S3156001612052F0040201E052F00502606840790128EC
S3156001613018D152F0100215E060688078032810D1FA
S315600161406068C078002802D152F008020AE06068EF
S31560016150C078012802D152F0090203E052F00A0226
S3156001616000E00A6860680079012802D152F4807201
S31560016170FFE70A606A6912F00702012111FA06F067
S31560016180824360684078C043B040024315F1140011
S31560016190036862F3020303606869C0F3021211FACD
S315600161A006F0824360684078B040024315F11400FE
S315600161B0036862F306130360D5F8142112F007022F
S315600161C011FA06F0824311FA06F6324315F58A7022
S315600161D0016862F302010160280000F052F827604D
S315600161E00020F2BD2DE9F04107000C00150078682A
S315600161F090F80080BE68300000F039F85FFA88F8E0
S31560016200B8F1000F03D0B8F1010F03D005E016F520
S31560016210807104E016F5827101E016F584710A68F1
S31560016220304802407868807800280FD02000C0B2DC
S3156001623000280BD02000C0B2012802D152F0010221
S3156001624004E0E4B2022C01D152F00202EDB2012D5A
S3156001625002D152F48072FFE70A60300000F011F853
S315600162600020BDE8F0810021016000207047A52172
S315600162700160012101604FF6FE710160012101603B
S31560016280704700210160704780B51749087800287A
S3156001629021D1012008700120EDF7C0FB002014EE2A
S315600162A0160F002104EE161F10490A6832F0080223
S315600162B00A60096808490A680A680A680A68096812
S315600162C004EE160F0A48EDF7B5FB0A48EDF7B2FB87
S315600162D00120FFF7DFFE01BD0000118053485445E0
S315600162E0E0FEFFFFFCFEFFFF40750B1010032880E8
S315600162F00500040006000400DFF8C809DFF8C819C4
S31560016300097810EB410030F9020C7047DFF8BC29BF
S3156001631000B212EB8000C0F8801070475FF0144144
S31560016320DFF8AC2903001BB2002B0CD400B20200CB
S31560016330520911EB8201012210F01F0012FA00F0DE
S31560016340C1F8840206E000B22030012111FA00F0A2
S31560016350C2F88002704770B45FF01443DFF8704989
S31560016360020012B2002A37D400B20200520913EBBE
S3156001637082040200520913EB8202D2F8845001268C
S3156001638010F01F0296403543C4F88450020092080B
S3156001639013EB82040200920813EB8202D2F82054B6
S315600163A0FF2610F00302D2B2D2009640B543C4F87C
S315600163B020540200920813EB82020400A40813EB36
S315600163C08403D3F8203410F00300C000C01C814060
S315600163D01943C2F820142DE000B22030D4F8802091
S315600163E0012383401A43C4F880200200920814EB0B
S315600163F082030200920814EB8202D2F80054FF264F
S3156001640010F00302D2B2D2009640B543C3F80054ED
S315600164100200920814EB820203009B0814EB8303CB
S31560016420D3F8003410F00300C000C01C814019434A
S31560016430C2F8001470BC70475FF01441DFF8902811
S3156001644003001BB2002B13D400B20200520911EBF8
S31560016450820203005B0911EB8301D1F80411012368
S3156001646010F01F0013FA00F00843C2F8040109E0B6
S3156001647000B22030D2F80011012313FA00F008436C
S31560016480C2F8000170475FF01441DFF84428030049
S315600164901BB2002B0CD400B20200520911EB82012F
S315600164A0012210F01F0012FA00F0C1F8840106E023
S315600164B000B22030012111FA00F0C2F88001BFF369
S315600164C04F8FBFF36F8F704780B500B2FFF71EFF26
S315600164D001BD80B500B2FFF721FF01BD38B50400EB
S315600164E01500200000B2FFF736FF2900200000B238
S315600164F0FFF7EAFF31BD80B500B2FFF79DFF01BD31
S3156001650010B50400200000B2FFF7E3FF200000B2DF
S31560016510FFF7F1FF10BD80B500B2FFF7B4FF01BD13
S3156001652010B50400200000B2FFF7D8FF200000B2CA
S31560016530FFF7E6FF10BDDFF8941700B211EB80009C
S31560016540D0F8800070472DE9F04104000D00002667
S31560016550DFF88087C4F80880DFF87C072061DFF800
S315600165607C07E060A76865600120EDF757FA0020B7
S3156001657014EE160F002104EE161FDFF864170A6881
S3156001658032F002020A600968D8F80010D8F80010E3
S31560016590D8F80010D8F80010D8F8001004EE160FDD
S315600165A0DFF84007EDF746FA0120FFF773FD07F6BE
S315600165B0140042F20841026861F30D02026007F6B7
S315600165C01440026861F30D02026041F2140038184A
S315600165D0026861F30D02026041F2144038180268E4
S315600165E061F30D020260DFF80007C7F80808C7F813
S315600165F0080C41F20801785041F20841785017F1D0
S315600166000800016851F47021016017F10800016802
S3156001661051F00F0101600020C7F8000417F5806092
S31560016620016851F00801016017F58060016851F059
S315600166300401016017F58060016851F00201016093
S3156001664017F58060016851F00101016017F10C00D6
S31560016650016851F00F01016017F11400016851F0F2
S315600166600F01016017F11800016851F00F01016017
S3156001667017F51070016851F00101016017F511708D
S31560016680016851F00101016017F51270016851F05E
S315600166900101016017F51370016851F00101016094
S315600166A028690078012820D12869408817F590610A
S315600166B00A6860F31F420A6017F59060016831F05D
S315600166C02001016017F59060016831F010010160E9
S315600166D017F59060016851F00201016017F590604D
S315600166E0016851F00101016005E017F590600168EC
S315600166F0490849000160200000F0ACFC2869007976
S3156001670001280BD117F5C060016851F4E0610160A1
S3156001671017F5C060016851F001010160DFF8CC0531
S3156001672020603000BDE8F08138B504000025A0681E
S3156001673010F5C0610A6832F4E0620A6010F5C06162
S315600167400A68520852000A6010F510710A68520808
S3156001675052000A6010F511710A68520852000A6007
S3156001676010F512710A68520852000A6010F5137129
S315600167700A68520852000A6000F6140142F20842A1
S315600167800B6862F30D030B6000F614410B6862F34C
S315600167900D030B6041F2140141180B6862F30D039E
S315600167A00B6041F2144141180B6862F30D030B60F3
S315600167B010F108010A6832F470220A6010F10801CA
S315600167C00A68120912010A60DFF82415C0F8081870
S315600167D0C0F8081C41F20802815041F2084281501A
S315600167E0200000F041FC002060600020206028004D
S315600167F032BD10B4030000209B68002903D0022932
S3156001680007D003D309E003F6080407E003F608445A
S3156001681004E041F208015C1800E00320002824D15D
S315600168202368DFF8D0140B40D2B2012A09D01AD3FB
S31560016830032A0ED00AD3052A0FD00DD3062A0FD00C
S3156001684011E043F0007353F480630DE053F000737D
S315600168500AE053F4806307E006E053F4816303E0E2
S3156001686053F0080300E00320236010BC70472DE954
S31560016870FF410F001500DFF88014D1E90023CDE94F
S31560016880012386682C7814F00F04062239680DF10D
S315600168900408404614F0A6EB0198C6F80C04029869
S315600168A0C6F81004B8880005000D06F214410A689E
S315600168B060F313220A60D6F80C040090D6F810042F
S315600168C00090002C06D1D6F8080450F04050C6F866
S315600168D008043FE0DFF824240023D6F8080450F0CA
S315600168E08050C6F8080406E0002B01D1002A35D095
S315600168F0521E73F10003D6F80804C00F0028F3D1C5
S31560016900D6F81004C0032BD4D6F8100480B2C6F8AA
S315600169101004D6F8100450F48030C6F81004D6F886
S31560016920100450F40030C6F81004D6F8100450EA8A
S315600169304450C6F81004D6F81004A968890411F405
S31560016940E0110843C6F81004D6F8080450F0007048
S31560016950C6F80804002004B0BDE8F0811420FAE707
S31560016960D6F8100430F0F070C6F81004D6F81004AA
S3156001697050EA4450C6F81004D6F8100430F4E0101A
S31560016980C6F81004D6F81004A968890411F4E01158
S315600169900843C6F81004D7E718B414228468DFF8F0
S315600169A05C2300230878002833D0022801D018D34D
S315600169B047E014F58060016851F04001016006E02E
S315600169C0002B01D1002A0AD0521E73F10003D4F8BC
S315600169D00004C0F380100028F2D1002032E01420B8
S315600169E030E014F58160016851F48001016006E0D0
S315600169F0002B01D1002A0AD0521E73F10003D4F88C
S31560016A000804C0F380500028F2D100201AE0142057
S31560016A1018E014F58160016851F40001016006E037
S31560016A20002B01D1002A0AD0521E73F10003D4F85B
S31560016A300804C0F3C0500028F2D1002002E01420FF
S31560016A4000E0032012BC704710B48368DA6912F063
S31560016A500F02012414FA01F08243986810F00F00C6
S31560016A6014FA01F1014313F11C00046862F3030493
S31560016A70046013F10800026861F3030202600020FA
S31560016A8010BC704710B48368DA6912F00F020124F2
S31560016A9014FA01F00243986810F00F0014FA01F13C
S31560016AA030EA010113F11C00046862F30304046017
S31560016AB013F10800026861F303020260002010BC52
S31560016AC0704783684FF480604143581810F504603D
S31560016AD00068800810F001001070002070472DE9F1
S31560016AE0F84187B004000D00DFF81422D2E90001F5
S31560016AF0CDE903010C2100226E46300014F0FAEA5A
S31560016B0005A8DFF80012D1E90023C0E900232000BF
S31560016B10866805A8039005AF012078710321009866
S31560016B2061F3030000906A4603A92000FFF79FFE08
S31560016B30002855D1022078710821009861F303007D
S31560016B4000906A4603A92000FFF791FE002847D10D
S31560016B500B21009861F3030000905FF0030801E0E8
S31560016B6018F101084046C0B2062809DA87F805809F
S31560016B706A4603A92000FFF77AFE0028F0D02FE0CD
S31560016B8028680178427851EA0221827851EA024105
S31560016B90C27851EA026143F61442B15001794079F3
S31560016BA051EA002143F6184031506868DFF8581100
S31560016BB0086043F60840301848F2E101026861F363
S31560016BC00F0202604FF470503118C8220B6862F3ED
S31560016BD013230B603018016831F010010160002049
S31560016BE008B0BDE8F08180684FF6FF7143F6104248
S31560016BF0815010F5C0610A6852F001020A6010F511
S31560016C00C0610A6852F020020A604CF2F11143F643
S31560016C100C4281504FF470514218136853F00403CB
S31560016C2013604018016851F001010160002070474E
S31560016C308068002904D143F60443C358DB0706D4B0
S31560016C40012907D143F604414058800702D5012046
S31560016C50107001E00020107000207047806843F6D4
S31560016C6004428058000A087000207047806843F625
S31560016C7034428058086000207047806843F6244299
S31560016C808058000C087000207047806843F62842DF
S31560016C908058000C088000207047826843F62040C7
S31560016CA01058087003001B0A4B7003001B0C8B7095
S31560016CB0000EC87043F6244010580871000A4871E6
S31560016CC0002070474C38100018391000CC30100085
S31560016CD000001194000012800004118000001180F0
S31560016CE010032880020004000B0800015449575321
S31560016CF000080001F7FBFFFDFCFE021000CA9A3B8B
S31560016D0004FF0210ECFE0210A4660B1030B585B0CC
S31560016D10FFF7F2FA00B2FFF70EFC0500A868D0F89B
S31560016D200446C0F80446D0F80416009114F4E06FE6
S31560016D3027D0696809690979012922D169680978C1
S31560016D400191D0F84018C1F3800103910399D0F8FD
S31560016D50402CC2F3800251EA42010391039910F576
S31560016D6082500068C0F3800051EA800103910020DF
S31560016D708DF808006868C068049001A86968896828
S31560016D808847A00602D5280000F01FF8200102D529
S31560016D90280000F08AF8002C02D5280000F0D2F80D
S31560016DA0600002D5280000F0E6F8A00002D52800B0
S31560016DB000F005F905B030BD80B5A34B1A68002A0D
S31560016DC002D0C0B21A68904701BDF8B50400002030
S31560016DD08DF80000A56843F610416858002863D015
S31560016DE06E586E50002705E003E001210120FFF790
S31560016DF0E3FF7F1C102FEEDA0120B84030400028F7
S31560016E00F7D0012811D0102814D0202817D0402897
S31560016E101AD080281DD0B0F5807F2DD0B0F5804F77
S31560016E203DD0B0F5004FE0D0DEE703210620FFF745
S31560016E30C3FFDEE700210420FFF7BEFFD9E701218A
S31560016E400420FFF7B9FFD4E700210520FFF7B4FF5F
S31560016E50CFE76A4600212000FFF733FE9DF8000068
S31560016E60012804D100210220FFF7A6FF03E00021DB
S31560016E700020FFF7A1FFBCE76A4601212000FFF76A
S31560016E8020FE9DF80000012804D101210220FFF7B0
S31560016E9093FF03E001210020FFF78EFFA9E70021A0
S31560016EA00120FFF789FFA4E7F1BDF8B587680023E4
S31560016EB0664A1068002844D042F244203C1842F2E7
S31560016EC0E8103D1842F2F4203E1842F22C303F1889
S31560016ED0002017E0D5F800C05FEA0C6C1ED1D6F829
S31560016EE000C05FEA0C6C1ED1D7F800C01CF01F0F02
S31560016EF01ED114F5806415F5806516F5806617F563
S31560016F008067401C032817D2D4F800C05FEA0C6C76
S31560016F10E0D000212368236001230DE001212B6865
S31560016F202B60012308E0022133683360012303E00B
S31560016F3003213B683B600123012B02D1C9B2126870
S31560016F409047F1BD80B5806843F68472815881505F
S31560016F503F4A106800280DD008000005000DADF805
S31560016F600000090C11F00F01ADF80210694600200E
S31560016F701268904701BD38B581684FF47B500D5852
S31560016F800D502D4C2068002818D0E8070CD543F623
S31560016F909C600858000C0005000DADF800006946BC
S31560016FA04FF4807022689047A80407D50020ADF899
S31560016FB00000694640F201102268904731BD7FB5F5
S31560016FC08668D6F80805C6F80805C0F303440025A7
S31560016FD027E01B48814201DB1A4841180291174B91
S31560016FE01868002805D06A462900C9B210201B68B6
S31560016FF0984715F00300C6F8C405D6F8C405C1065E
S315600170000ED50100C1F380118DF80010C0F3062082
S315600170100390D6F8C8150029DBD509484118DDE784
S315600170206D1C002C05D00120A8400442F8D0844391
S31560017030DFE77FBD00000000B0660B10B4660B1081
S3156001704000CA9A3B003665C4A4660B10A8660B108D
S31560017050AC660B1080B50200506801795068B0F9D2
S315600170600200FFF75DFA01BD10B504006068B0F972
S315600170700200FFF750FA00216068B0F90200FFF7DD
S3156001708023FA10BDDFF8E00CDFF8E01C097810EB9D
S31560017090410030F9020C7047DFF8D42C00B212EBD4
S315600170A08000C0F8801070475FF01441DFF8C42C8F
S315600170B003001BB2002B0CD400B20200520911EB83
S315600170C08201012210F01F0012FA00F0C1F8840259
S315600170D006E000B22030012111FA00F0C2F8800208
S315600170E0704770B45FF01443DFF8884C020012B247
S315600170F0002A37D400B20200520913EB820402005F
S31560017100520913EB8202D2F88450012610F01F0255
S3156001711096403543C4F884500200920813EB82040A
S315600171200200920813EB8202D2F82054FF2610F077
S315600171300302D2B2D2009640B543C4F8205402008D
S31560017140920813EB82020400A40813EB8403D3F8BC
S31560017150203410F00300C000C01C81401943C2F8FE
S3156001716020142DE000B22030D4F880200123834022
S315600171701A43C4F880200200920814EB82030200CD
S31560017180920814EB8202D2F80054FF2610F0030233
S31560017190D2B2D2009640B543C3F8005402009208B9
S315600171A014EB820203009B0814EB8303D3F80034CB
S315600171B010F00300C000C01C81401943C2F80014DE
S315600171C070BC70475FF01441DFF8A82B03001BB257
S315600171D0002B13D400B20200520911EB82020300A4
S315600171E05B0911EB8301D1F80411012310F01F0033
S315600171F013FA00F00843C2F8040109E000B2203036
S31560017200D2F80011012313FA00F00843C2F8000115
S3156001721070475FF01441DFF85C2B03001BB2002B53
S315600172200CD400B20200520911EB8201012210F066
S315600172301F0012FA00F0C1F8840106E000B22030A6
S31560017240012111FA00F0C2F88001BFF34F8FBFF33D
S315600172506F8F704780B500B2FFF71EFF01BD80B525
S3156001726000B2FFF721FF01BD38B50400150020000B
S3156001727000B2FFF736FF2900200000B2FFF7EAFFF0
S3156001728031BD80B500B2FFF79DFF01BD10B50400A9
S31560017290200000B2FFF7E3FF200000B2FFF7F1FF25
S315600172A010BD80B500B2FFF7B4FF01BD10B5040093
S315600172B0200000B2FFF7D8FF200000B2FFF7E6FF1B
S315600172C010BDDFF8AC1A00B211EB8000D0F8800077
S315600172D070472DE9F0410C0000210500DFF8746C60
S315600172E02E616C6000202877002028750020687563
S315600172F000206877676B6868407D01010022D7F8D6
S315600173000080404613F0F6EE6868007D01010022B8
S315600173107F68380013F0EEEE00270AE06868C169FD
S3156001732000226868806950F82780404613F0E2EED3
S315600173307F1C6868007D6968497D08188742EDD3BE
S31560017340A06AA862206B28630020E8620120ECF73E
S3156001735065FB002014EE161F002004EE160FDFF801
S31560017360F80B02685208520002600068DFF8E40B0D
S315600173700268026802680268006804EE161F5FF41C
S315600173808020ECF757FBDFF8D40BECF753FB0120B9
S31560017390FEF780FE280000F0D0FA0400002C09D127
S315600173A0280000F0DCFA040041F28830844201D101
S315600173B040F6A574002C1AD1286900F097FA16F1E7
S315600173C03C00016851F48061016016F13C0001687E
S315600173D051F40071016016F13C00016851F0080139
S315600173E00160280000F070FEDFF8740B2860200051
S315600173F0BDE8F0812DE9F84304000025D4F810902A
S31560017400200000F074FE6068D0F83480D8F81070FF
S3156001741000260CE057F82600002807D057F826000A
S31560017420006857F82610896849688847761C032ED4
S31560017430F0D3D8F814000068D8F814108968496840
S315600174408847002041F21C0149F80100484601685D
S3156001745031F004010160D9F8000030F00800C9F884
S315600174600000002020770020207500206075002034
S31560017470607700206060002020602800BDE8F2830C
S3156001748010B504000020607D002817D0200000F0B0
S315600174907DFD002815D1A0680068002817D4A06872
S315600174A0006850F00040A1680860A0684068000468
S315600174B00AD56068406B0068A06008E040F6A1707C
S315600174C00DE040F6A2700AE0A0681030A060206965
S315600174D041F208014018016800210160002010BDD9
S315600174E0002283681B68002B23D4B1F1805F04D22C
S315600174F011F100518368996001E083689960816840
S31560017500096851F000418368196081684968090416
S3156001751004D54168496B0968816002E08168103170
S315600175208160006941F2080140180168002101602B
S3156001753001E040F6A672100070472DE9F84F04008D
S315600175405FF0000B25006E68287F022821D100209C
S31560017550287700220021280000F0A5FB6F7DD5F871
S315600175602880D5F82C90D5F830A02800FFF742FF87
S31560017570002816D131002800FFF7ABFE8346BBF128
S31560017580000F0FD16F75C5F82880C5F82C90C5F826
S3156001759030A06F7FD6F83490D9F810805FF0000A7A
S315600175A00CE05DE058465BE058F82A00002803D0FD
S315600175B05146280000F08CFB1AF1010ABAF1030F5B
S315600175C0F2D3FFB2002F31D1687F002847D0707D9A
S315600175D001010022D9F80070380013F08CED307D7E
S315600175E001010022D9F80470380013F084ED0027F8
S315600175F008E0F1690022B06950F82780404613F02F
S315600176007AED7F1C307D717D08188742F1D30022A7
S315600176103169280000F0B2FA280000F024FC287FC6
S3156001762001281CD1200000F03DF818E0687D002893
S3156001763015D12C69286900F059F914F13C000168EB
S3156001764051F48061016014F13C00016851F40071EC
S31560017650016014F13C00016851F00801016058466F
S31560017660BDE8F28F70B403000020DFF8F848C9B2B4
S31560017670645C2500EDB25E7D2100C9B20E40B54263
S315600176800CD12100C9B25B7FE4B21C40A14202D198
S315600176900221117004E00121117001E000211170D5
S315600176A070BC704738B5040000250120207701229F
S315600176B060680169200000F061FA200000F05EFC5C
S315600176C0280032BD2DE9F84305000E0017000020A1
S315600176D05FF000080024B1463A003100280000F04E
S315600176E0E5F802E02800FFF7CBFE00282ED1A96855
S315600176F00968002928D4A96809680904F2D4A96827
S31560017700096811F44071B1F5407FEBD1A9688968C8
S31560017710B1F1005F0BD3A9688968DFF84C28914203
S3156001772005D2A968D1F8088018F1604802E0A96815
S31560017730D1F80880A9680968C1F30D443C2C05D2CB
S315600177402800FFF79DFED0E74FF47A60002814D138
S31560017750002C10D069684978002908D12200414679
S31560017760300013F040EC2800FFF78AFE01E0C9F80B
S3156001777000803C6001E04FF47A60BDE8F28300006E
S315600177802DE9FC4105000E00170000203A0031008A
S31560017790280000F09BF80400002C11D1686840783D
S315600177A0002816D16A4601A9280000F05FF9040095
S315600177B0002C0ED10098B84204D240F6A37408E0BA
S315600177C0200037E03A003100DDF80480404613F0CE
S315600177D00AEC002C2DD16868407801280CD1E86844
S315600177E08660E8688068B0F1805F05D2E868806885
S315600177F010F10050E9688860E8684760E8680068E9
S31560017800800208D5DFF86407E96808606868406B3C
S315600178104068E86006E05FF07040E9680860E86823
S315600178201030E8602869BFF35F8F002141F20402DE
S3156001783081502000BDE8F68110B42223026941F22D
S315600178404804125912F16044B4F5881F01D212F14D
S315600178506042002A22D04468247D4068406B4068BB
S31560017860103A824203D222018018B0F11002906868
S31560017870002813D01068002810D49068B0F1005F1A
S3156001788009D39068DFF8E036984204D2906810F127
S315600178906040086001E0906808600023180010BC31
S315600178A0704781620263C3620020704780B5417F81
S315600178B0002905D000F06AFB002804D1002004E00D
S315600178C040F6A17001E040F6A27002BD80B5417F2D
S315600178D0002905D000F05AFB002804D1002004E0FD
S315600178E040F6A17001E040F6A27002BD4FF48051EE
S315600178F04218136853F0010313604258D207FCD44F
S315600179004218136853F0007313604218136853F4F6
S31560017910803313604218136833F40003136041180F
S3156001792004220B6862F30D230B6041F228014018B3
S31560017930016851F002010160704738B54068406BDB
S31560017940456969682868AA68126890470400002C2E
S3156001795003D02868A96849688847200032BDF8B510
S3156001796000244068406B0669002704E02868A9681E
S31560017970496988477F1C032F0BD256F82750002D83
S31560017980F8D069682868AA68126890470400002CD4
S31560017990ECD0002C0CD0002508E056F82510002903
S315600179A003D008688968496888476D1C032DF4D33C
S315600179B02000F2BD10B40100002000221AE04868E0
S315600179C0406B00681301C0185FF0004303604B68A9
S315600179D0DB6943604B689B6953F822308360836837
S315600179E0B3F1805F03D2836813F100538360002390
S315600179F0C360521C4B685B7D9A42E0D3002807D076
S31560017A00426852F4004242604A68526B12688A6068
S31560017A1000221BE04868406B40681301C0180023D0
S31560017A200360002343604B689B694C68647D14194D
S31560017A3053F8243083608368B3F1805F03D283682F
S31560017A4013F1005383600023C360521C4B681B7D96
S31560017A509A42DFD3002807D0026852F4001202600E
S31560017A604868406B4068C86010BC704710B400231A
S31560017A70C3681B68002B02D540F6A37017E0C36884
S31560017A809B68B3F1005F0BD3C3689B68DFF8D8448A
S31560017A90A34205D2C3689B6813F160430B6002E0A1
S31560017AA0C3689B680B604068C0691060002010BCA9
S31560017AB0704730B4026941F20C038468A408A400DB
S31560017AC0D45041F21004C568AD08AD001551D558C2
S31560017AD0B5F1805F03D2D55815F10055D5501359CC
S31560017AE0B3F1805F03D2135913F100531351406808
S31560017AF0C07810F00100131D1C6860F300041C605F
S31560017B007FF07C40C2F80C01C2F81001C9B20129AC
S31560017B1006D112F13C00016831F0080101600AE00A
S31560017B2012F13C00016851F008010160DFF8400480
S31560017B3041F21C01505030BC704770B4800010F0A7
S31560017B400C0011F003010843002100E0491C0829DB
S31560017B5012D2DFF8204414F82150054014EB810657
S31560017B607678B542F2D114EB81008078106014EB1F
S31560017B708100C0781860FFE770BC7047F8B50400F3
S31560017B800F0015002669200000F082F879793879AE
S31560017B9050EA0120F978BA78120452EA01627978DA
S31560017BA052EA01223978114316F1400280B2136814
S31560017BB060F30F03136016F14400026801606068A8
S31560017BC0406B806900282AD04279017951EA022105
S31560017BD0C27883781B0453EA0263427853EA02232C
S31560017BE00078184316F1480289B2136861F30F03EE
S31560017BF0136016F148010A6832F07C520A6016F188
S31560017C0048010A6832F080420A6016F148010A6842
S31560017C1052F000420A6016F14C010A680860606819
S31560017C20406BC06900282AD04279017951EA022164
S31560017C30C27883781B0453EA0263427853EA0223CB
S31560017C400078184316F1500289B2136861F30F0385
S31560017C50136016F150010A6832F07C520A6016F11F
S31560017C6050010A6832F080420A6016F150010A68D2
S31560017C7052F000420A6016F154010A680860200059
S31560017C80FFF798FE2900C9B22000FFF712FFF1BD88
S31560017C90006901000A6832F008020A60016831F081
S31560017CA004010160704718B585B04468836A002B8A
S31560017CB00CD0237800938DF8041000210291D2B282
S31560017CC00392216B0491694600F08EF906B010BDEE
S31560017CD0F8B505000E000024A248875D3100280032
S31560017CE000F04AF80100C9B2022915D13100280015
S31560017CF000F078F80400002C09D1687F3843687772
S31560017D003A00D2B201212800FFF7CDFF29E0687F52
S31560017D1030EA07076F7724E0C0B201280BD1687F8C
S31560017D20B84368773A00D2B202212800FFF7BBFF59
S31560017D3040F6A17415E0687D384212D0687F3842FA
S31560017D400FD13100280000F04DF80400002C08D155
S31560017D50687F384368773A00D2B201212800FFF77D
S31560017D60A2FF2000F2BD00004C3810001839100047
S31560017D70CC3010000000119470B5040000257948DC
S31560017D80465C6068406B007A012813D1207D3042E1
S31560017D9007D0607D304222D10225607D064366753B
S31560017DA01DE0607D30421AD00125607D30EA06060D
S31560017DB0667514E0200000F0F5F8002807D1607DB3
S31560017DC030420CD10225607D0643667507E0607D11
S31560017DD0304204D00125607D30EA060666752800CA
S31560017DE0C0B270BDF8B504000D0000206068406B3C
S31560017DF0076914F1240314F1200214F1180157F8EC
S31560017E002500006857F82570BF68BF69B847002824
S31560017E101AD1A16901290DD014D3032908D00FD332
S31560017E20052903D00AD3062906D00BE005260BE007
S31560017E30032609E0012607E0062605E0042603E09D
S31560017E40022601E040F6A170002809D16068406B06
S31560017E5040693200D2B229000068FEF7CAFC01E02F
S31560017E6040F6A170F2BD3EB5046900210191002181
S31560017E70009100212200136833F40043136022004D
S31560017E80136853F4804313602200136853F400634C
S31560017E90136042681279012A28D1C9B2002925D016
S31560017EA0354D6B4601AA416A006AFFF746FE0198A5
S31560017EB0012814D155F0020541F218002118022259
S31560017EC00B6862F3CC230B60211801220B6862F305
S31560017ED04A230B602018016851F480710160009893
S31560017EE0012801D155F00405A56108E041F21800A9
S31560017EF02018016831F4807101600020A06141F2AF
S31560017F00180021180A6852F000720A6021180A687E
S31560017F1052F400120A6021180A6852F002020A60DD
S31560017F202018016851F4005101602000016851F088
S31560017F30007101602000016851F08001016020003C
S31560017F40016851F004010160206850F0080020606A
S31560017F5037BD000000001080100328800100040076
S31560017F604548544554FF021000001120000020F0DE
S31560017F70F1E6010034FF02102000FFFF00690321D2
S31560017F80C162016851F00401016070470021006916
S31560017F90C06AC0F34000002801D1002000E0012042
S31560017FA0C0B2704780B500224068406B026952F8E2
S31560017FB02100002801D103200FE052F8210000685A
S31560017FC052F821108968C969884741F28831884227
S31560017FD002D140F6A17000E0002002BDC16800290F
S31560017FE001D080680875704778B585B005000E00C8
S31560017FF0EC6A002C01D16C4604E06846210014222B
S3156001800013F002E868680078206030792071B06802
S31560018010A060F068E060286B20612000A96A88474B
S31560018020E86A002804D0E86A6946142212F0ECEF87
S3156001803006B070BD80B586B0FFF724F800B2FFF7D1
S3156001804040F9016941F21403CA58CA50C9580091EE
S31560018050816A00290ED041680978019103218DF862
S3156001806008100392002104914168096B059101A9E9
S31560018070FFF7BAFF07B000BD78B585B0FFF702F824
S3156001808000B2FFF71EF906003469E56AB06A002896
S315600180900FD070680078009004208DF80400029576
S315600180A0002003907068006B049069463000FFF70A
S315600180B09BFF15F02105012D02D00220307701E0EA
S315600180C00320E06206B070BD38B504006068456B98
S315600180D022006068416A6068B0F92000FFF7E6F83F
S315600180E02200E968B5F90A00FFF7E0F831BD38B555
S315600180F004006068456B6068B0F92000FFF7D1F84D
S3156001810000216068B0F92000FFF7A4F8B5F90A000C
S31560018110FFF7C7F80021B5F90A00FFF79BF831BDF3
S31560018120DFF84C07DFF84C17097810EB410030F99E
S31560018130020C7047DFF8D42800B212EB8000C0F859
S31560018140801070475FF01441DFF8C42803001BB24A
S31560018150002B0CD400B20200520911EB82010122FC
S3156001816010F01F0012FA00F0C1F8840206E000B2B6
S315600181702030012111FA00F0C2F88002704770B414
S315600181805FF01443DFF88848020012B2002A37D440
S3156001819000B20200520913EB82040200520913EB8A
S315600181A08202D2F88450012610F01F0296403543B0
S315600181B0C4F884500200920813EB8204020092080C
S315600181C013EB8202D2F82054FF2610F00302D2B2DA
S315600181D0D2009640B543C4F820540200920813EBCE
S315600181E082020400A40813EB8403D3F8203410F050
S315600181F00300C000C01C81401943C2F820142DE061
S3156001820000B22030D4F88020012383401A43C4F899
S3156001821080200200920814EB82030200920814EB9C
S315600182208202D2F80054FF2610F00302D2B2D200C5
S315600182309640B543C3F800540200920814EB8202DB
S3156001824003009B0814EB8303D3F8003410F003009A
S31560018250C000C01C81401943C2F8001470BC70474D
S315600182605FF01441DFF8A82703001BB2002B13D47B
S3156001827000B20200520911EB820203005B0911EBA5
S315600182808301D1F80411012310F01F0013FA00F0E5
S315600182900843C2F8040109E000B22030D2F80011A7
S315600182A0012313FA00F00843C2F8000170475FF03A
S315600182B01441DFF85C2703001BB2002B0CD400B21B
S315600182C00200520911EB8201012210F01F0012FA1D
S315600182D000F0C1F8840106E000B22030012111FAF4
S315600182E000F0C2F88001BFF34F8FBFF36F8F704705
S315600182F080B500B2FFF71EFF01BD80B500B2FFF782
S3156001830021FF01BD38B504001500200000B2FFF75A
S3156001831036FF2900200000B2FFF7EAFF31BD80B5C4
S3156001832000B2FFF79DFF01BD10B50400200000B249
S31560018330FFF7E3FF200000B2FFF7F1FF10BD80B544
S3156001834000B2FFF7B4FF01BDDFF8C01600B211EB52
S315600183508000D0F88000704770B504000E000020E0
S31560018360207040F2FF303178C840C00701D5102037
S315600183702070E661F0696062306AE0620020A062A6
S31560018380756AA07810F0FC0050F00100A07070785A
S31560018390002805D1A07810F0FC0050F00200A07012
S315600183A03100200000F00DFB0120EBF737FB0020C8
S315600183B014EE161F002004EE160F3078052802D23F
S315600183C0DFF8500601E0DFF850063278052A04D25C
S315600183D00122337808339A4000E00122036833EAC8
S315600183E0020202603078052802D2DFF8280601E031
S315600183F0DFF8240600683078002803D1DFF81C0610
S3156001840000681EE03078022803DADFF81406006897
S3156001841017E03078032803DADFF80806006810E011
S315600184203078042803DADFF80006006809E030785E
S31560018430052803DADFF8F405006802E0DFF8F005E5
S3156001844000683078002803D1DFF8D00500681EE0A7
S315600184503078022803DADFF8C805006817E030785B
S31560018460032803DADFF8BC05006810E030780428D9
S3156001847003DADFF8B405006809E03078052803DA25
S31560018480DFF8A805006802E0DFF8A4050068307827
S31560018490002803D1DFF8840500681EE030780228E1
S315600184A003DADFF87C05006817E03078032803DA21
S315600184B0DFF87005006810E03078042803DADFF829
S315600184C06805006809E03078052803DADFF85C059D
S315600184D0006802E0DFF8580500683078002803D1AB
S315600184E0DFF8380500681EE03078022803DADFF825
S315600184F03005006817E03078032803DADFF82405D1
S31560018500006810E03078042803DADFF81C0500689B
S3156001851009E03078052803DADFF81005006802E023
S31560018520DFF80C0500683078002803D1DFF8EC0429
S3156001853000681EE03078022803DADFF8E404006898
S3156001854017E03078032803DADFF8D804006810E012
S315600185503078042803DADFF8D004006809E030785F
S31560018560052803DADFF8C404006802E0DFF8C00416
S31560018570006804EE161F0120FDF78CFD3078052892
S3156001858008D031784FF48062DFF8900402FB010174
S31560018590216202E0DFF8980420620020216A886087
S315600185A0206A8068C007FBD4206A8068C0F3001027
S315600185B00028F9D11020216AC860DFF87804216AA1
S315600185C0086141F20320216A48610020216A8861BD
S315600185D03100200000F050F9DFF85C04216A8866FA
S315600185E00120216A08670020E060002020610020E8
S315600185F060610020A0614FF48066E069B0F9060011
S31560018600FFF792FEE069B0F91200FFF78DFE56F0B2
S315600186100116E069B0F90A00FFF786FEE069B0F974
S315600186200E00FFF781FE56F01006206A8660206A0A
S315600186308068C007FBD5206A8068C0F300100028F7
S31560018640F9D068892081DFF8F4036060002070BD8D
S3156001865010B50400002060600020216A8860206AED
S315600186608068C007FBD4206A8068C0F300100028C8
S31560018670F9D1206A406930F04070216A4861E06949
S31560018680B0F90600FFF75BFEE069B0F91200FFF78B
S3156001869056FEE069B0F90A00FFF751FEE069B0F9EC
S315600186A00E00FFF74CFE0120EBF7B8F9002014EE3F
S315600186B0160F002104EE161FE1690978052902D219
S315600186C0DFF8501301E0DFF85013E2691278052AEA
S315600186D005D20122E3691B7808339A4000E0012242
S315600186E00B681A430A60E1690978052902D2DFF845
S315600186F0241301E0DFF82013096804EE160F012048
S31560018700FDF7C8FC002010BD0300002059619A6185
S31560018710704710B4036A9B6833F44013046AA3601C
S31560018720837813F00303D21A0261827812F003028E
S315600187308A18C260026A926852F48012036A9A6069
S31560018740827812F00302022A09D10988C905C90D86
S31560018750026A121D136861F30803136006E0097863
S31560018760026A121D136861F308031360006A6830B8
S31560018770016851F000510160002010BC70474162F0
S31560018780C26283620020704738B50400206A85683A
S3156001879035F44015DFF8A8022840226A9060206A05
S315600187A08068C007FBD4206A8068C0F30010002887
S315600187B0F9D10020E060206A00F01FF9206A856027
S315600187C0206A806810F0010015F001018842F7D136
S315600187D0206A806810F0100015F010018842F7D108
S315600187E0002032BD5FF0FF304860086000207047AE
S315600187F010B402000B000620990719D50020116AF2
S31560018800896831F44011146AA160116A896CC1F3F7
S3156001881080710029F9D01178002905D0116A2431B7
S315600188200C6854F400440C600021116100280FD1DA
S31560018830D9070BD50020002191611178002905D057
S31560018840116A24310A6852F400020A6010BC70474A
S31560018850FCE782690A60002181610178002905D0FF
S31560018860006A2430016851F40001016000207047FC
S315600188704C38100018391000F8B504000D0041F2AB
S31560018880032757F48017200000F070F868780328F2
S3156001889002D157F4807704E06878002801D137F473
S315600188A00077E87857EA80376E6A3078000610F00C
S315600188B0407007437078C00310F400400743707B33
S315600188C0400510F400100743707C062801D157F06B
S315600188D08007206A47611021307B10F00300014355
S315600188E051F03001A878002809D0A878022801D172
S315600188F0012000E00320000210F440700143B078CB
S31560018900002807D0B078401E000610F0E0600143F1
S3156001891051F08051206AC1603078022802D03078E7
S3156001892003280FD1206A1030016851F47F4101603C
S31560018930307802280AD1206A006950F02000216A45
S31560018940086103E07168206A00F057F8B07B10F0A7
S315600189500100F17B090211F4F8510843317C0904E5
S3156001896011F4F8110843216A0863F1BD0178002901
S3156001897016D00022C169496A03785B1E097A0B40E9
S315600189801B0413F470231A430178491E090611F07A
S3156001899070610A4342F4000252F40042006A426284
S315600189A0704770B504000D001600300000B2FFF785
S315600189B0C6FC2200EDB22900300000B2FFF7A2FC2E
S315600189C070BD38B504000D00B5F91220297C200070
S315600189D0FFF7E7FFB5F9062029792000FFF7E1FFE8
S315600189E0B5F90A20297A2000FFF7DBFFB5F90E20D9
S315600189F0297B2000FFF7D5FF31BD0369114A13407A
S31560018A000A6811490A40134303617047CC3010006C
S31560018A10000011940003288018032881001000804B
S31560018A200014008000180080001C00800020008077
S31560018A300010008104FF00FF100007BD5549435334
S31560018A40EEFFFEFF8F00CE0070FF31FFF8B584B0F8
S31560018A5005000E001700AC6A002C01D16C4604E0DB
S31560018A6068462100102212F0D0EAE8690078206099
S31560018A70A6602771E86AE0602000696A8847A86A8B
S31560018A80002804D0A86A6946102212F0BEEA05B031
S31560018A90F0BD10B50300D869806900285FD11869F7
S31560018AA000285CD0987810F0030002280AD1D868B3
S31560018AB00088C005C00D196A091D0A6860F30802BD
S31560018AC00A6007E0D8680078196A091D0A6860F3C8
S31560018AD008020A601869997811F00301401A186151
S31560018AE0D868997811F003014018D8601878002881
S31560018AF035D0186A416D11F03F0124E0D8680078DD
S31560018B001A6A121D146860F3080414600EE09878FE
S31560018B1010F003000228F1D1D8680088C005C00DA5
S31560018B201A6A121D146860F30804146018699A7849
S31560018B3012F00302801A1861D8689A7812F003025B
S31560018B408018D860491C1878814202D218690028B9
S31560018B50DDD1186A6830016851F000510160186909
S31560018B6000280ED1186A806850F4001030F4801025
S31560018B70196A88600020D860802200211800FFF7FA
S31560018B8065FF10BD80B5FFF7CBFA00B2FFF7DCFBDE
S31560018B90FFF77FFF01BD38B504002078002826D095
S31560018BA0206A006DC0F30520002816D0206A00688F
S31560018BB0C005C00D0090A06900281ED1042200994D
S31560018BC02000FFF743FF2078002806D0206A006D59
S31560018BD0C0F305200028E0D1FFE72078002805D002
S31560018BE0206A6830016851F00041016031BD206A38
S31560018BF00068C005C00D0090DDE7A27812F003029F
S31560018C0069466569280012F0EEE96069A17811F09C
S31560018C10030140186061A069A17811F00301401A4F
S31560018C20A061A0690028CED1012200212000FFF7B2
S31560018C300DFFC8E780B5FFF773FA00B2FFF784FB53
S31560018C40FFF7A9FF01BD80B5FFF76AFA00B2FFF72A
S31560018C507BFB016A896831F44011026A9160016A9D
S31560018C6089680091009902220021FFF7EFFE01BD9C
S31560018C701CB5FFF755FA00B2FFF766FB002100222B
S31560018C80016A0B68DB05DB0D016A896C11F0C8515D
S31560018C90CC0101D552F02002CC0001D552F0100270
S31560018CA0090101D552F00802D10607D5016A896C1E
S31560018CB0C1F3C031002901D152F04002016A896EC7
S31560018CC051F0C851046AA166016A896C00910099E4
S31560018CD0D2B21900FFF7BAFE13BD0000F8B5040061
S31560018CE00D00AE690120EAF799FE002014EE161F09
S31560018CF0002004EE160FDFF820030268012337789F
S31560018D003F1DBB409A43026000683078002803D15A
S31560018D10DFF80803006802E0DFF8040300683078D2
S31560018D20002803D1DFF8F402006802E0DFF8F00200
S31560018D3000683078002803D1DFF8E002006802E0BD
S31560018D40DFF8DC0200683078002803D1DFF8CC0256
S31560018D50006802E0DFF8C80200683078002803D1B5
S31560018D60DFF8B802006802E0DFF8B402006804EEDA
S31560018D70161F3078002803D10420EAF75BFE02E073
S31560018D800520EAF757FE0120FDF784F90320EAF78B
S31560018D9045FE0320FDF77EF931784FF480529F48F6
S31560018DA002FB0100206125602069717810EB81006A
S31560018DB0B5F9001001652888A0820320EAF72EFE26
S31560018DC07078002809D1B07810F03F0021696C31C4
S31560018DD00A6860F305020A6008E0B07810F03F00A7
S31560018DE021696C310A6860F30D220A600320FDF780
S31560018DF051F92069717810EB810029888905890DFF
S31560018E0072681278120412F47022114372689278B1
S31560018E10120512F48012114372685278520512F4E7
S31560018E200012114301652069717809014018E978DA
S31560018E30890011F00C0101612069717809014018FE
S31560018E40E97B2A79120412F4F81252EA012242618C
S31560018E502069717809014018297B09028161FF2027
S31560018E6021690866307A000410F4803050F4786025
S31560018E7021698860707810F00100216970310A6893
S31560018E8060F3C3020A600020A0606648E0600020CB
S31560018E90F2BDF8B507000C0015001E00380000F0A1
S31560018EA0D8F8002816D1380000F0BEF8002000205E
S31560018EB014EE161F002004EE160F16F0030F0CD1E8
S31560018EC00020B0EB960F1BD222682A602D1D241D4F
S31560018ED0401CF6E749F6424024E0F00709D4002039
S31560018EE0B0EB560F0CD222882A80AD1CA41C401C04
S31560018EF0F6E7002002E0225C2A54401CB042FAD315
S31560018F00BFF34F8F402E05D238696430026852F440
S31560018F10807202603869D0F88401C007FAD504EE20
S31560018F20161F0020F2BDF8B586B005000E00286850
S31560018F3081690878497800270124B6F1C04F01D2CA
S31560018F40002301E05FF00053C9B200290AD1C0B223
S31560018F50002803D19E1916F120460DE09E1916F1DF
S31560018F60184609E0C0B2002803D19E1916F11C46C5
S31560018F7002E09E1916F11446002000E0401C2968A3
S31560018F80897C88420ED22968496911EBC00149681A
S31560018F908A42F3D112F1010F00D10024296849698F
S31560018FA031F83070280000F03FF86846182112F059
S31560018FB0F0E9ADF80C700296E4B2002C05D0286891
S31560018FC0C078401C10F0070000E000208DF810000A
S31560018FD001208DF80F0001226946280000F084F80F
S31560018FE0002007B0F0BD10B50C000169D1F88421ED
S31560018FF012F00101C2F3801212F0010252EA01037A
S31560019000DBB2002B02D01143217002E000F021F89F
S315600190102070002010BD000000032880000022801F
S31560019020001022804950535110B586B0040068463D
S31560019030182112F0AEE92068407BADF80C000120E2
S315600190408DF80F0001226946200000F04DF806B048
S3156001905010BD2DE9F04186B00500D5F80080D8F83D
S3156001906018606846182112F094E90024002798F8E0
S315600190700E00ADF80C0001208DF80F0001208DF86F
S315600190801100B5F91400902803D0B5F914004828E9
S315600190900DD1B5F914702869717810EB81005030E3
S315600190A00168890A890201600020A88201240022E0
S315600190B06946280000F018F8E4B2002C0BD0286944
S315600190C0717810EB81005030390009B2026861F3A2
S315600190D009020260AF82009829688979C84010F058
S315600190E0010006B0BDE8F08130B4036970331C68D5
S315600190F034F030041C6003691B6FDB07FBD4CB7B48
S3156001910013F003030C7CA40014F01C0423434C7C71
S31560019110640114F4F07423438C7B640214F4785470
S3156001912023431400E4B2E40314F4004423438C891A
S3156001913053EA04630469C4F880308B680469C4F82F
S3156001914084301300DBB2012B0CD1D1E900450369F0
S31560019150C3F888404B7C052B04D3D1E900450369EC
S31560019160C3F88C50036970331C6854F001041C60A9
S315600191700369D3F89031DB07FAD5D2B2002A14D14C
S315600191800269D2F888200023C1E900234A7C052AB6
S315600191900BD3D1E900450269D2F88C200023130074
S315600191A0002222432B43C1E9002301210069C0F853
S315600191B0941130BC7047000038B504000D00002CD6
S315600191C004D1002013F049FB13F00BFB2800C0B259
S315600191D0002804D1002013F040FB13F002FBDFF8F6
S315600191E040040460DFF83C04057031BDDFF83804E3
S315600191F0006870470268B2F5807F0BD24268B2F5AB
S31560019200807F07D28268B2F5807F03D2C268B2F5E9
S31560019210807F05D3DFF8140400680860002011E040
S31560019220C26883681B0413F47F0353EA02634268CE
S31560019230120212F47F421343007800F0FF000343E9
S315600192400B600120704702780A6042784A60827832
S315600192508A60C078C860704738B50C00150029006F
S3156001926000F008F8A4B20100C9B245F82140401CDB
S31560019270C0B232BD80B501220A6004224A6008315B
S31560019280FFF7E1FF062002BD10B514000A00D2B255
S31560019290002A01D1002030E00268002A10D1C9B24B
S315600192A0022901DA002028E04068002801D0002068
S315600192B023E004210022200011F01CEF02201CE0B3
S315600192C00268012A13D1C9B2062901DA002014E025
S315600192D04168042901D000200FE021000830FFF722
S315600192E089FF002801D1002007E0062005E000681B
S315600192F0022801D1002000E0002010BD70B50400F5
S315600193000D001E002900C9B22000FFF7BDFF010054
S31560019310C9B2002901D1002017E0EDB20100C9B23E
S31560019320491C8D4201DA00200FE00100C9B254F8F0
S315600193302110B1F5803F01D3002006E00100C9B2DA
S3156001934054F821103180401CC0B270BD70B5040064
S315600193500D0016003000C0B2332804DB002013F084
S315600193607CFA13F03EFA26703000C0B2002806D0AF
S31560019370F6B2B200241D2900200011F034EE70BD52
S31560019380F8B504000D001600207850FA86F03328EF
S3156001939004DB002013F061FA13F023FA3000C0B247
S315600193A000280DD03000C0B28200207814EB800016
S315600193B0071D2900380011F016EE20783618267040
S315600193C0F1BD2DE9F04104000E0015001F005FF0AC
S315600193D00008002C08D13000C0B2002804D000205B
S315600193E013F03BFA13F0FDF9002D08D13800C0B235
S315600193F0002804D0002013F030FA13F0F2F907E0E8
S3156001940028682168884216D318F10108241D2D1D8C
S3156001941040463100C0B2C9B288420ED240463900D8
S31560019420C0B2C9B2884208D2206829688842E7D2A8
S315600194305FF0FF3011E001200FE030003900C0B26B
S31560019440C9B2884202D25FF0FF3006E0FFB2F6B2DF
S31560019450B74201D2012000E00020BDE8F08190F81A
S315600194604A00401CC0B270472DE9F84304000D0064
S3156001947000275FF00008002C04D1002013F0EDF9FD
S3156001948013F0AFF92800C0B2002801D1002068E0CE
S31560019490002627E0521E001D091D1300DBB2002BBA
S315600194A004D00368D1F800C06345F3D0D2B2002A74
S315600194B017D13800D9F800103200D2B251F8221013
S315600194C00979C0B288420CD2D9F800003100C9B21C
S315600194D050F821000779D9F800003100C9B250F877
S315600194E02180761C30004F490978C0B2884237D254
S315600194F0DFF82C91D9F800003100C9B250F821008B
S31560019500002804D1002013F0A8F913F06AF9D9F8FC
S3156001951000003100C9B250F821000068002804D16A
S31560019520002013F09AF913F05CF92800D9F80010BD
S315600195303200D2B251F822100979C0B28842D0D332
S31560019540D9F800003100C9B250F821000279D9F882
S3156001955000003100C9B250F82100006821009CE783
S315600195604046BDE8F2832DE9F04105000E00002476
S31560019570002D04D1002013F070F913F032F9300098
S31560019580C0B2002801D1002047E000273EE0DFF8A5
S315600195909080D8F800003900C9B250F821000068FF
S315600195A0002832D03300DBB22A00D8F80000390037
S315600195B0C9B250F821000179D8F80000BC465FFABB
S315600195C08CFC50F82C000068FFF7FBFE01281CDBC1
S315600195D0002C14D023792268D8F800003900C9B26A
S315600195E050F821000179D8F80000BC465FFA8CFC7E
S315600195F050F82C000068FFF7E4FE002805D5D8F87E
S3156001960000003900C9B250F821407F1C3800054975
S315600196100978C0B28842BAD32000BDE8F081000063
S31560019620E4D40210E7DA0210E0D40210E0EA021094
S3156001963070B514001E00C9B2FFF795FF0500002C36
S3156001964004D1002013F009F913F0CBF83000C0B251
S31560019650002804D1002013F000F913F0C2F8002DA0
S315600196600AD03300DBB2220029792868FFF7A9FE08
S31560019670002801D5280000E0002070BDF8B504007F
S315600196800D001600F02700202900C9B22000FFF75F
S31560019690EBFE002822D06B462A00D2B2210000F0F0
S315600196A02AF900281AD00178002917D007003060FE
S315600196B09DF800202900C9B29DF80000091A14EB33
S315600196C08101301DFFF742FE32009DF800002D1A20
S315600196D02900C9B22000BB68984707003800C0B2AC
S315600196E0F2BD2DE9F94F81B08B4616000C9FDDF86E
S315600196F0348000245FF000095FF0000A5946C9B260
S315600197000198FFF7B1FE0500002D0CD15946C9B28B
S315600197100198FFF728FF0500002D21D0D5F80090AC
S3156001972095F804A01CE0DDF80490DA4618E03B7871
S315600197303A1D5146C9B24846FFF77AFF8346BBF1E7
S31560019740000F0DD0D8F8E000002803D04046D8F8C5
S31560019750E010884700245D46D5F8009095F804A08E
S31560019760002D00F0C180002C40F0BE806B46524651
S31560019770D2B24946280000F0BEF80400002C16D08B
S315600197809DF80020BAEB0202D2B249463800FFF7D3
S31560019790DDFD9DF800205146C9B29DF80000091A09
S315600197A019EB810118F10400FFF7D0FD0AE03B00D7
S315600197B05246D2B24946280000F0CDF80400002096
S315600197C088F80400C8F8004007E0D8F8E0000028EF
S315600197D003D04046D8F8E0108847002C2ED00020F0
S315600197E088F8D000002088F8D1000020C8F8D4009D
S315600197F00020C8F8D8000020C8F8DC000020C8F8AE
S31560019800E0000020C8F8E4000020C8F8E8004246FD
S315600198103978381DE3689847C0B200282ED13000E8
S31560019820002804D002994046B0470028CDD198F867
S31560019830042018F108013800FFF7A2FD002C7FF41F
S3156001984076AF5146C9B24846FFF78DFE8346BBF1F6
S31560019850000F32D028799BF8041088422DD22B79DB
S315600198602A682979DBF80000FFF7ABFD002824D1CF
S315600198705D46D5F8009095F804A071E7D8F8E00048
S31560019880002803D04046D8F8E010884718F1040351
S315600198903A78391D280000F05EF80400002C9CD04F
S315600198A098F8042018F108013800FFF74FFD0020F1
S315600198B088F80400C8F800408FE728790228FFF687
S315600198C04FAF2879411EC9B22868FFF7CDFD050063
S315600198D0002D7FF445AF5D46002D3FF441AFD5F8CD
S315600198E0009095F804A03BE7002D01D1F22000E03D
S315600198F00020BDE8FE8FF0B410F10804057900E0A0
S315600199006D1C28001600C0B2F6B2B04218D22068AB
S315600199100078002814D12800C0B251F82060206870
S3156001992000892468E46801E0241D401E002803D0F4
S3156001993027687F68B742F7D10028E1D1002008E0A7
S3156001994020680078002803D0521B1A70206800E056
S315600199500020F0BC70472DE9F041B2B007003C79B8
S315600199600025B8680078002801D0002097E06E468F
S31560019970B86846F8250005E06D1CDCF8000046F87D
S315600199802500641C20009446C0B25FFA8CFC6045D9
S315600199901ED256F82500008956F825C0DCF80CC0A1
S315600199A0A6465FFA8EFE51F82EE002E01CF1040C29
S315600199B0401E002805D0DCF80080D8F80480F04508
S315600199C0F4D1002804D0DCF8000000780028D3D058
S315600199D02000C0B2D2B2904201D3002109E0E4B2C4
S315600199E051F82410491C04E056F825004168491CC9
S315600199F06D1E002D52D4002456F82500028956F8B2
S31560019A002500C06812E0D0F800C0DCF804C06145EA
S31560019A100AD2002C07D0D0F800C0DCF804C0D4F814
S31560019A2004E0F44500D20468001D521E012A06DBDB
S31560019A30D0F800C0DCF804C08C45E4D10468002C81
S31560019A40D2D02078002804D16D1C46F8254000212B
S31560019A50CFE798463A7939684046FFF777FC0120A7
S31560019A600DE098F8001018EB810156F82020526835
S31560019A704A6098F80010491C88F80010401C85421D
S31560019A80EFDA98F8000018EB80006168416098F899
S31560019A900000401C88F80000200000E0002032B081
S31560019AA0BDE8F08110B4019C016002718360002100
S31560019AB0017344730121817310BC70472DE9F04134
S31560019AC004000D0016001F00A07B02282AD023790E
S31560019AD022683100C9B22800FFF773FC012821DB37
S31560019AE0A07B012808D0237BA2683100C9B2280077
S31560019AF0FFF767FC002815D5607B3100C9B2884243
S31560019B000ED33000C0B28200D4F8088029004046E6
S31560019B1011F068EA26730020A0732761012002E034
S31560019B200220A0730020BDE8F08130B41C00C9B2E8
S31560019B30E4B2A14201D0002020E0002100E0491CEE
S31560019B400C001D00E4B2EDB2AC4216D20C00E4B2D8
S31560019B5050F824400D00EDB252F83550AC420AD3AC
S31560019B600C00E4B212EBC40464680D00EDB250F867
S31560019B702550AC42E3D2002000E0012030BC7047A2
S31560019B8070B400240023136002E00834491E401CAF
S31560019B90002918D00378002BF7D02300DBB2202BE5
S31560019BA001DA037802E07FF005000DE01D0604D5B9
S31560019BB015680126A64035431560641C5B0014F0E8
S31560019BC0070FF3D1E2E7002070BC7047002801D08F
S31560019BD0002902D17FF00F0005E00268012A03D156
S31560019BE001200870002070470068022802D1002019
S31560019BF00870F7E77FF00500F5E770B40024DBB283
S31560019C00DB1D9BB2DB0815E0D60703D5067856F057
S31560019C10010606702E0076B2012E02DB067876000A
S31560019C20067052086D1E2E0076B2002EECD5401CD1
S31560019C30491E641C002905D0002A03D00725002689
S31560019C400670F0E722001D00D2B2EDB2AA4213D22D
S31560019C502200D2B282182000C0B2091A04E00020A4
S31560019C601070521C491E641C20001D00C0B2EDB26A
S31560019C70A84201D20029F2D12000C0B270BC70475F
S31560019C80002801D1002007E0002902D001210160EE
S31560019C9001E00221016004207047000010B5104CFC
S31560019CA00021200000F0D6FD4FF48072002114F5EA
S31560019CB0807000F0D6FD4FF48072002114F50070BB
S31560019CC000F0DCFD4FF48072002114F5407000F065
S31560019CD0E2FD03210348FFF76FFA02F0ADFD10BD07
S31560019CE0F4D40210E8D40210006801282ED0C0F026
S31560019CF0BB80032836D02FD305283FD038D3072819
S31560019D0048D041D3092851D04AD30B285AD053D3CE
S31560019D100D2863D05CD30F286CD065D3112875D01C
S31560019D206ED313287CD077D3152800F081807BD33E
S31560019D30172800F08980C0F08180192800F08C8096
S31560019D40C0F086801A2800F08B808DE04748D0F8F5
S31560019D509C010860042088E04448D0F8A0010860AE
S31560019D60042082E04148D0F8A401086004207CE028
S31560019D703E48D0F8A8010860042076E03B48D0F858
S31560019D80AC010860042070E03848D0F8B001086082
S31560019D9004206AE03548D0F8B4010860042064E024
S31560019DA03248D0F8B801086004205EE02F48D0F848
S31560019DB0BC010860042058E02C48D0F8C001086056
S31560019DC0042052E02948D0F8C401086004204CE020
S31560019DD02648D0F8C8010860042046E02348D0F838
S31560019DE0CC010860042040E02048D0F8D00108602A
S31560019DF004203AE01D48D0F8D4010860042034E01C
S31560019E001A48D0F8D801086004202EE01748D0F827
S31560019E10DC010860042028E000200860042024E0BA
S31560019E2000200860042020E00020086004201CE077
S31560019E300E48D0F8E0010860042016E00B48D0F81F
S31560019E40E4010860042010E00020086004200CE0B2
S31560019E5000200860042008E000200860042004E077
S31560019E6000200860042000E0002070476C6B0B1036
S31560019E700068406801280AD100228848006801E02C
S31560019E80521C00680028FBD10A60042000E0002013
S31560019E90704770B50C0011001D000123804AC9B2DC
S31560019EA02000FFF742FE002801D1F12010E026686C
S31560019EB07A48046800E02468002C08D02000FFF787
S31560019EC0CEFAB042F7D1C5F8E440002000E0F120B7
S31560019ED070BD78B587B00D0016000120009001AB0A
S31560019EE02A78291D02A8FFF7DDFD6C4804680AE09F
S31560019EF02000FFF7B4FA009023000122694602A808
S31560019F00FFF7DCFD2468002CF2D19DF816000028CD
S31560019F100AD19DF8142004992800FFF717FA0698CC
S31560019F20C6F8E400002000E0F12008B070BD38B545
S31560019F300C00D0F8E41022002500C068012822D068
S31560019F40C0F0A98003282ED025D3052834D02FD37D
S31560019F5007283DD034D309285CD046D30B2861D07D
S31560019F605CD30D2866D061D30F286BD066D31128D8
S31560019F7070D06BD3132875D070D315287BD075D369
S31560019F8016287DD087E00800FFF769FA2860042566
S31560019F90280000B232BD08252A0092B24231200063
S31560019FA011F020E8F4E791F84C0028600425EFE70A
S31560019FB0088F28600425EBE7086D10600425E7E744
S31560019FC006252A0092B23A31200011F00CE8DFE74B
S31560019FD091F84100C00703D532480078286002E055
S31560019FE03148007828600425D2E791F84100C0071E
S31560019FF00BD591F84100400703D52C4800782860BD
S3156001A00006E02B480078286002E02A48007828603C
S3156001A0100425BDE7486D10600425B9E7886D1060B9
S3156001A0200425B5E7C86D10600425B1E7086E1060B8
S3156001A0300425ADE7486E10600425A9E7886E1060B7
S3156001A0400425A5E7C86E10600425A1E7086F1060B6
S3156001A05004259DE7486F1060042599E7886F1060B5
S3156001A060042595E7C86F1060042591E7D1F8800053
S3156001A070106004258CE7104800781060042587E796
S3156001A0800E48017889B28D002A0092B2416820009B
S3156001A09010F0A8EF7CE700207CE7000024610B103C
S3156001A0A0A4010310E71D0310E81D0310E91D031049
S3156001A0B0EA1D0310EB1D0310E61D0310500003108B
S3156001A0C00A0000684068012826D0022828D00328A3
S3156001A0D02AD004282FD0052834D0062839D007285D
S3156001A0E03ED0082843D0092848D00A284DD00B28ED
S3156001A0F052D00C2857D00D285CD00E285ED00F2880
S3156001A10063D0102868D011286DD0122872D0132818
S3156001A11077D017287CD07FE00220106004207CE095
S3156001A120FF201060042078E0DFF8C404D0F86401F1
S3156001A1300860042071E0DFF8B804D0F828010860EF
S3156001A14004206AE0DFF8A804D0F82C010860042036
S3156001A15063E0DFF89C04D0F86001086004205CE0ED
S3156001A160DFF88C04D0F830010860042055E0DFF890
S3156001A1708004D0F83401086004204EE0DFF87004F2
S3156001A180D0F838010860042047E0DFF86404D0F8AD
S3156001A1903C010860042040E0DFF85404D0F8400137
S3156001A1A00860042039E0DFF84804D0F8440108600B
S3156001A1B0042032E00F20106004202EE0DFF8300426
S3156001A1C0D0F85C010860042027E0DFF82404D0F8A9
S3156001A1D048010860042020E0DFF81404D0F84C013F
S3156001A1E00860042019E0DFF80804D0F8500108601F
S3156001A1F0042012E0DFF8F803D0F854010860042067
S3156001A2000BE0DFF8EC03D0F858010860042004E0A5
S3156001A21000200860042000E00020704701000A2049
S3156001A22009684968012902D0022905D009E0116847
S3156001A230022900D1002004E01168FF2900D1002025
S3156001A240FFE7C0B270470020704710B51400096877
S3156001A250012907D018D303290CD007D305290FD0BC
S3156001A2600BD311E040682060002010BDFFF7F7F8BE
S3156001A2702060F9E780682060F6E701202060F3E757
S3156001A28041F6EA702060EFE7F120EEE77CB5040065
S3156001A2900E0011001D000423DFF85823C9B23000F7
S3156001A2A0FFF743FC002801D1F12015E06946300033
S3156001A2B0FEF7A0FFDFF84003006800E000680028B1
S3156001A2C009D0009942689142F8D1069B2A00210083
S3156001A2D0FFF7BBFF00E0F12076BD2DE9F0418EB0BE
S3156001A2E005000E0017009846042000900AAB3278EC
S3156001A2F0311D01A8FFF7D6FBDFF8FC0204680AE00E
S3156001A30006A9201DFEF79FFF2300042206A901A8C6
S3156001A310FFF7D4FB2468002CF2D19DF812000028C7
S3156001A3200CD19DF8102003993000FFF70FF84346D2
S3156001A3303A0029000598FFF788FF00E0F1200EB08A
S3156001A340BDE8F08110B51C001268012A13D05ED3F6
S3156001A350032A21D01CD3052A27D026D3072A28D041
S3156001A36023D3092A37D02DD30B2A3AD036D30D2AD7
S3156001A37045D040D34BE0C9B2002903D09F4800685D
S3156001A380206003E04168806808402060002010BDBD
S3156001A390FFF765F82060F9E7C9B2002902D001200C
S3156001A3A0206001E000202060F0E75FF0FF30206070
S3156001A3B0ECE7C9B2002902D0C068206001E04068BC
S3156001A3C02060E3E7C9B2002902D00420206001E0E1
S3156001A3D003202060DAE702202060D7E700202060B2
S3156001A3E0D4E7C9B2002903D084480068206001E03F
S3156001A3F080682060CAE75FF0FF302060C6E7029898
S3156001A4007F494A682260097889000160BEE7F120C8
S3156001A410BDE77CB504000E0011001D000423794AD6
S3156001A420C9B23000FFF781FB002801D1F12027E096
S3156001A43001A93000FEF7DEFE0699019800280BD1CE
S3156001A440714E3068002807D000912B00220001214F
S3156001A4503068FFF777FF13E06748006800E000683F
S3156001A46000280CD0436882681A40019B9A42F6D153
S3156001A47000912B0022000021FFF764FF00E0F1202C
S3156001A48076BD2DE9F8418FB005000E00170098469C
S3156001A490042000900BAB3278311D02A8FFF702FB56
S3156001A4A0594C2068002809D007A95448FEF7CBFE0D
S3156001A4B02368042207A902A8FFF700FB4E48046837
S3156001A4C011E06168A068014000910098002809D0F8
S3156001A4D007A96846FEF7B7FE2300042207A902A86A
S3156001A4E0FFF7ECFA2468002CEBD19DF816000028E2
S3156001A4F018D101A90BA8FEF77DFE9DF814200499D9
S3156001A5003000FEF723FF0198002801D1012100E008
S3156001A5100021CDF800803B002A00C9B20698FFF7FA
S3156001A52011FF00E0F12010B0BDE8F0817FB50C00AD
S3156001A53015001E006B4601AA02A9F0F75AFF2068B2
S3156001A540012806D018D303280FD009D3042810D0C8
S3156001A55012E00198FEF783FF2860002004B070BD09
S3156001A5600098286006203060F7E702980068286046
S3156001A570F3E703202860F0E7F120EFE72DE9FF41DB
S3156001A58004000E0011001D000523204AC9B23000E7
S3156001A590FFF7CBFA002801D1F12026E0376802A93E
S3156001A5A0301DFEF727FE002600E0761C0A2E1BD220
S3156001A5B003AB6A4601A93000F0F71BFF0028F4D00F
S3156001A5C0B8460098FEF74BFF5FFA88F88045ECD1F4
S3156001A5D00298019909688842E7D10A9B2A002100FD
S3156001A5E03000FFF7A3FF00E0F12004B0BDE8F08181
S3156001A5F06C6B0B10C002031024610B10E0EA0210B1
S3156001A60050000310E002031028610B1000030310D1
S3156001A6102DE9F04192B004000D0016001F000520DF
S3156001A62000900DAB2A78291D03A8FFF73BFA5FF06E
S3156001A630000817E002AB6A4601A94046F0F7D9FE69
S3156001A64000280DD00098FEF70AFF089009A9019825
S3156001A650FEF7F9FD4346052208A903A8FFF72EFA7E
S3156001A66018F10108B8F10A0FE4D39DF81A00002821
S3156001A6700CD19DF8182005992800FEF767FE3B006E
S3156001A680320021000798FFF751FF00E0F12012B078
S3156001A690BDE8F08110B50C00006801283AD00228A7
S3156001A6A03DD003283FD0042841D0052843D0062851
S3156001A6B045D0082847D0092849D00A284BD00B280D
S3156001A6C04DD00C284FD00D2851D00E2853D00F28CD
S3156001A6D055D0102857D0112859D012285BD013288D
S3156001A6E05DD014285FD0152861D0162863D018284C
S3156001A6F065D0192867D01A2869D01B286BD01C2809
S3156001A7006DD01D286FD01E2871D01F2879D02028C2
S3156001A7107AD07CE03F4800682060042010BD3D4847
S3156001A72040682060F9E73B4880682060F5E7394872
S3156001A730C0682060F1E7374800692060EDE7354879
S3156001A74040692060E9E7334880692060E5E7314880
S3156001A750C0692060E1E72F48006A2060DDE72D4887
S3156001A760406A2060D9E72B48806A2060D5E729488E
S3156001A770C06A2060D1E72748006B2060CDE7254895
S3156001A780406B2060C9E72348806B2060C5E721489C
S3156001A790C06B2060C1E71F48006C2060BDE71D48A3
S3156001A7A0406C2060B9E71B48806C2060B5E71948AA
S3156001A7B0C06C2060B1E71748006D2060ADE71548B1
S3156001A7C0406D2060A9E71348806D2060A5E71148B8
S3156001A7D0C06D2060A1E70F48006E20609DE70D48BF
S3156001A7E0406E206099E70B48806E206095E702F025
S3156001A7F0C3FA002802D10220206001E00120206016
S3156001A8008BE70020206088E70020206085E7002034
S3156001A81084E70000B8660B1001000A2009681E294A
S3156001A82006D11168022902D01168012900D10020E0
S3156001A830C0B2704780B500681E2809D11068022829
S3156001A84003D1002002F094FA02E0012002F090FAAE
S3156001A850002002BD002803D0734A1060734801606E
S3156001A8607047002809D0724B1860724B18607248A5
S3156001A870016072480160724802807047002809D001
S3156001A880704B1860704B18607048016070480160C9
S3156001A890704802807047002809D06F4B18606F4B73
S3156001A8A018606F4801606F4801606F4802807047A9
S3156001A8B070B50C000021006801280AD044D3032832
S3156001A8C027D018D3052831D02BD3072838D032D3D7
S3156001A8D03AE05548066855480568002C04D10020C1
S3156001A8E011F0BBFF11F07DFF002D2FD1300010F06C
S3156001A8F0D4EC05002BE0FEF779FC05002878820090
S3156001A900291D200010F06EEB287800B2800000B29D
S3156001A91025E005F00CF90A21B0FBF1F02060042076
S3156001A9201DE04348066844480568D6E74548066819
S3156001A93046480568D1E74848066849480568CCE74E
S3156001A9404820206004200AE0002008E02D882A00C3
S3156001A95092B23100200010F046EB280000B270BDC3
S3156001A96010B402000A2000231268042A04D019D305
S3156001A970062A13D00ED315E0314C304A126823886B
S3156001A980002B17D0002A0FD1228889B2914212D2A8
S3156001A990002010E02F4C2E4A1268F0E7324C314A03
S3156001A9A01268ECE7C0B207E0228889B28A4202D314
S3156001A9B0002000E01120C0B210BC70472DE9F041C3
S3156001A9C00E00170000210068042804D025D306284C
S3156001A9D01ED018D321E01748046818480568002C72
S3156001A9E004D1002011F039FF11F0FBFE320092B262
S3156001A9F0A0463900404610F0F6EA002D0FD100203E
S3156001AA00B6B2A0550CE01048046811480568E6E73F
S3156001AA101248046813480568E1E7052001E02E80C5
S3156001AA200020BDE8F0810000F4D8021024670B1005
S3156001AA30F8D802102C670B1028670B1030670B10C3
S3156001AA4028750B10FCD8021038670B1034670B1091
S3156001AA503C670B102A750B1000D9021044670B1066
S3156001AA6040670B1048670B102C750B100A000068C5
S3156001AA70406801281AD002281CD003281FD0042858
S3156001AA8022D0052824D0062829D007282ED00828C8
S3156001AA9033D0092838D00A2849D00B284ED00C2843
S3156001AAA053D00E2858D00F285DD063E0042008608B
S3156001AAB0042060E04FF47A70086004205BE04EF693
S3156001AAC060200860042056E020200860042052E0DF
S3156001AAD0DFF8EC04D0F86801106004204BE0DFF881
S3156001AAE0E004D0F86C011060042044E0DFF8D00483
S3156001AAF0D0F87001106004203DE0DFF8C404D0F89E
S3156001AB0074011060042036E00021DFF8B8040068A3
S3156001AB1007E0037D042B02D0037D072B00D1491C7E
S3156001AB20C0680028F5D189B21160042023E0DFF8FE
S3156001AB309004D0F88001106004201CE0DFF88004E6
S3156001AB40D0F878011060042015E0DFF87404D0F8BD
S3156001AB507C01106004200EE0DFF86404D0F8840103
S3156001AB601060042007E0DFF85804D0F8880110600F
S3156001AB70042000E00020704780B50968012907D0EC
S3156001AB8025D303290CD008D3052917D00BD31EE092
S3156001AB90007D401C1060002002BD00681060FAE76D
S3156001ABA0C08A1060F7E7017D012904D1DFF8180436
S3156001ABB00068106001E040681060ECE7017D0129E2
S3156001ABC002D10020106001E0008B1060E3E70020F5
S3156001ABD011F043FE11F005FEF120DDE7FEB505003B
S3156001ABE00F0011001C000A23DFF8E023C9B2380008
S3156001ABF0FEF79BFF002801D1F12046E001A938004C
S3156001AC00FEF7F8FA3E69694617F11400FEF7F2FAA3
S3156001AC10D7F824C0002729002200089B00E07F1C8A
S3156001AC203800C0B204282FD2DFF8A4033C00E4B296
S3156001AC3050F82400006800E0C0680028EFD0019C4D
S3156001AC400568AC42F8D13400C58AA4B2AC42F3D1EE
S3156001AC50047D012C0CD1009CDFF86C532D68AC424D
S3156001AC60EAD16446A4B2002CE6D1FFF785FF0CE079
S3156001AC70009C4568AC42DFD16446058BA4B2AC4208
S3156001AC80DAD1FFF779FF00E0F120FEBD2DE9F0474B
S3156001AC909AB00700884616001D000A20009010AB86
S3156001ACA098F8002018F1040101A8FEF7FBFE5FF099
S3156001ACB0000901E019F101094846C0B204282BD206
S3156001ACC0C3484946C9B250F82100046807E00BA998
S3156001ACD0201DFEF7B8FA208BCAF8240014E0002C78
S3156001ACE0E8D006A92000FEF7AEFA0DF1180AE08A4F
S3156001ACF0CAF81000207D0128E9D10BA9B248FEF7F8
S3156001AD00A2FA0020CAF8240023000A2206A901A893
S3156001AD10FEF7D4FEE468E2E79DF8120000280CD144
S3156001AD209DF8102003994046FEF710FB2B00320078
S3156001AD3039000598FFF720FF00E0F1201AB0BDE861
S3156001AD40F0870068072802D0082805D007E0087D4B
S3156001AD50401C10600020704700201060FAE7F12067
S3156001AD60F9E72DE9F04186B004000E0017001D00D9
S3156001AD705FF0000803A8974991E80C1080E80C1071
S3156001AD800DF1020302AAB7EB0801C9B24046C0B28F
S3156001AD9016EB8000FEF7B2FA10EB08084046C0B227
S3156001ADA0002801D1F1203DE06B4601AAB7EB080707
S3156001ADB03900C9B24046C0B216EB8000FEF79EFA72
S3156001ADC010EB08085FFA88F8B8F1000F01D1F1209D
S3156001ADD028E0002000E0401C0100C9B2032920D20E
S3156001ADE003A90200D2B251F82210096800E0C968CD
S3156001ADF00029F0D0029A0B689A42F8D1BDF8022078
S3156001AE00CB8A9A42F3D1019A4B689A42EFD1BDF847
S3156001AE1000200B8B9A42EAD12A002000FFF791FFAE
S3156001AE2000E0F12006B0BDE8F0812DE9F043D5B030
S3156001AE3005000E00170001A8674991E81C0080E82B
S3156001AE401C00262000902FAB3278311D04A8FEF736
S3156001AE5029FE5FF0000823E05FF0000909A8494672
S3156001AE60C9B210EB8102E18A2000FEF7F5F910EB19
S3156001AE70090909A84946C9B210EB8102218B201D37
S3156001AE80FEF7EAF910EB090923004A46D2B209A98D
S3156001AE9004A8FEF713FEE468002CDDD118F1010861
S3156001AEA04046C0B2032806D201A84146C9B250F84D
S3156001AEB021000468F0E79DF81E0000280BD19DF87B
S3156001AEC01C2006993000FEF741FA3A0008992800DD
S3156001AED0FFF737FF00E0F12055B0BDE8F083006869
S3156001AEE0042803D100200860002000E0F1207047AB
S3156001AEF0FEB50400080011001D0000266B4601AA7C
S3156001AF00891BC9B23700FFB210EB8700FEF7F6F96D
S3156001AF108619F6B2002E01D1F12014E02F4800689F
S3156001AF2000E0C06800280DD0019902689142F8D10D
S3156001AF30BDF80010C28A9142F3D129002000FFF7C3
S3156001AF40CEFF00E0F120FEBD2DE9F041ACB0050079
S3156001AF500E0017001320009019AB3278311D01A83D
S3156001AF60FEF7A0FD1D48046814E05FF0000806A81E
S3156001AF704146C9B210EB8102E18A2000FEF76CF905
S3156001AF8010EB080800234246D2B206A901A8FEF7D3
S3156001AF9095FDE468002CE8D19DF8120000280AD1DD
S3156001AFA09DF8102003993000FEF7D0F9390028008A
S3156001AFB0FFF795FF00E0F1202CB0BDE8F0810000BD
S3156001AFC06C6B0B10A46E0B10E0EA02104C090310B7
S3156001AFD07C1203109C090310A8090310A06E0B10C4
S3156001AFE000684068012806D01DD303280FD008D316
S3156001AFF0042812D017E0A048D0F88C01086004201C
S3156001B00012E09D48D0F89001086004200CE09A484F
S3156001B010D0F894010860042006E09748D0F89801BA
S3156001B0200860042000E0002070470068082803D10A
S3156001B03000200860002000E0F12070472DE9FF4103
S3156001B04004000E0017001D005FF000080DF10203F9
S3156001B05002AAB7EB0801C9B24046C0B216EB80003E
S3156001B060FEF74CF910EB08084046C0B2002801D142
S3156001B070F12040E06B4601AAB7EB0801C9B2404630
S3156001B080C0B216EB8000FEF739F910EB08084046AE
S3156001B090C0B2002801D1F1202DE0FFB24046C0B216
S3156001B0A0401C874201DAF12025E05FFA88F856F8FC
S3156001B0B02800002801D0F1201DE07048006800E0FA
S3156001B0C0C068002816D0029902689142F8D1BDF88D
S3156001B0D00210428A9142F3D1019942689142EFD1BD
S3156001B0E0BDF80010828A9142EAD129002000FFF75B
S3156001B0F09CFF00E0F12004B0BDE8F0812DE9F0414C
S3156001B100D4B005000E001700272000902DAB3278D1
S3156001B110311D01A8FEF7C6FC5848046827E05FF0B8
S3156001B120000806A84146C9B210EB8102618A200077
S3156001B130FEF792F810EB080806A84146C9B210EB73
S3156001B1408102A18A201DFEF787F810EB080800200E
S3156001B15006A94246D2B241F8220018F1010800233D
S3156001B1604246D2B206A901A8FEF7A8FCE468002C03
S3156001B170D5D19DF8120000280AD19DF810200399B7
S3156001B1803000FEF7E3F839002800FFF74EFF00E0D4
S3156001B190F12054B0BDE8F0810968012902D0022985
S3156001B1A004D006E00068106000207047408A106095
S3156001B1B0FAE7F120F9E77CB504000E0011001D00E5
S3156001B1C005232F4AC9B23000FEF7AFFC002801D132
S3156001B1D0F1201AE069463000FEF70CF8316927481C
S3156001B1E0006800E0C06800280ED0009A03689A42A1
S3156001B1F0F8D10A00438A92B29A42F3D1069B2A0099
S3156001B2002100FFF7C9FF00E0F12076BD2DE9F0418D
S3156001B21090B005000E0017009846052000900BAB14
S3156001B2203278311D01A8FEF73DFC144804680CE034
S3156001B23006A92000FEF707F8608A0A902300052216
S3156001B24006A901A8FEF73AFCE468002CF0D19DF846
S3156001B250120000280CD19DF8102003993000FEF7EA
S3156001B26075F843463A0029000598FFF795FF00E017
S3156001B270F12010B0BDE8F0816C6B0B101C700B10E7
S3156001B280680C03102DE9F841C9B007000C001600DF
S3156001B2901D004FF492710022E84640460FF02AEFF6
S3156001B2A000970196ADF808500C94DFF8AC0A016876
S3156001B2B0491C0160684600F0B3FA40B2002860D1CB
S3156001B2C09DF8160002280ED1079800280AD1DFF8EA
S3156001B2D0802A1068002805D0DFF8780A0168684678
S3156001B2E0126890474DE0684600F03AFD010049B2A8
S3156001B2F0002940D1079900291ED19DF81610002911
S3156001B30003D1684600F0F2F816E09DF8161001299F
S3156001B31003D1684600F01DF90EE09DF81610052967
S3156001B32003D1684600F048F906E09DF81610032936
S3156001B33002D1684600F0D0F940B200281BD16846B8
S3156001B34000F075FF40B2002815D1BDF80830019AAA
S3156001B3501299009801F057FA9DF8160003280AD150
S3156001B3600798002807D1DFF8E4090068002802D0B1
S3156001B370684601F0C7F81298002802D01298F8F7CB
S3156001B38096FE4AB0BDE8F08190F8D110C90703D5A1
S3156001B390D0F8D400002801D1F12000E000207047E8
S3156001B3A0F8B5F0B004000D001600EC21002235AFAF
S3156001B3B038000FF0A0EEF6B2002E17D035A8019036
S3156001B3C002A800902300DFF89429297A15F10C0070
S3156001B3D0FEF787F9E061E06900281FD19DF8082032
S3156001B3E003A915F10800FDF7B1FF17E035AA297A1F
S3156001B3F015F10C00FEF742F9E061E06900280DD114
S3156001B400210035A8FFF7C0FFE061E069002805D09B
S3156001B4106D98002802D035A86D998847E0690028A3
S3156001B4202CD0E069F02826DBA07A012802D0A07A28
S3156001B430032859D1207F10F00F0050F0800085F865
S3156001B440D4000020A5F8D600290014F14C0000F0C4
S3156001B45019FE010049B2002902D10020E06143E0F2
S3156001B4607FF0010140B2884202D10120E0613BE0F8
S3156001B4700520E06138E00520E06135E0D5F8D810B7
S3156001B48035A86A9A9047010009B2002924D4A5F823
S3156001B490D6009DF8A40185F8D400B5F8D60030F43D
S3156001B4A08040C92804D3002011F0D7F911F099F929
S3156001B4B0290014F14C0000F0E5FD01007FF0010266
S3156001B4C049B2914202D10120E06107E040B2002811
S3156001B4D004D00520E06101E00520E0616D98002857
S3156001B4E002D035A86D99884771B0F0BD18B5B7B06F
S3156001B4F0040014F15C00369004E0C0B2022825D045
S3156001B5000520E061E06900281DD1694614F1340027
S3156001B51001F01FF80100C9B2002910D19DF8D400CD
S3156001B520052809D1BDF8D600002805D10022694653
S3156001B5302000FFF735FFE5E70520E061E2E701005E
S3156001B540C9B20129D9D1002038B010BD7FF00F00F2
S3156001B550FAE718B5B7B0040014F15C00369004E060
S3156001B560C0B2022825D00520E061E06900281DD11E
S3156001B570694614F1340000F0ECFF0100C9B20029FC
S3156001B58010D19DF8D400052809D1BDF8D600002850
S3156001B59005D1012269462000FFF702FFE5E7052094
S3156001B5A0E061E2E70100C9B20129D9D1002038B0D2
S3156001B5B010BD7FF00F00FAE7F8B5BAB00600756AFC
S3156001B5C0002716F15C003990B46A01E00520F0614C
S3156001B5D0F069002829D1002D04D1B6F85070002CED
S3156001B5E023D0641E03A916F1340000F0B2FF0100F6
S3156001B5F0C9B2012919D00100C9B2022902D17FF06D
S3156001B6000F0067E0C0B20028E0D19DF8E000052890
S3156001B610DCD1BDF8E2000028D8D1012203A93000AF
S3156001B620FFF7BEFE6D1ED3E7641EF06900284BD19D
S3156001B630012C49DBB6F85000390089B2884243D003
S3156001B6400125B6F85030DB1B9BB23A0092B2B16C61
S3156001B650684600F074FFB6F8507007E00520F061A7
S3156001B660706ABDF8081010FA81F03062F06900283E
S3156001B67024D10020399003A9684600F06AFF0100D1
S3156001B680C9B2002917D116F15C003990012203A9CC
S3156001B6903000FFF785FEF069002806D0706ABDF8B4
S3156001B6A0081010FA81F03062E0E79DF8E000822828
S3156001B6B0DCD00025DAE7C0B20128CFD1F0690028D5
S3156001B6C0B2D1EDB2002DAFD0F069012801D10020D1
S3156001B6D0F06100203BB0F0BD30B5ADF52D7D0400C5
S3156001B6E014F15C00AC900FE07198002806D0AC9A1A
S3156001B6F0BDF8AE123BA8719B9847E061739800282C
S3156001B70002D03BA873998847E06900282FD176A9B2
S3156001B71014F1340000F01DFF0100C9B2002922D1E5
S3156001B720EC2100223BAD28000FF0E4EC3BAA9DF82A
S3156001B730E01179A8FDF7A2FFE061E0690028E3D195
S3156001B7409DF8BC019DF8AC12884202D00720E061E9
S3156001B750D4E79DF8BD01800702D572980028C3D150
S3156001B7601120E061CAE70100C9B201290CD1E06983
S3156001B770002851D1B4F84230B4F84020216B14F15D
S3156001B780340000F0DCFE11E00100C9B2032902D1E8
S3156001B7900820E061B8E7C0B2022802D00520E06166
S3156001B7A0B2E77FF00F0038E00520E061E06900282C
S3156001B7B032D176A914F1340000F0CBFE0100C9B292
S3156001B7C0002926D1EC2100226D4628000FF092EC6B
S3156001B7D06A469DF8E01179A8FDF750FFE061E069DE
S3156001B7E00028E3D1AC9ABDF8AE126846379B9847FC
S3156001B7F0002807D0A08F012802D10E20E06101E068
S3156001B8000F20E06138980028D0D06846389988477B
S3156001B810CCE7C0B20128C7D100200DF52D7D30BD22
S3156001B82038B586B00400206B03890022216B03A81A
S3156001B83010F077FD002807D0DFF81C054169491C27
S3156001B84041617FF00F0079E201A903A810F0ACFB1A
S3156001B850002807D0DFF800054169491C41617FF086
S3156001B8600F006BE29DF80400302805D1BDF8080091
S3156001B870BDF81210884207D0DFF8DC044169491C23
S3156001B88041617FF00F0059E2BDF8085001A903A894
S3156001B89010F08AFB002807D0DFF8BC044169491C17
S3156001B8A041617FF00F0049E29DF80400022807D04C
S3156001B8B0DFF8A4044169491C41617FF00F003DE254
S3156001B8C09DF805002D1A9DF806002D1ABDF8080091
S3156001B8D02D1A012D07DADFF880044169491C41619F
S3156001B8E07FF00F002AE205AABDF8081003A810F040
S3156001B8F00BFC002807D0DFF860044169491C4161EF
S3156001B9007FF00F001AE2059800280AD005980128F1
S3156001B91007D0DFF844048168491C81607FF00F001D
S3156001B9200CE20598A07201A903A810F03DFB00285E
S3156001B93007D0DFF824044169491C41617FF00F009B
S3156001B940FCE19DF80400042807D0DFF80C04416986
S3156001B950491C41617FF00F00F0E19DF805002D1A49
S3156001B9609DF806002D1ABDF808002D1A012D07DA7B
S3156001B970DFF8E4034169491C41617FF00F00DDE1B5
S3156001B9800820009014F1140314F10B02BDF808109D
S3156001B99003A810F0A6FC01005FF0FF3249B29142A4
S3156001B9A018D10020A082BDF8081003A810F051FD3F
S3156001B9B00020A18A6118C87201A903A810F0F4FADF
S3156001B9C0002812D0DFF890034169491C41617FF07C
S3156001B9D00F00B3E140B20028EAD0DFF87C03416989
S3156001B9E0491C41617FF00F00A8E1BDF81200BDF866
S3156001B9F00810884207D2DFF860034169491C41613A
S3156001BA007FF00F009AE1BDF81210BDF80800091A1F
S3156001BA10A4F84410BDF808509DF80400A02808D089
S3156001BA20A1281FD0A2282ED0A32827D0A5281ED0B2
S3156001BA302EE0DFF82403416B491C41639DF8040045
S3156001BA4010F01F00A075A22084F82C00A08A00289F
S3156001BA5021D1C148C168491CC16001F010FB7FF06A
S3156001BA600F006BE1BC48816B491C8163E6E7A07AF4
S3156001BA70002802D17FF00F0060E1DFE7B648C16BB5
S3156001BA80491CC163DAE7B448016C491C0164D5E716
S3156001BA907FF00F0052E1A07D032826D1AA4B1868DA
S3156001BAA00078002810D11120E0610120206201A9EF
S3156001BAB003A810F079FA002829D0A7484169491CE2
S3156001BAC041617FF00F0039E1082214F10B0118681A
S3156001BAD010F088FF0028EAD09F48C168491CC16000
S3156001BAE001F0CDFA7FF00F0028E1082214F10B0175
S3156001BAF09448006810F076FF0028D8D09648C1684F
S3156001BB00491CC16001F0BBFA7FF00F0016E19DF898
S3156001BB100400022806D090484169491C41617FF0C2
S3156001BB200F000BE19DF805002D1A9DF806002D1AF0
S3156001BB30BDF808002D1A012D06DA87484169491CAE
S3156001BB4041617FF00F00F9E014F11802BDF80810A9
S3156001BB5003A810F0D9FA002806D07F484169491C2C
S3156001BB6041617FF00F00E9E001A903A810F01CFA1A
S3156001BB70002806D078484169491C41617FF00F0071
S3156001BB80DCE09DF80400022806D073484169491C2F
S3156001BB9041617FF00F00D1E09DF805002D1A9DF8F7
S3156001BBA006002D1ABDF808002D1A012D06DA6A481D
S3156001BBB04169491C41617FF00F00BFE0A07D052806
S3156001BBC021D114F12402BDF8081003A810F09CFAE3
S3156001BBD0002806D060484169491C41617FF00F0029
S3156001BBE0ACE0606A002801D50020606201A903A863
S3156001BBF010F0DAF900281FD057484169491C4161A4
S3156001BC007FF00F009AE005AABDF8081003A810F0AE
S3156001BC107BFA002806D050484169491C41617FF092
S3156001BC200F008BE005980028E0D04B484169491C1C
S3156001BC3041617FF00F0081E09DF80400022806D083
S3156001BC4045484169491C41617FF00F0076E09DF8E6
S3156001BC5005002D1A9DF806002D1ABDF808002D1A4B
S3156001BC60012D06DA3C484169491C41617FF00F00AC
S3156001BC7064E0A07D052821D114F12802BDF80810E1
S3156001BC8003A810F041FA002806D033484169491CDF
S3156001BC9041617FF00F0051E0A06A002801D50020C4
S3156001BCA0A06201A903A810F07FF9002820D02A48D4
S3156001BCB04169491C41617FF00F003FE014F12002A8
S3156001BCC0BDF8081003A810F01FFA002806D0224814
S3156001BCD04169491C41617FF00F002FE005980028FA
S3156001BCE0DFD01D484169491C41617FF00F0025E0A5
S3156001BCF09DF80400302805D1BDF81200BDF8081082
S3156001BD00884206D214484169491C41617FF00F009F
S3156001BD1014E0BDF81000A4F84000BDF81210B4F8A4
S3156001BD204400091AA4F84210B4F84230B4F840202D
S3156001BD30216B14F1340000F002FC002007B030BD25
S3156001BD400000000004D9021008D902104C670B10DC
S3156001BD5054670B1058670B10B8660B1041A301109E
S3156001BD603EB5040014F14C054FF420724FF4B861EE
S3156001BD703620F7F7D2FFA064A06C002802D15FF0ED
S3156001BD80FF30F7E0A06C03890022A16C280010F057
S3156001BD90C8FA30208DF8000000208DF801000320DC
S3156001BDA08DF802000020ADF80400694628000FF006
S3156001BDB079FF002802D07FF00F00DBE002208DF8CA
S3156001BDC0000000208DF8010000208DF8020000209F
S3156001BDD0ADF8040001A9A07A10F0AEF86946280012
S3156001BDE00FF060FF002802D07FF00F00C2E0A27A58
S3156001BDF0BDF8041028000FF0FEFF002802D07FF086
S3156001BE000F00B7E004208DF8000000208DF80100D6
S3156001BE1000208DF80200A08AADF80400694628006A
S3156001BE200FF040FF002802D07FF00F00A2E0A28A47
S3156001BE3014F10B0128000FF09DFF002802D07FF05E
S3156001BE400F0097E0A888A4F8540094F82C008DF8A8
S3156001BE50000000208DF8010003208DF8020000200B
S3156001BE60ADF80400694628000FF01CFF002802D0D7
S3156001BE707FF00F007EE002208DF8000000208DF833
S3156001BE80010000208DF802000020ADF8040001A930
S3156001BE90A06910F051F8694628000FF003FF0028E9
S3156001BEA002D07FF00F0065E0A269BDF8041028009A
S3156001BEB00FF0A1FF002802D07FF00F005AE00220A8
S3156001BEC08DF8000000208DF8010000208DF8020039
S3156001BED00120ADF80400694628000FF0E3FE002852
S3156001BEE002D07FF00F0045E0A888A4F85600002133
S3156001BEF0280010F035FA002802D07FF00F0039E0F3
S3156001BF0002208DF8000000208DF8010000208DF8D8
S3156001BF1002000120ADF80400694628000FF0C2FE58
S3156001BF20002802D07FF00F0024E0A888A4F858000A
S3156001BF300021280010F014FA002802D07FF00F00CB
S3156001BF4018E030208DF8000000208DF801000320F4
S3156001BF508DF802000020ADF80400694628000FF054
S3156001BF60A1FE002802D07FF00F0003E0A888A4F8A4
S3156001BF705A0000203EBD38B505000C00A21D297A85
S3156001BF8089B215F10C000FF0EEFF211DE0880FF06C
S3156001BF90A8FFB5F8D600002815D10020608114F1FC
S3156001BFA0080160890FF09DFF2079E1880818217AE0
S3156001BFB0411860894118891C6180210060880FF0F1
S3156001BFC090FF002032BDB5F8D600400406D5B5F81D
S3156001BFD0D6104BF6FF7001406181E0E795F8D40019
S3156001BFE0801E0DD0801E29D0401E2BD0401E33D01E
S3156001BFF03A3823D0401E022811D9C01E1ED03EE019
S3156001C000B5F8D600042802D07FF00500DAE714F10E
S3156001C0100A01D5F8D80000680FF08EFFBFE7B5F8C2
S3156001C020D600042802D07FF00500CBE714F10A019F
S3156001C030D5F8D80000680FF065FFB0E7B5F8D6000F
S3156001C0406081ACE7B5F8D600002802D07FF0050024
S3156001C050B8E700206081A2E795F8D60010F0030FDB
S3156001C06002D07FF00500ADE714F10A02B5F8D610EB
S3156001C07089B28908D5F8D8000FF075FF8FE77FF090
S3156001C08005009FE730B585B004000D0002A92800C0
S3156001C090FFF771FF010049B2002901D040B2C4E047
S3156001C0A0E0889DF80810BDF80A2052FA81F1491C12
S3156001C0B0884202DA7FF00100B7E030208DF8000097
S3156001C0C000208DF801009DF808008DF80200BDF88A
S3156001C0D00A00ADF80400694620000FF0E3FD002870
S3156001C0E002D07FF00F00A0E006208DF8000000204E
S3156001C0F08DF801009DF80C008DF80200BDF80E0068
S3156001C100ADF80400694620000FF0CCFD002802D08E
S3156001C1107FF00F0089E02A7A92B215F10C012000B6
S3156001C1200FF08AFE002802D07FF00F007DE095F8BF
S3156001C130D4008DF8000000208DF801009DF81000F4
S3156001C1408DF80200BDF81200ADF8040069462000C2
S3156001C1500FF0A8FD002802D07FF00F0065E0BDF862
S3156001C1601200002860D0B5F8D60040040BD5BDF8A2
S3156001C1701220D5F8D81020000FF0FCFD002853D00E
S3156001C1807FF00F0051E095F8D400801E0BD0801E21
S3156001C19025D0801E34D03A3821D0401E022810D9CD
S3156001C1A0C01E1CD03BE0D5F8D8000268BDF812105D
S3156001C1B020000FF020FE002802D07FF00F0034E04F
S3156001C1C032E0D5F8D8000268BDF8121020000FF0F1
S3156001C1D0DCFD002802D07FF00F0026E024E0BDF8E8
S3156001C1E01220D5F8D81020000FF0C4FD002802D027
S3156001C1F07FF00F0019E0B5F8D600ADF8120013E034
S3156001C200B5F8D620920892B2D5F8D81020000FF072
S3156001C21013FE002802D07FF00F0006E004E0002044
S3156001C22010F01BFB10F0DDFA002005B030BD78B5CB
S3156001C23085B004000025A07A002830D1E069002885
S3156001C24011D0E069801F24D0401E03281ED9001F2B
S3156001C2501FD0401E1AD0001F02281AD9E0380228C2
S3156001C2601AD80220E061E069002802D1A07D032886
S3156001C27042D1B4F84230B4F84020216B03A810F0E3
S3156001C28050F800281BD07FF00F0039E10320E061F0
S3156001C290E9E70220E061E6E70520E061E3E7A07DEA
S3156001C2A0032806D1E069F038022802D81120E0613E
S3156001C2B0FFE7E069F028D6DB7FF00F0020E1A06C94
S3156001C2C00389B4F85A001B1A9BB2B4F85A20A16CC0
S3156001C2D014F14C0010F025F8002802D07FF00F0011
S3156001C2E00EE1002214F14C0103A810F05DF800285C
S3156001C2F002D07FF00F0003E1B4F8506030208DF872
S3156001C300040000208DF8050003208DF8060056FA1A
S3156001C31085F0001FADF80800A06C03890022A16CAE
S3156001C32014F14C000FF0FDFF002802D07FF00F00E2
S3156001C330E6E001A914F14C000FF0B4FC002802D02C
S3156001C3407FF00F00DCE094F82C008DF804000020EB
S3156001C3508DF8050003208DF80600B4F85400301AF4
S3156001C360001FADF80800B4F8541014F14C0010F039
S3156001C37080F8002802D07FF00F00C1E001A914F116
S3156001C3804C000FF08FFC002802D07FF00F00B7E061
S3156001C390E06900284DD00DF10201E0690FF0CCFD96
S3156001C3A0BDF80200012802D07FF00F00A8E0B4F8C2
S3156001C3B0561014F14C0010F05CF8002802D07FF0A2
S3156001C3C00F009DE0E269BDF8021014F14C000FF018
S3156001C3D012FD002802D07FF00F0091E0E06901288C
S3156001C3E004D015D303280DD006D311E0DFF8F0038E
S3156001C3F0816C491C816410E0DFF8E403C16C491C5F
S3156001C400C1640AE0DFF8D803016D491C016504E0E7
S3156001C410DFF8CC03416D491C4165E069012802D111
S3156001C4200020206215E0206A002812D1A08F2062C8
S3156001C4300FE0A07D032806D1DFF8A403016BA28F6C
S3156001C4408918016305E0DFF89803C16AA28F89182C
S3156001C450C162206A002821D06946206A0FF06CFD0E
S3156001C460BDF80000012802D07FF0050048E0B4F86D
S3156001C470581014F14C000FF0FCFF002802D07FF039
S3156001C4800F003DE0226ABDF8001014F14C000FF078
S3156001C490B2FC002802D07FF00F0031E030208DF829
S3156001C4A0040000208DF8050003208DF80600B4F81D
S3156001C4B05A00301AADF80800B4F85A10091F14F181
S3156001C4C04C000FF0D6FF002802D07FF00F0017E076
S3156001C4D001A914F14C000FF0E5FB002802D07FF0B2
S3156001C4E00F000DE056FA85F189B2A06CF7F7F4FCFE
S3156001C4F0BB48416E491C41664168491C4160002048
S3156001C50006B070BD80B5BAB0B0F84230B0F8402020
S3156001C510016B684600F013F80020399007E0B148D6
S3156001C52002689DF8141006A8AF4B1B68984703A9CB
S3156001C530684600F00EF80028F1D03BB000BD10B59A
S3156001C54004009BB292B220000FF0EBFE0020208126
S3156001C55010BD7FB505000C00E888002801D10120D7
S3156001C5603BE12889401C288101A928000FF01CFDA8
S3156001C570002805D09A484169491C416102202CE195
S3156001C5809DF80400302804D1E888BDF80810884277
S3156001C59005D293484169491C416102201DE1BDF8FC
S3156001C5A0086001A928000FF0FFFC002805D08C481F
S3156001C5B04169491C416102200FE19DF8040006288A
S3156001C5C012D19DF805009DF8061051FA80F0BDF86C
S3156001C5D0081010FA81F0310089B2884204DABDF898
S3156001C5E00800E988884205D37D484169491C416153
S3156001C5F00220F2E03220009014F1080314F10C02DB
S3156001C600BDF8081028000FF0C0FD002805D0744859
S3156001C6104169491C41610220DFE09DF80500361A37
S3156001C6209DF80600361ABDF80800361A01A92800D9
S3156001C6300FF0BAFC002805D069484169491C41617F
S3156001C6400220CAE09DF805009DF8061051FA80F0B7
S3156001C650BDF8081010FA81F0B6B2B04204D1E8888C
S3156001C660BDF80810884205D25D484169491C41619F
S3156001C6700220B2E09DF8040084F8D400D4F8D80012
S3156001C680002800F0A08094F8D400801E0DD0801E92
S3156001C69031D0401E4CD0401E4ED03A386FD0401E2D
S3156001C6A0022815D9C01E26D087E0D4F8D820BDF857
S3156001C6B0081028000FF028FD002805D04848416978
S3156001C6C0491C4161022088E00420A4F8D60083E079
S3156001C6D0D4F8D820BDF8081028000FF0D0FC002847
S3156001C6E005D03F484169491C4161022075E004203B
S3156001C6F0A4F8D60070E0C820009014F1D603D4F8EF
S3156001C700D820BDF8081028000FF0EBFD01005FF09E
S3156001C710FF3249B2914201D103205EE040B2002866
S3156001C72005D02F484169491C4161022055E053E01B
S3156001C7300020A4F8D6004FE0322000900DF10603E8
S3156001C740D4F8D820BDF8081028000FF01EFD0100AE
S3156001C7505FF0FF3249B2914201D103203DE040B220
S3156001C760002805D01E484169491C4161022034E018
S3156001C7709DF8060080B28000A4F8D6002CE0BDF8D2
S3156001C7800800042813D1C820009014F1D603D4F808
S3156001C790D820BDF8081028000FF0A3FD002805D0A9
S3156001C7A00F484169491C4161022016E014E00C48BA
S3156001C7B04169491C416102200FE009484169491CF0
S3156001C7C04161022009E0BDF8081028000FF041FE22
S3156001C7D0BDF80800A4F8D600002004B070BD0000C2
S3156001C7E0B8660B1050670B104C670B1010B508003C
S3156001C7F014001A00029B9BB22100FEF743FD200044
S3156001C800F7F755FC10BD80B59BB209F0C7F902BDBB
S3156001C81010B514000800F0F77FF9002801D0011D5A
S3156001C82000E00021002805D0002903D008682060B7
S3156001C830012000E0002010BD10B52E2009F0B8FBE4
S3156001C8400400002C0ED0084804600022074920002D
S3156001C85009F079FBA1220649200009F0DEFA40B20F
S3156001C8600028FFD110BD00005C670B10A5B7011051
S3156001C870E0EA021011681079012802D19068002857
S3156001C88001D0F1200FE0487C82F8D100087C82F863
S3156001C890D0004869C2F8D4008869C2F8D800C8696E
S3156001C8A0C2F8DC000020704780B51379002B07D1F0
S3156001C8B00123137100239360C9B2FFF7DBFF00E028
S3156001C8C0F12002BD30B41079022828D1D068002841
S3156001C8D025D110684169002301E008315B1C048A97
S3156001C8E0A34203D20C689568AC42F6D1008A8342B2
S3156001C8F015D2487982F8D100087982F8D0000FF212
S3156001C900FD00C2F8D4000FF21510C2F8D8000FF27C
S3156001C9102D10C2F8DC00C2F8E410002000E0F1201E
S3156001C92030BC7047F0B413685C6900201179002946
S3156001C93014D1198A002911D00020200014F10801B0
S3156001C940012425001E8AADB2B54236D20D6806684D
S3156001C950B54200D208000831641CF2E7117900295A
S3156001C9602BD0117901290DD1002101E00834491C30
S3156001C9700D001E8AADB2B54204D225689668B542ED
S3156001C980F4D12000002818D15FF0FF3500265C69DC
S3156001C9900EE091682768B94208D2276891687F1AC4
S3156001C9A0AF4203D22000256891686D1A0834761C5F
S3156001C9B031001F8A89B2B942EBD3002801D1F12037
S3156001C9C01AE002211171016891600021D1604179FB
S3156001C9D082F8D110017982F8D0100FF22101C2F8E4
S3156001C9E0D4100FF23901C2F8D8100FF25101C2F812
S3156001C9F0DC10C2F8E4000020F0BC704710B50200FC
S3156001CA005FF0FF301468D2F8E430A269002A02D0E0
S3156001CA101800A269904700B210BD000038B5030046
S3156001CA2011201D68D3F8E440EB69002B03D089B26D
S3156001CA302000EB699847C0B232BD000038B50300EB
S3156001CA4011201D68D3F8E4402B6A002B03D089B20C
S3156001CA5020002B6A9847C0B232BD000070B5130042
S3156001CA60F1201C68197903292ADB9968012927D1E4
S3156001CA706169228A01E00831521E1500ADB2002DAE
S3156001CA8003D00D68DE68B542F5D192B2002A17D09F
S3156001CA90087983F8D000487983F8D100206AC3F811
S3156001CAA0D400606AC3F8D800A06AC3F8DC001879BC
S3156001CAB0821ED2B213F1100113F10C00A469A047D2
S3156001CAC0C0B270BDF0B5B3B015002E6800272879E5
S3156001CAD0002804D0A868022801D3F12059E02879FA
S3156001CAE0022800DBEF682879032808DB2879821E93
S3156001CAF0D2B215F110016846FCF728FC02E000206D
S3156001CB008DF80000306AC5F8D400706AC5F8D8009F
S3156001CB10B06AC5F8DC0012E0207985F8D00060794A
S3156001CB2085F8D1002A0069462000F3699847C0B2AA
S3156001CB30002821D000208DF8000027687F1C002482
S3156001CB40706900210BE00268974206D2002C03D07F
S3156001CB50026823689A4200D204000830491C0A0020
S3156001CB60338A92B29A4203D20268BA42EBD1040086
S3156001CB70002CD1D1F1200CE0022028710120A8609F
S3156001CB802068E8609DF8002001A9281DFCF7F8FBE4
S3156001CB90002033B0F0BD7CB51400F1202568217901
S3156001CBA0032949DBA168012946D114F1E800009007
S3156001CBB014F1E4032079821ED2B214F1100114F14A
S3156001CBC00C00AE69B0470100C9B2002934D1696968
S3156001CBD0288A01E00831401E002803D00A68E3680C
S3156001CBE09A42F7D1002826D0087984F8D00001202E
S3156001CBF084F8D1000020C4F8D8000020C4F8DC0015
S3156001CC004879002805D002280ED008D303280BD016
S3156001CC100FE00FF23510C4F8D40000200CE00FF2DB
S3156001CC201D10C4F8D400F8E70FF22910C4F8D40037
S3156001CC30F3E7052001E0F120C0B276BDF0B5B3B0EF
S3156001CC4015002E6800272879002804D0A8680228D4
S3156001CC5001D3F12064E02879022800DBEF682879A6
S3156001CC60032808DB2879821ED2B215F110016846C5
S3156001CC70FCF76CFB13E000208DF800000FE015F166
S3156001CC80E80315F1E40269462000F769B847C0B2C6
S3156001CC9000281FD000208DF8000027687F1C002423
S3156001CCA0706900210BE00268974206D2002C03D01E
S3156001CCB0026823689A4200D204000830491C328A0D
S3156001CCC0914203D20268BA42EDD10400002CD6D15A
S3156001CCD0F12025E0207985F8D000012085F8D10082
S3156001CCE00020C5F8D8000020C5F8DC00607900286E
S3156001CCF005D002281BD015D3032818D01CE00FF2EB
S3156001CD004900C5F8D400022028710120A860206876
S3156001CD10E8609DF8002001A9281DFCF731FB002081
S3156001CD2033B0F0BD0FF21500C5F8D400EBE70FF292
S3156001CD302500C5F8D400E6E70520F1E7D0F8E40060
S3156001CD400860042070470000D0F8E4000860042001
S3156001CD507047000038B504000D00D4F8E820D4F817
S3156001CD60E41028000EF03EE9D4F8E80000B232BDC6
S3156001CD70DFF8B01908707047DFF8A80900787047C6
S3156001CD802DE9F84189B005000C0090461E00002788
S3156001CD906846DFF8981924220EF036E9B8F1060FD5
S3156001CDA027D1002C08D1FCF721FACC222C000100F6
S3156001CDB020000EF018E905E0CC22A8462100404685
S3156001CDC00EF010E92878801C32280FDA2878411C89
S3156001CDD029700021C0B215EB800041602878411CA2
S3156001CDE02970C0B215EB8000466018E05FF0FF372E
S3156001CDF015E0B8F1060F10D2242269462C1D2000D9
S3156001CE000EF0F0E8092028702878411C2970761CFC
S3156001CE10C0B215EB8000466001E07FF0050738007F
S3156001CE2040B20AB0BDE8F08170B504000800150093
S3156001CE301E006169002911D1002802D1FCF7D6F9DB
S3156001CE40FFE72060A560062D00D00026E66002F0AF
S3156001CE506EFE0A21B0FBF1F020610BE060690128EA
S3156001CE6008D1049C02F063FE0A21B0FBF1F0D4F80C
S3156001CE70D810086070BD2DE9FC4105000E00170051
S3156001CE809846002000204FF42072390089B236207E
S3156001CE90F6F743FF0400002C2ED03B009BB2002224
S3156001CEA0210068460FF03DFA6946280000F0B8FB9C
S3156001CEB0002802D07FF00F0022E032006946280088
S3156001CEC000F00EFA002802D07FF00F0018E0DFF8BC
S3156001CED06008816E491C81664168491C4160A223D4
S3156001CEE042462100DFF84C080068FFF78CFC05001C
S3156001CEF02000F7F7DCF801E05FF0FF35280040B26B
S3156001CF00BDE8F6812DE9F64FADF5237D070098461C
S3156001CF10AE9D0020002000205FF0000B00200190F4
S3156001CF202E005FF0000A35A8DFF80C184FF4DC72AA
S3156001CF300EF06AE86CA8359035A86D9001A86B90E3
S3156001CF406C95786901281FD1CC21002202AC2000A2
S3156001CF500EF0D0E84346A49AA39902A8FFF710FF02
S3156001CF608346584640B200280ED19DF8080080B22B
S3156001CF708000ADF8860203A8A290002D03D0D5F8F3
S3156001CF8004A06CA8686035AD5FF00009DFF89047D2
S3156001CF902EE07FF0030B28E02079002825D0002CB5
S3156001CFA023D02068002820D03A1D2100DFF88407AD
S3156001CFB00068FFF72DFC0028EBD000954346A49A44
S3156001CFC0A3993800FFF730FF2900380000F061F8B7
S3156001CFD0010089B2380000F029F92300020092B2FB
S3156001CFE029003800FFF747FF834619F10109083424
S3156001CFF0484680B2002803D1584640B20028CBD0BB
S3156001D0007869012803D1002E01D0C6F804A0DFF8A3
S3156001D0102C070168491C0160584640B20DF5257D13
S3156001D020BDE8F08F10B58CB00400002001A82C215A
S3156001D0300EF0AEE9DFF8F0160878069000208DF85C
S3156001D0402C000878002809D10020009000232200D6
S3156001D050DFF8EC1601A8FFF755FF0DE00878012807
S3156001D06008D10020009000232200002101A8FFF7CB
S3156001D07049FF01E07FF0050040B20CB010BD80B5FC
S3156001D080DFF8A0060078002802D00420FFF7CAFF67
S3156001D09001BD7FB505000C0000260EE001A9200048
S3156001D0A0FEF769FF002807D19DF8040056FA80F063
S3156001D0B0BDF806603618761C2468002CEED1EE8326
S3156001D0C06946E88B0EF00DFF9DF8000056FA80F078
S3156001D0D0401C80B204B070BD38B504000025002044
S3156001D0E0ADF8020000208DF800000DF10201206903
S3156001D0F00EF008FF6946BDF802000EF0F2FEBDF8BB
S3156001D100020045199DF8000055FA80F56D1C0DF178
S3156001D1100201E0680EF010FF6946BDF802000EF0EC
S3156001D120E0FEBDF8020045199DF8000055FA80F54C
S3156001D1306D1C0DF10201A0680EF0FEFE6946BDF898
S3156001D14002000EF0CEFEBDF8020045199DF8000002
S3156001D15055FA80F56D1C0420ADF802006946BDF8EC
S3156001D16002000EF0BEFEBDF8020045199DF80000F2
S3156001D17055FA80F56D1C0DF102022068017889B2BD
S3156001D1802068001D0EF0EFFE6946BDF802000EF044
S3156001D190A8FEBDF8020045199DF8000055FA80F019
S3156001D1A0401C80B232BD38B5040000250020ADF8C0
S3156001D1B0020000208DF800000DF10201DFF87C0508
S3156001D1C000680EF09FFE6946BDF802000EF089FE0A
S3156001D1D0BDF8020045199DF8000055FA80F56D1CF1
S3156001D1E00DF10201206A0EF08DFE6946BDF802005E
S3156001D1F00EF077FEBDF8020045199DF8000055FA5C
S3156001D20080F56D1C0DF10201606A0EF07BFE6946C8
S3156001D210BDF802000EF065FEBDF8020045199DF8E5
S3156001D220000055FA80F0401C80B232BDF8B50400AA
S3156001D2300D000020ADF8020000208DF80000606945
S3156001D240002804D12000FFF747FF451906E0606911
S3156001D250012803D12000FFF7A6FF451925836946FA
S3156001D260208B0EF03EFE9DF8000055FA80F56D1C90
S3156001D2704FF6FF76DFF8CC7438680EF00EE8B042F0
S3156001D28004D238680EF008E80600FFE7668369464F
S3156001D290608B0EF026FE9DF8000055FA80F0658BD6
S3156001D2A02D186D1C0DF1020160690EF045FE69468F
S3156001D2B0BDF802000EF015FEBDF8020045199DF895
S3156001D2C0000055FA80F56D1CA5836946A08B0EF0AA
S3156001D2D008FE9DF8000055FA80F0401C80B2F2BD50
S3156001D2E03EB50D00140030218DF8001000218DF837
S3156001D2F0011000218DF80210C08BADF8040069465B
S3156001D30028000EF0CFFC002803D07FF00F000CE060
S3156001D3102468002C08D021002800FEF7B3FE0028FF
S3156001D320F6D07FF00F0000E000203EBDE0B50200C0
S3156001D33008005169002913D1A4218DF8001000213C
S3156001D3408DF8011000218DF80210118BADF80410D3
S3156001D35069460EF0A7FC002834D07FF00F0032E05A
S3156001D3605169012917D192F82810012913D1A621F3
S3156001D3708DF8001000218DF8011000218DF8021042
S3156001D380118BADF8041069460EF08CFC002819D09B
S3156001D3907FF00F0017E05169012913D1A7218DF89C
S3156001D3A0001000218DF8011000218DF80210118BFB
S3156001D3B0ADF8041069460EF075FC002802D07FF0C6
S3156001D3C00F0000E000200EBD3EB504000D000620F2
S3156001D3D08DF8000000208DF8010000208DF8020014
S3156001D3E00020ADF8040001AA2068017889B220689E
S3156001D3F0001D0EF0B8FD694628000EF053FC0028AA
S3156001D40002D07FF00F0098E02068027892B220681F
S3156001D410011D28000EF010FD002802D07FF00F00DC
S3156001D4208BE040208DF8000000208DF8010000207F
S3156001D4308DF802000420ADF80400694628000EF05C
S3156001D44031FC002802D07FF00F0076E00422211D16
S3156001D45028000EF08FFC002802D07FF00F006CE0F0
S3156001D46002208DF8000000208DF8010000208DF863
S3156001D47002000020ADF8040001A9A0680EF05CFD71
S3156001D480694628000EF00EFC002802D07FF00F00DE
S3156001D49053E0A268BDF8041028000EF0ACFC002829
S3156001D4A002D07FF00F0048E002208DF800000020D6
S3156001D4B08DF8010000208DF802000020ADF804000F
S3156001D4C001A9E0680EF038FD694628000EF0EAFB16
S3156001D4D0002802D07FF00F002FE0E268BDF804104B
S3156001D4E028000EF088FC002802D07FF00F0024E0AF
S3156001D4F043208DF8000000208DF8010000208DF892
S3156001D50002000020ADF8040001A920690EF014FDA7
S3156001D510694628000EF0C6FB002802D07FF00F0096
S3156001D5200BE02269BDF8041028000EF064FC0028A7
S3156001D53002D07FF00F0000E000203EBD7CB5040004
S3156001D5400D0002208DF8000000208DF801000020FA
S3156001D5508DF802000020ADF80400784E01A930680C
S3156001D5600EF0EAFC694628000EF09CFB002802D00A
S3156001D5707FF00F0053E03268BDF8041028000EF00A
S3156001D5803AFC002802D07FF00F0048E002208DF8B7
S3156001D590000000208DF8010000208DF802000020B7
S3156001D5A0ADF8040001A9206A0EF0C6FC69462800A0
S3156001D5B00EF078FB002802D07FF00F002FE0226A80
S3156001D5C0BDF8041028000EF016FC002802D07FF08A
S3156001D5D00F0024E002208DF8000000208DF8010084
S3156001D5E000208DF802000020ADF8040001A9606AF0
S3156001D5F00EF0A2FC694628000EF054FB002802D00A
S3156001D6007FF00F000BE0626ABDF8041028000EF08F
S3156001D610F2FB002802D07FF00F0000E0002076BD0B
S3156001D6203EB504000D0030208DF8000000208DF815
S3156001D630010000208DF80200A08BADF80400694658
S3156001D64028000EF02FFB002802D07FF00F0065E066
S3156001D65002208DF8000000208DF8010000208DF871
S3156001D66002000020ADF8040001A960690EF064FCB7
S3156001D670694628000EF016FB002802D07FF00F00E5
S3156001D6804CE06269BDF8041028000EF0B4FB002876
S3156001D69002D07FF00F0041E004208DF800000020E9
S3156001D6A08DF8010000208DF80200608BADF8040052
S3156001D6B0694628000EF0F6FA002802D07FF00F00C6
S3156001D6C02CE0628B1F48016828000EF053FB00288E
S3156001D6D002D07FF00F0021E029002000FFF726FE2F
S3156001D6E0002802D07FF00F0018E06069002808D199
S3156001D6F029002000FFF768FE00280ED07FF00F009A
S3156001D7000CE06069012808D129002000FFF716FFA7
S3156001D710002802D07FF00F0000E000203EBD00002F
S3156001D72060670B1041750B1042750B10A00D03104D
S3156001D730B8660B105C670B10C40D031010D902108C
S3156001D7407C0F03100CD9021001607047002800D0CD
S3156001D750416070474068704714490968016000215B
S3156001D7604160704770B504000D00002604E014EBBB
S3156001D770C600FFF7F1FF761CAE42F8D370BD10B458
S3156001D780002300E05B1C8B4206D250F83340A24274
S3156001D790F8D110EBC30000E0002010BC704780B5E3
S3156001D7A0024A1268FFF7EBFF02BD00004810031042
S3156001D7B070B50400002C04D100200FF04EF80FF074
S3156001D7C010F802F0F5F90500207C002801D000264A
S3156001D7D00BE0E07B401CE0730126E07B002804D16E
S3156001D7E000200FF03AF80EF0FCFF280002F0E9F98C
S3156001D7F0300070BD10B50400002C04D100200FF07C
S3156001D8002CF80EF0EEFF207C002809D0E07B002882
S3156001D81004D100200FF021F80EF0E3FF00200BE0A9
S3156001D820E07B401CE073E07B002804D100200FF010
S3156001D83014F80EF0D6FF012010BDFEB504000025D8
S3156001D840002600200090002C04D100200FF005F87E
S3156001D8500EF0C7FF02F0ACF90700E07B002804D1A7
S3156001D86000200EF0FAFF0EF0BCFFE07B401EE07375
S3156001D870E07B00280ED1207C00280BD00120E073CC
S3156001D880267C16F0010601AB6A463100200000F0E5
S3156001D890B4F80500380002F094F9002D04D001AA0D
S3156001D8A00099300000F0D0F8F7BD202801D30020A0
S3156001D8B004E0DFF8142A142148431018704710B5A4
S3156001D8C0FFF7F3FF0400002C06D02000FFF770FF7E
S3156001D8D0002801D1002000E0200010BD10B5FFF73F
S3156001D8E0E4FF0400002C06D02000FFF783FF002828
S3156001D8F001D1002000E0200010BD80B5FFF7DFFFF9
S3156001D900002804D00168002902D1FFF796FF0020A4
S3156001D91002BD80B5FFF7F1FF002805D10920DFF8C8
S3156001D920581B08600020FFE702BD2DE9F0410500A4
S3156001D9300C00002605E002F044F901E002F041F92D
S3156001D940761C202E55DA02F033F91427DFF8788930
S3156001D95007FB06F158F801100029ECD107FB06F127
S3156001D96018EB0101C97B0029E8D1012107FB06F209
S3156001D97018EB0202D173002107FB06F218EB0202D3
S3156001D980117407FB06F148F8015002F01AF90020FC
S3156001D99007FB06F118EB0101486007FB06F018EB7F
S3156001D9A00000807B002804D000200EF056FF0EF0A8
S3156001D9B018FF002007FB06F118EB010108812878A2
S3156001D9C010F0F000102806D1002C01D0012000E0F3
S3156001D9D00020C0B200E0012007FB06F118EB01014F
S3156001D9E04881002007FB06F718EB070188813000A4
S3156001D9F001E05FF0FF30BDE8F081F8B505000C008D
S3156001DA0016001F00E87B002804D100200EF025FFD8
S3156001DA100EF0E7FEE87B401EE873E87B002809D03C
S3156001DA20002C01D0012000E0002050F00200287493
S3156001DA30002008E068683860002068602868306007
S3156001DA40002028600120F2BD10B50C001168002984
S3156001DA5008D0002803D01068F6F729FB02E01068A9
S3156001DA600EF0B2F8002C02D02000E3F79FFE10BD45
S3156001DA707CB504000D0002F09BF806006B4601AA16
S3156001DA8029002000FFF7B9FF0400300002F099F881
S3156001DA90002C04D06A4601992800FFF7D5FF73BDB3
S3156001DAA02DE9F84787B00E0014000021ADF8041087
S3156001DAB0FFF72FFF0500002D02D15FF0FF30D2E0A6
S3156001DAC069462868E3F7D1FE0700380040B20028AE
S3156001DAD028D02868007810F0F000102804D05F2064
S3156001DAE0DFF89419086017E038007FF00E0140B244
S3156001DAF0884204D11620DFF8801908600CE03800EE
S3156001DB0040B2EDF739FA002806D0380040B2EDF799
S3156001DB1033FADFF8641908602800FFF78EFE5FF0BC
S3156001DB20FF30A0E00098002804D100200EF095FE99
S3156001DB300EF057FE01210098FFF7F7FE804618F1B7
S3156001DB40010F0CD10098E3F731FE1720DFF8281991
S3156001DB5008602800FFF771FE5FF0FF3083E0B8F1DF
S3156001DB60200F04D300200EF078FE0EF03AFEDFF8A7
S3156001DB705807142101FB08F1471802F019F85FF004
S3156001DB80FF390099096AB9EB01090FFA89F9009918
S3156001DB90C1F8208002F015F80098406B002813D078
S3156001DBA0DFF884A9504601F097FF07E0B9F1010952
S3156001DBB0002200210098009B5B6B9847B9F1010F29
S3156001DBC0F4DA504601F092FF002E45D0002C43D086
S3156001DBD0002301AA02A90098E3F702FE814648469E
S3156001DBE040B2002816D001213800FFF741FF4846B0
S3156001DBF040B2EDF7C1F9002806D0484640B2EDF7CC
S3156001DC00BBF9DFF8741808602800FFF716FE5FF0AD
S3156001DC10FF3028E010208DF80C0002208DF80D00F1
S3156001DC20BDF804000DF060FEADF80E000298049098
S3156001DC30082100220DF1140948460DF05CEA9DF8B1
S3156001DC400C002168884202D29DF80C00206022688F
S3156001DC5003A930000DF0C6E92800FFF7EEFD380094
S3156001DC60FFF7EBFD404608B0BDE8F0877CB50D00D7
S3156001DC701600FFF74EFE0400002C02D15FF0FF3064
S3156001DC8042E0102E06D16878022803D115F0030010
S3156001DC90002812D07FF00F052800EDF76DF90028F6
S3156001DCA005D02800EDF768F9DFF8CC170860200089
S3156001DCB0FFF7C3FD5FF0FF3026E068680090688873
S3156001DCC00DF012FE020092B269462068E3F7A6FDE6
S3156001DCD00500280040B2002812D0280040B2EDF7B6
S3156001DCE04BF9002806D0280040B2EDF745F9DFF878
S3156001DCF0881708602000FFF7A0FD5FF0FF3003E0A2
S3156001DD002000FFF79AFD002076BD70B5050000265C
S3156001DD102800FFF7FEFD0400002C02D15FF0FF3002
S3156001DD2037E02068002809D02068007810F0F000FC
S3156001DD30102801D1012609E0002607E06068002865
S3156001DD4004D000200EF089FD0EF04BFD280001F095
S3156001DD5027FD2068E3F712FD0500280040B2002880
S3156001DD6012D0280040B2EDF707F9002806D0280046
S3156001DD7040B2EDF701F9DFF8001708602000FFF700
S3156001DD805CFD5FF0FF3004E031002000FFF770FEBC
S3156001DD90002070BD38B50D00FFF7BBFD0400002CF7
S3156001DDA002D15FF0FF3037E0012D01DB280000E092
S3156001DDB00020FF2803DA012D02DA002500E0FF25A5
S3156001DDC02900C9B22068E3F740FD0500280040B28A
S3156001DDD000281DD02068007810F0F000102804D0CB
S3156001DDE05F20DFF8941608600CE0280040B2EDF77A
S3156001DDF0C3F8002806D0280040B2EDF7BDF8DFF879
S3156001DE00781608602000FFF718FD5FF0FF3003E029
S3156001DE102000FFF712FD002032BD2DE9FC47884640
S3156001DE20994608250026B2F1004F01D2170001E09C
S3156001DE307FF000470400002C04D100200EF00DFD98
S3156001DE400EF0CFFC2068007810F0F000102804D0A6
S3156001DE5000200EF002FD0EF0C4FC5FEA097001D5E8
S3156001DE6055F004056068002802D06068009014E0EF
S3156001DE702A00D2B269462068E3F7CFFE8246504651
S3156001DE8040B2002851D10098002804D100200EF03C
S3156001DE90E4FC0EF0A6FC0098606000980089B84228
S3156001DEA069DA0098B0F808A016FA8AF0B04203DA87
S3156001DEB04FF6FF7ABAEB060A0023524692B218EB86
S3156001DEC006010098F6F70CFA16FA8AF6504680B201
S3156001DED0874204DA00200EF0C0FC0EF082FC504648
S3156001DEE080B23F1A5FEAC97017D40098008951461B
S3156001DEF089B2884204D200200EF0AFFC0EF071FCAC
S3156001DF0000980189504680B2091A012935DB5146CC
S3156001DF1089B20098F6F7ABF8606055F01405012FE9
S3156001DF2005DB5FEAC9709DD501E0012E0BDB012E91
S3156001DF3006DB5FEAC97003D431002068E3F7EFFDC1
S3156001DF403000BDE8F687504640B2EDF715F8002877
S3156001DF5006D0504640B2EDF70FF8DFF81C150860A1
S3156001DF607FF00E004FFA8AFA824501D10020E8E778
S3156001DF705FF0FF30E5E7BA4696E7002060600098FB
S3156001DF80F6F795F8C9E72DE9FF410C0090461D00AB
S3156001DF900027002C04D100200EF05FFC0EF021FC5E
S3156001DFA0002D04D100200EF058FC0EF01AFC0A9EDA
S3156001DFB0002E04D100200EF050FC0EF012FC102051
S3156001DFC08DF8000002208DF80100404680B20DF008
S3156001DFD08BFCADF80200206801900821002202AC9A
S3156001DFE020000DF088E830689DF80010884201D263
S3156001DFF0012707E09DF800003168884202D29DF84A
S3156001E000000030603268694628000CF0ECEF380099
S3156001E01004B0BDE8F0817FB506000C001500002E46
S3156001E02001D1002017E0002C14D0002D12D000235E
S3156001E03001AA02A93068E3F7D3FB002C0AD0002DB0
S3156001E04008D000952300BDF8042002A93068FFF7C7
S3156001E0509AFF00E0002004B070BD2DE9FE4F160066
S3156001E0601F00B268002A05D1F268012A02DB7FF03F
S3156001E0700F00A4E00D00290701D5042200E000226B
S3156001E0800400606801900198002814D1D2B201A9F8
S3156001E0902068E3F7D1FD010049B2002901D040B201
S3156001E0A08DE00198002804D100200EF0D6FB0EF019
S3156001E0B098FB0198606001980068B0F808805FF08D
S3156001E0C0000A5FF0000B1FE0B06810EBCB00D0F8E0
S3156001E0D0049009E0B8EB0A09484680B2B16811EBD1
S3156001E0E0CB0149688842EFD253469BB24A4692B207
S3156001E0F0B06850F83B1001980068F6F7F1F819EB33
S3156001E1000A09CA461BF1010BF068834505DA5046D8
S3156001E110414680B289B28842DCD33068002813D088
S3156001E1207068002810D0306800280DD0706800280B
S3156001E1300AD0301D0090336801988289019810F1E8
S3156001E14008012068FFF71FFF0020B06130690028D1
S3156001E15029D000200199897BC9071FD571691429C6
S3156001E16018D370690C2801D3306900E0002010F1E2
S3156001E1700C0100224260082282601422026001982A
S3156001E1800068C07B0860019840694860142070612E
S3156001E190012003E0B16951F00801B161C0B2002804
S3156001E1A001D100207061E80704D400206060019805
S3156001E1B00DF00AFD002F01D0A7F800800020BDE810
S3156001E1C0FE8F2DE9F8478BB006000F009246984600
S3156001E1D03000FFF79EFB0500002D02D15FF0FF3096
S3156001E1E06FE0DDF85090159C2868007810F0F0001B
S3156001E1F0102814D14346524639002800FFF70DFE18
S3156001E200070001970096DFF880352200494628000D
S3156001E210FFF701FF2800FFF710FB380051E00020EF
S3156001E220ADF804000297CDF80CA0002008900020FC
S3156001E230099000200A9002A8069001200790CDF867
S3156001E2401090002C01D0206800E000200590009617
S3156001E25001AB04AA41462800FFF7FFFE0600300025
S3156001E26040B2002811D0300040B2ECF785FE00289C
S3156001E27005D0300040B2ECF77FFE7F490860280088
S3156001E280FFF7DBFA5FF0FF301BE0BDF80400824563
S3156001E29001D2504601E0BDF804007FF0004188429A
S3156001E2A006D2BDF80400824503D3BDF804A000E0A0
S3156001E2B08A46002C01D0059820602800FFF7BDFA38
S3156001E2C050460CB0BDE8F087E8680B101CB5002419
S3156001E2D0019400240094FFF774FF16BD2DE9FE43F7
S3156001E2E007000C00002C02D17FF00F00C1E0160080
S3156001E2F036F00900002805D05F205F4908605FF0AD
S3156001E300FF30B6E0E068401E4FF6FF71884205D3E4
S3156001E3105A20594908605FF0FF30AAE03800FFF7DC
S3156001E320F8FA0500002D02D15FF0FF30A1E05FF041
S3156001E3300008002106E0A06810EBC100406810EB00
S3156001E3400808491CE06881422EDAA06850F831005D
S3156001E350002817D0A06810EBC1004068012811DBC6
S3156001E360A06810EBC1004068A26812EBC102526856
S3156001E370904207D1A06810EBC100406810EB08001D
S3156001E3800128D8DA7FF005042000ECF7F5FD0028B6
S3156001E39004D02000ECF7F0FD374908602800FFF74C
S3156001E3A04CFA5FF0FF3064E02868007810F0F00006
S3156001E3B0102830D1B1460020A0615FF00008002727
S3156001E3C002E059F008097F1CE06887421CDA4B4677
S3156001E3D0A06810EBC7004268A06850F837102800A3
S3156001E3E0FFF71BFD012801DB10EB0808002807D4A5
S3156001E3F0A16811EBC7014968884201DBF107E0D5E5
S3156001E400B8F1010F00DA8046B8F1010F2800FFF775
S3156001E41014FA40462DE00020ADF80400009701ABE8
S3156001E420220031002800FFF718FE0600300040B2D6
S3156001E430002811D0300040B2ECF79EFD002805D0CF
S3156001E440300040B2ECF798FD0B4908602800FFF7F1
S3156001E450F4F95FF0FF300CE0BDF80400804503DAA3
S3156001E460A06950F00400A0612800FFF7E6F9BDF845
S3156001E4700400BDE8FE83000038660B102DE9FF41FC
S3156001E48007000D00160098463800FFF742FA0400AF
S3156001E490002C02D15FF0FF3043E02068007810F075
S3156001E4A0F00010280DD02000FFF7C7F90020019079
S3156001E4B000200090434632002900380000F036F80B
S3156001E4C02FE04046001110F001005FEAE80818F0FD
S3156001E4D001085FEA880353EA400353F00103002011
S3156001E4E0029002A80090DBB2320029002068E3F7AF
S3156001E4F01CFC0500280040B2ECF73EFD002806D062
S3156001E500280040B2ECF738FDDFF8E8180860200013
S3156001E510FFF793F96DB2002D01D1029801E05FF02A
S3156001E520FF3004B0BDE8F081E86E0B102DE9F041D3
S3156001E53086B007000D00160098463800FFF7E9F926
S3156001E5400400002C02D15FF0FF307CE02068007887
S3156001E55010F0F000102809D12000FFF76EF943464C
S3156001E560320029003800FFF789FF6CE0B6F5803F7D
S3156001E57009D35A20DFF87C1808602000FFF75DF99F
S3156001E5805FF0FF305FE00C980D99002801D10029FA
S3156001E5901DD0102908D1002806D04178022903D15F
S3156001E5A010F00301002912D07FF00F052800ECF767
S3156001E5B0E3FC002805D02800ECF7DEFCDFF8341810
S3156001E5C008602000FFF739F95FF0FF303BE000217A
S3156001E5D0019101990091002805D041680291408816
S3156001E5E00DF082F902E0002000210291ADF80C00E5
S3156001E5F0320092B2290068460DF008FB050028003A
S3156001E60040B2002804D169462068E3F77EFB050025
S3156001E61068460DF0ECFA280040B2ECF7ADFC002834
S3156001E62006D0280040B2ECF7A7FCDFF8C8170860EF
S3156001E6302000FFF702F96DB2002D01D1B6B201E0FB
S3156001E6405FF0FF36300006B0BDE8F08138B51000E6
S3156001E65001292AD031D3032901D011D32DE00FF23C
S3156001E660E5720100C9B24020E3F73CF80400002CD2
S3156001E6702AD16920DFF87C1708605FF0FF303FE040
S3156001E680882801D1212000E020200FF2B9720021F3
S3156001E690C0B2E3F727F80400002C05D094F82C00EB
S3156001E6A010F0BF0084F82C00E1E70FF299720021A7
S3156001E6B01020E3F717F80400D9E71620DFF83417BE
S3156001E6C008605FF0FF301BE000212000FFF72DF9A5
S3156001E6D0050015F1010F09D12000E3F767F817204E
S3156001E6E0DFF8101708605FF0FF3009E02562DFF898
S3156001E6F03409142101FB05F14018FFF79EF8280043
S3156001E70032BD38B50400DFF82059280001F0E4F97C
S3156001E710DFF81819086820600868002801D00868C1
S3156001E72044600C60280001F0E1F931BD70B5040068
S3156001E730DFF8F458280001F0CFF92068002802D0EC
S3156001E740606821684860DFF8E4683068A0420AD1F1
S3156001E7506068002804D000200EF07FF80EF041F8C2
S3156001E760206830600AE06068002804D100200EF05D
S3156001E77074F80EF036F8206861680860280001F0C8
S3156001E780B5F970BD000000004C1003102DE9FF4F74
S3156001E79083B000270421002202AC20000CF0AAEC11
S3156001E7A00421002201AC20000CF0A4EC042100221B
S3156001E7B06C4620000CF09EEC002647E00020002805
S3156001E7C058D1059800280FD0202E0AD2082096FB32
S3156001E7D0F0F005990A5C012016F0070188401040A7
S3156001E7E000E00020002845D1069800280FD0202E91
S3156001E7F00AD2082096FBF0F006990A5C012016F011
S3156001E80007018840104000E00020002832D11CE05A
S3156001E8100020002816D01FFA88F8B8F1000F11D031
S3156001E820202E0ED2082096FBF0F16A46082096FB50
S3156001E830F0F06B461B5C012516F0070085402B4303
S3156001E84053547F1C2000FEF7F8FF761C039886421E
S3156001E85080F2918004980028B3D0202EAED2082091
S3156001E86096FBF0F004990A5C012016F007018840D6
S3156001E8701040A4E701F09CF983463000FFF72EF8BB
S3156001E8800400002C71D06568B4F908A0B4F80A9048
S3156001E890B4F80C80584601F094F90498002828D001
S3156001E8A0202E0AD2082096FBF0F004990A5C01201A
S3156001E8B016F007018840104000E00020002818D0BB
S3156001E8C0002D04D10FFA8AFABAF1010F11DB202E5D
S3156001E8D00ED2082096FBF0F102AA082096FBF0F012
S3156001E8E002AB1B5C012516F0070085402B43535490
S3156001E8F07F1C0598002826D0202E0AD2082096FB78
S3156001E900F0F005990A5C012016F007018840104075
S3156001E91000E00020002816D01FFA89F9B9F1000F2E
S3156001E92011D0202E0ED2082096FBF0F101AA082004
S3156001E93096FBF0F001AB1B5C012516F007008540E4
S3156001E9402B4353547F1C069800283FF47BAF202E3F
S3156001E950BFF45EAF082096FBF0F006990A5C0120D1
S3156001E96016F007018840104053E7584601F029F92F
S3156001E9705FF0FF3010E0129A11991098029B0360C4
S3156001E9800198086000981060002F04D500200DF0F2
S3156001E99064FF0DF026FF380007B0BDE8F08F2DE962
S3156001E9A0F04105000C001600002C3CD000272CE03D
S3156001E9B000200DE00020002826D0202FF8D2082064
S3156001E9C097FBF0F0325C012017F007018840104098
S3156001E9D0002819D101F0ECF880463800FEF77EFF79
S3156001E9E000280ED0202F0CD2082097FBF0F10820CA
S3156001E9F097FBF0F0325C012317F0070083401A435E
S3156001EA007254404601F0DDF87F1CAF420BDA202FCD
S3156001EA10D0D2082097FBF0F0225C012017F00701A5
S3156001EA2088401040C7E7BDE8F0812DE9F84304004E
S3156001EA300D0016001F00DDF8208004210022C1466A
S3156001EA4048460CF058EB424629002000FFF7A7FF25
S3156001EA50424631002000FFF7A2FF424639002000FE
S3156001EA60FFF79DFFBDE8F183F8B505000E000027AD
S3156001EA701FE000200AE0202FFBD2082097FBF0F070
S3156001EA80325C012017F007018840104000280FD042
S3156001EA903800FEF70AFF0400002C04D100200DF0B7
S3156001EAA0DCFE0DF09EFE002C02D02000FEF7C5FEB6
S3156001EAB07F1CAF42DFDBF1BD2DE9F84F94B0804694
S3156001EAC05FF000090027B8F1210F06D31620DFF8A1
S3156001EAD0281308605FF0FF3089E103930492059182
S3156001EAE006A80090039B049A05994046FFF79DFF8F
S3156001EAF007A8029008A8019009A80090039B049AB0
S3156001EB0005994046FFF742FE0600002E0AD5092008
S3156001EB10DFF8E412086006A94046FFF7A5FF5FF03B
S3156001EB20FF3064E1012E80F24B811E9C002C06D0E1
S3156001EB302068002803D16068002800F04181242103
S3156001EB4000220BAD28000CF0D6EA05980D900498CA
S3156001EB500E9003980F9001F003F813900BA8FFF73E
S3156001EB60D0FDCDF828805FF0000A25E0002035E071
S3156001EB70002045E0002055E0A87B401EA8735FF0A9
S3156001EB80FF36CDF828A0584601F01BF82800FEF79D
S3156001EB9054FE1020DFF86012086059E0A87B401C23
S3156001EBA0A873A87B0028E7D0584601F00AF8280028
S3156001EBB0FEF743FE1AF1010AC24549DA05980028B3
S3156001EBC00ED0BAF1200FD1D208209AFBF0F0059948
S3156001EBD00A5C01201AF0070188401040002823D101
S3156001EBE0049800280ED0BAF1200FC1D208209AFBF2
S3156001EBF0F0F004990A5C01201AF007018840104080
S3156001EC00002811D103980028D4D0BAF1200FB1D2CF
S3156001EC1008209AFBF0F003990A5C01201AF00701BB
S3156001EC20884010400028C5D000F0C2FF8346504698
S3156001EC30FEF754FE0500002DB0D15FF0FF36CDF82A
S3156001EC4028A0584600F0BDFF0920DFF8AC11086026
S3156001EC50002E27D407A8029008A8019009A8009061
S3156001EC60039B049A05994046FFF790FD0600002E26
S3156001EC7018D1002C01D100210FE020684FF47A727F
S3156001EC80616811F5FA714FF47A7391FBF3F102FB46
S3156001EC900011012901DA0121FFE7139800F0D0FE86
S3156001ECA08146012700252AE0504600F08AFF5FF081
S3156001ECB0FF360920DFF8401108601FE000200028B8
S3156001ECC01CD000F075FF82462800FEF707FE04009F
S3156001ECD0002CE9D0A07B002804D100200DF0BDFDF9
S3156001ECE00DF07FFDA07B002802D0A07B401EA073A3
S3156001ECF0504600F066FF2000FEF79FFD6D1C0A98E6
S3156001ED00854235DA059800280FD0202D0AD20820D1
S3156001ED1095FBF0F005990A5C012015F00701884022
S3156001ED20104000E000200028CBD1049800280FD0C5
S3156001ED30202D0AD2082095FBF0F004990A5C012087
S3156001ED4015F007018840104000E000200028B8D186
S3156001ED5003980028D2D0202DB0D2082095FBF0F080
S3156001ED6003990A5C012015F0070188401040A6E767
S3156001ED700BA8FFF7DBFC1298002808D0002F02D001
S3156001ED8019F1010F03D10121139800F059FE002EEC
S3156001ED9006D506A94046FFF767FE5FF0FF3026E01D
S3156001EDA019F1010F0CD007A8029008A8019009A8D3
S3156001EDB00090039B049A05994046FFF7E7FC06001D
S3156001EDC006A94046FFF750FE0598002802D009982B
S3156001EDD0059908600498002802D00898049908608B
S3156001EDE00398002802D0079803990860300015B08F
S3156001EDF0BDE8F08F38660B1038660B10F0B404006E
S3156001EE000498002507E0002B02D03679B60712D4A4
S3156001EE10002812D16D1CA669B54210D2666916EB3F
S3156001EE20C50637688F42F5D1002AECD03779FF07DE
S3156001EE30E9D5012004E0012002E0012000E0002084
S3156001EE40F0BC70472DE9F84304008846002C3CD09D
S3156001EE50266A002E12D500F0ABFE216A00290AD57A
S3156001EE605FFA88F8B8F1000F02D1216A491E216262
S3156001EE7000F0A7FE67E0266A00F0A3FE3000FEF709
S3156001EE8048FD0500002D5ED0012400F091FE0700CB
S3156001EE905FFA88F8B8F1000F18D0B8F1020F23D0E5
S3156001EEA01DD3B8F1040F2AD025D300200DF0D5FC6F
S3156001EEB00DF097FCA87B00283FD0002C3DD0B5F91A
S3156001EEC0080001281EDB01241DE03CE02889401C66
S3156001EED02881B5F90800022800DB0024EAE72889C1
S3156001EEE0401E28810024E5E76889002800D00024B7
S3156001EEF001206881DEE7002068810024DAE70120CD
S3156001EF00A881D7E700246889002802D05FF001084C
S3156001EF1001E05FF00008A889002802D05FF00109CE
S3156001EF2001E05FF00009380000F04BFE4B464246B7
S3156001EF302100300000F009F802E0380000F041FEDF
S3156001EF402800FEF77AFCBDE8F1832DE9FC41804695
S3156001EF500C0015001E003548076824E0002117E003
S3156001EF600021002900D00120002E14D0002812D1E2
S3156001EF70396900290FD0B8F1200FEFD2082198FB2B
S3156001EF80F1F13A69535C012118F007029140194089
S3156001EF90002900D00120002804D00120F861386AD8
S3156001EFA000F0ACFD3F68002F3AD0F8690028F9D12E
S3156001EFB000207969002907D000962B00220041467E
S3156001EFC03800FFF71BFFE6E7002C14D0B96800296B
S3156001EFD011D0B8F1200F0AD2082198FBF1F1BA6875
S3156001EFE0535C012118F007029140194000E00021AD
S3156001EFF0002900D00120002DB6D00028B4D1F968CF
S3156001F0000029B1D0B8F1200FAAD2082198FBF1F1FD
S3156001F010FA68535C012118F0070291401940A0E794
S3156001F020BDE8F381E8680B10E86E0B10686B0B1096
S3156001F030F8B586B00D0016001F00FEF76AFC0400E5
S3156001F040002C02D15FF0FF3043E03B00DBB26A4641
S3156001F05001A92068E2F7C4FB0700380040B2002826
S3156001F06012D0380040B2EBF787FF002806D038008F
S3156001F07040B2EBF781FFDFF8081108602000FEF768
S3156001F080DCFB5FF0FF3024E010208DF808000220E1
S3156001F0908DF80900BDF800000CF026FCADF80A00F9
S3156001F0A0019803900821002204AF38000CF022E891
S3156001F0B09DF808003168884202D29DF808003060E8
S3156001F0C0326802A928000BF08EEF2000FEF7B5FB2F
S3156001F0D0002007B0F0BD80B50023FFF7A9FF02BD90
S3156001F0E080B5042807D0082803D0202805D1202020
S3156001F0F009E0082007E0042005E000200DF0ADFBE3
S3156001F1000DF06FFB002002BD2DE9F843070088462C
S3156001F11091461C0000203800FEF7FBFB0500002D20
S3156001F12002D15FF0FF3028E0002C08D10E2014498F
S3156001F13008602800FEF781FB5FF0FF301DE0DFF815
S3156001F140A865300000F0C8FC0898009023004A4684
S3156001F1504146380000F016F80400300000F0C6FCA5
S3156001F160002C01D0064804602800FEF766FB002CDF
S3156001F17002D05FF0FF3000E00020BDE8F2830000BE
S3156001F18038660B102DE9FC4781468A4690461E007B
S3156001F19000274846FEF7B1FB0500002D01D1092085
S3156001F1A0A0E20A9CBAF1000F00F00D81BAF1060FD8
S3156001F1B000F04482BAF1FF0F00F08D8240F6FF70D5
S3156001F1C0824540F08A824046001F10D0001F0ED053
S3156001F1D018380CD040F6E571401A41D0401E62D015
S3156001F1E0001F00F08380401E00F0B380E9E0B8F1B3
S3156001F1F0200F0AD12868007810F0F000202804D08A
S3156001F2002800FEF71AFB5C206CE24046FFF768FFB8
S3156001F2100100042C04D22800FEF70FFB162061E2E0
S3156001F2202868002803D028684068002804D128008F
S3156001F230FEF703FB162055E23068002807D02868E0
S3156001F2404068407A014328684068417207E028684F
S3156001F2504068407A30EA0101286840684172B1E04D
S3156001F260082C04D22800FEF7E8FA16203AE228684C
S3156001F270002804D12800FEF7E0FA162032E2306851
S3156001F2804FF47A7172684FF47A7392FBF3F201FB71
S3156001F2900022002A04D52800FEF7CFFA162021E2C3
S3156001F2A0286842628EE0082C04D22800FEF7C5FA6F
S3156001F2B0162017E22868002804D12800FEF7BDFA57
S3156001F2C016200FE230684FF47A7172684FF47A73E0
S3156001F2D092FBF3F201FB0022002A04D52800FEF717
S3156001F2E0ACFA1620FEE1286882626BE0042C04D237
S3156001F2F02800FEF7A2FA1620F4E12868002803D058
S3156001F30028684068002804D12800FEF796FA16207E
S3156001F310E8E12868007810F0F000202804D0280081
S3156001F320FEF78BFA5C20DDE13068002808D028689A
S3156001F3304068007C50F0010029684968087407E05C
S3156001F34028684068007C10F0FE00296849680874E6
S3156001F35038E00021062C04D22800FEF76EFA16204A
S3156001F360C0E12868002804D12800FEF766FA162055
S3156001F370B8E1307800280AD03000F3F778FD010053
S3156001F380002904D12800FEF758FA1320AAE128685B
S3156001F390007810F0F000C0B2102802D0202805D005
S3156001F3A009E02868406801F0F2FD09E028684068D4
S3156001F3B006F088FD04E000200DF04FFA0DF011FA19
S3156001F3C000E05C278AE1B8F1010F2DD0C0F03481ED
S3156001F3D0B8F1030F00F0EC800ED3B8F1050F6ED0D3
S3156001F3E0C0F0E680B8F1070F00F0AF80C0F08A8008
S3156001F3F0B8F1080F30D01FE1042C04D22800FEF7C3
S3156001F4001CFA16206EE12868002803D02868406837
S3156001F410002804D12800FEF710FA162062E1306850
S3156001F42029684968C87208E1042C04D22800FEF7ED
S3156001F43004FA162056E12868002803D02868406837
S3156001F440002804D12800FEF7F8F916204AE1306851
S3156001F450296849688872F0E0042C04D22800FEF716
S3156001F460ECF916203EE12868002803D02868406838
S3156001F470002804D12800FEF7E0F9162032E1286859
S3156001F480007810F0F000202804D02800FEF7D5F9A6
S3156001F4905C2027E13068002808D0286890F82C00A5
S3156001F4A050F04000296881F82C0007E0286890F840
S3156001F4B02C0010F0BF00296881F82C00BDE0002CFB
S3156001F4C004D12800FEF7B9F916200BE12868002857
S3156001F4D003D028684068002804D12800FEF7ADF9FA
S3156001F4E01620FFE02868007810F0F000202804D08C
S3156001F4F02800FEF7A2F95C20F4E0307829684968B3
S3156001F50048779AE0042C04D22800FEF796F9162073
S3156001F510E8E02868002803D028684068002804D1FC
S3156001F5202800FEF78AF91620DCE02868007810F0DA
S3156001F530F000202804D02800FEF77FF95C20D1E096
S3156001F540306829684968886177E0002C04D1280011
S3156001F550FEF773F91620C5E02868002803D02868ED
S3156001F5604068002804D12800FEF767F91620B9E043
S3156001F5702868007810F0F000202804D02800FEF7F3
S3156001F5805CF95C20AEE03078002808D028684068D5
S3156001F590007C50F0080029684968087407E028680B
S3156001F5A04068007C10F0F70029684968087444E0F7
S3156001F5B0082C04D22800FEF740F9162092E028684C
S3156001F5C0002803D028684068002804D12800FEF787
S3156001F5D034F9162086E02868007810F0F0002028BB
S3156001F5E004D02800FEF729F95C207BE07068019061
S3156001F5F030680090B8F1030F0FD16A4601A94846F9
S3156001F60000F074F8002802D10C2700240FE0694647
S3156001F61001A8EDF79EF8040009E0694601A8EDF737
S3156001F62018F904006A4601A9484600F088F864B2F0
S3156001F630002C00D0632700E05C274FE0042C04D245
S3156001F6402800FEF7FAF816204CE02868002803D057
S3156001F65028684068002804D12800FEF7EEF81620D5
S3156001F66040E02868007810F0F000102804D02800E7
S3156001F670FEF7E3F85C2035E028684068007D0128E4
S3156001F68004D12800FEF7D9F816202BE0B8F1010F56
S3156001F69003D0B8F1020F16D01BE03068002808D0FD
S3156001F6A028684068408B50F0400029684968488363
S3156001F6B008E028684068418B4FF6BF7001402868B2
S3156001F6C04068418306E0306829684968C1F8A4004A
S3156001F6D000E05C2702E05C2700E05C272800FEF77B
S3156001F6E0ACF83800BDE8F687E86E0B1070B50C0013
S3156001F6F01500FEF70EF9002801D100201EE0002258
S3156001F70000E0521C202A16DA0C23404E03FB02F15C
S3156001F71071580029F5D103FB02F17050216803FB92
S3156001F72002F43419616029685A43B2189160FEF790
S3156001F73084F8012002E0FEF780F8002070BDF8B57C
S3156001F7400C001500FEF7E5F8002828D0002100E03E
S3156001F750491C202921DA0C222C4B02FB01F69E5909
S3156001F7608642F5D102FB01F69E1976682768BE428C
S3156001F770EED102FB01F69E19B6682F68BE42E7D14B
S3156001F780002402FB01F55C51002402FB01F55D19C1
S3156001F7906C600024514359188C60FEF74EF8F1BD38
S3156001F7A03EB5FEF7B6F80400002C2CD0002525E006
S3156001F7B00C20164900FB05F28A58A2421DD100FBB6
S3156001F7C005F28A189268019200FB05F28A1852685E
S3156001F7D00092002200FB05F3CA50002200FB05F3EC
S3156001F7E0CB185A60002200FB05F0081882600123DD
S3156001F7F06A4601A92068E2F744FB6D1C202DD7DB20
S3156001F8002000FEF71AF837BD0000000068670B108C
S3156001F81070470000F8B5060008005FF0FF37002268
S3156001F8200421F5F7EFFA04002000002815D0002026
S3156001F8300500C6E900450027DFF89803B0F82011F6
S3156001F840491CA0F82011B0F82211B0F8202191428C
S3156001F85003D2B0F82011A0F82211380040B2F2BDEF
S3156001F86070B50400002C25D02068F5F791FD0028BD
S3156001F87000D000BE002806D0DFF85803B0F8241186
S3156001F880491CA0F82411DFF84C03B0F82011491E79
S3156001F890A0F82011F5F71CF826686568002020603D
S3156001F8A0F5F728F8002D02D0280000F027FC30007B
S3156001F8B0F5F77AFD70BD03B581B000210091DFF8DF
S3156001F8C018130968002906D000236A4602A9006850
S3156001F8D0F5F77AFB05E00023002202A90068F5F737
S3156001F8E0EDFA40B2012801D1002008E05FF0FF3057
S3156001F8F0DFF8E012B1F82421521CA1F8242140B2AC
S3156001F9000EBD00002DE9FC4105000E0017005FF0F9
S3156001F910FF38002D3ED0F4F7DBFF2C6800F074FE53
S3156001F920002C06D0002804D06968002901D16860DE
S3156001F93000E00024F4F7DEFF002C2BD0002E00D16E
S3156001F9406E46002F13D0A4480068002800D000BE80
S3156001F9500120B7FBF0F231002000F5F7BFFB01286B
S3156001F96002D15FF0010813E00020306010E0002052
S3156001F97006E05FF0FF3231002000F5F7AFFB2C683F
S3156001F980002C01D00128F4D1012801D15FF00108D2
S3156001F990002068604046BDE8F681E0B5002200922D
S3156001F9A0002900D101A98C4A1268002A04D06A464E
S3156001F9B00068F5F7ADFC03E000220068F5F78EFB01
S3156001F9C0012801D1002001E05FF0FF300EBD70B566
S3156001F9D004000D005FF0FF36032200210120F5F7D8
S3156001F9E011FA20602068002805D00023002200213A
S3156001F9F02068F5F763FA2068002818D0EDB2002D6B
S3156001FA0003D101212068F5F7E7FB00267148B0F8BC
S3156001FA101411491CA0F81411B0F81611B0F814218C
S3156001FA20914203D2B0F81411A0F8161105E06948A5
S3156001FA30B0F81811491CA0F81811300040B270BD19
S3156001FA4070B506000C0000F055FB0500002C0ED0C9
S3156001FA500120B4FBF0F13068F5F7BEFB012803D154
S3156001FA6000F048FB451B0FE05FF0FF350CE05FF0EF
S3156001FA70FF313068F5F7B0FB0128F8D100F03AFBA9
S3156001FA80451B002D00D10125280070BD38B5050044
S3156001FA905FF0FF340120F5F7F0F928602868002847
S3156001FAA011D000244B48B0F81A11491CA0F81A115C
S3156001FAB0B0F81C11B0F81A21914203D2B0F81A11AC
S3156001FAC0A0F81C1105E04348B0F81E11491CA0F8C6
S3156001FAD01E11200040B232BD10B504005FF0FF3147
S3156001FAE02068F5F779FB0128F8D110BD80B50023B0
S3156001FAF0002200210068F5F7E1F901BD80B500211A
S3156001FB00009135490968002904D069460068F5F70E
S3156001FB10A7FA05E00023002200210068F5F7CEF977
S3156001FB2001BD80B50CF0B6FE0CF01EFF01BD80B5BF
S3156001FB3000F0E0FA02BD1FB50C00190002AB01939B
S3156001FB40069B009313000A000100200000F073F881
S3156001FB50012801D1029800E0002004B010BD000028
S3156001FB6038B500F051FD0500002D00D100BE002121
S3156001FB70280000F0BFFC0400002C17D10420F2F726
S3156001FB807DFC0400002C00D100BE00212000FFF79F
S3156001FB901EFF40B2002800D000BE2068002800D1B8
S3156001FBA000BE22000021280000F092FC200032BD38
S3156001FBB080B509480068002801D1F4F789FE012063
S3156001FBC002BD80B504480068002801D1F4F792FEB1
S3156001FBD001BD00006C6B0B10546D0B1078B585B0D0
S3156001FBE005000B98002800D100BE0C9C002C00D1AA
S3156001FBF000BE68260096009E682E00D000BE009E5C
S3156001FC00002C13D0002811D02063022084F86500EF
S3156001FC1000200390029404A801900A98009028009D
S3156001FC2000F040F8200000F097F801E00020049011
S3156001FC30049806B070BD2DE9F84384B006000F0044
S3156001FC40904699465FEA8800ECF738F90500002D81
S3156001FC500BD06820ECF732F90400002C01D0256343
S3156001FC6004E02800ECF7A2F900E00024002C14D08F
S3156001FC70002084F865000020039002940D9801909D
S3156001FC800C9800904B4642463900300000F00AF865
S3156001FC90200000F061F8012001E05FF0FF3005B05F
S3156001FCA0BDE8F0832DE9F04105001E00089F386B21
S3156001FCB010EB8200B0F104085FEAD8085FEAC80871
S3156001FCC018F00700002800D000BE00290FD00022DE
S3156001FCD000E0521C102A06D2885CBB1883F83400F7
S3156001FCE0885C0028F5D1002087F8430002E00020F7
S3156001FCF087F83400069C082C00D30724FC627C64D8
S3156001FD000020B864381D0BF00FFF17F118000BF0D7
S3156001FD100BFF3F61D4F10804BC617F62002004E0FF
S3156001FD20002117EB8002D164401C0528F8D3079C9B
S3156001FD3000203866002087F86400002087F8660096
S3156001FD40320029004046F4F722FD3860002C00D0CD
S3156001FD502760BDE8F081000038B50400F4F7B8FD0E
S3156001FD60DFF8BC160868401C0860DFF8345728685D
S3156001FD70002806D12C60086801280DD100F0CCFB63
S3156001FD800AE0DFF8E8070068002805D1E06A29681B
S3156001FD90C96A884200D32C60DFF82C070168491CC8
S3156001FDA00160DFF828070168E26A914201D2E16ADF
S3156001FDB00160211DDFF83827E36A14204343D01818
S3156001FDC00BF0B5FEF4F796FDDFF8A0070068002892
S3156001FDD005D02868C06AE16A884200D200DF31BD79
S3156001FDE010B504000020002C0DD0DFF8D0080068A3
S3156001FDF0002800D000BE00F015F90021200000F0B7
S3156001FE00CFFD00F015F9002800D100DF10BD00001C
S3156001FE10F8B50400002C00D100BEDFF88406006846
S3156001FE20844201D100202AE0F4F752FD6569DFF8CA
S3156001FE3000080668DFF8FC070768F4F75BFDB54262
S3156001FE4001D0BD4201D1022019E0DFF8EC078542FD
S3156001FE500CD1A06A002807D194F86400012801D169
S3156001FE6002200CE003200AE0022008E0DFF8A40685
S3156001FE70854201D0002D01D1042000E00120C0B2ED
S3156001FE80F2BD000070B50400F4F722FD002C03D129
S3156001FE90DFF80C060468FFE7201D0BF06FFEA06A11
S3156001FEA0002803D014F118000BF068FEDFF88857BC
S3156001FEB0211D28000BF03BFE94F86400012802D155
S3156001FEC0002084F86400F4F715FDDFF8A066306859
S3156001FED0002805D0F4F7FCFC00F083FBF4F70AFD7B
S3156001FEE0DFF8BC150868844215D13068002807D050
S3156001FEF0DFF8C8070068002800D000BE00DF0AE00E
S3156001FF002868DFF81C251268904202D1002008603B
S3156001FF1001E000F0A7F970BD010000200A00002988
S3156001FF2000D100BE5169DFF81037994208D1916A54
S3156001FF30DFF8C039994203D0916A002900D10120C6
S3156001FF407047000038B50400002800D100BEDFF814
S3156001FF5050552868844224D0002C22D0F4F7B8FC8E
S3156001FF602000FFF7D9FF002819D0201D0BF006FEEF
S3156001FF70DFF858050168E26A914201D2E16A0160DF
S3156001FF80211DDFF86C25E36A14204343D0180BF07A
S3156001FF90CEFDE06A2968C96A884200D300DFF4F7BA
S3156001FFA0A9FC31BD10B586B00020049000200390F5
S3156001FFB005AA03A904A8F1F7FFFFDFF83C490498F5
S3156001FFC0029003980190002000900023059ADFF8C3
S3156001FFD02C190FF2DD40FFF701FE20602068002832
S3156001FFE001D0012000E00020012801D105F0CCF903
S3156001FFF0012811D1F4F7DCFC5FF0FF30DFF800195E
S3156002000008600120DFF8641508600020DFF81C171D
S315600200100860F4F719FC03E010F1010F00D100BE8D
S3156002002006B010BDDFF894060168491C016070478E
S3156002003070B500240025DFF884663068002800D198
S3156002004000BEF4F745FC3068401E30603068002818
S315600200504CD1DFF8CC030068002825D146E0C86899
S31560020060C46814F118000BF089FD201D0BF086FDA3
S31560020070DFF858040168E26A914201D2E16A0160DE
S31560020080211DDFF86C24E36A14204343D0180BF079
S315600200904EFDE06ADFF808140968C96A884203D32C
S315600200A00120DFF8F0180860DFF8481808680028B1
S315600200B0D5D1002C01D000F094FADFF8DC68346800
S315600200C0002C0CD000F05CF8002803D00120DFF889
S315600200D0C4180860641E002CF4D100203060DFF87A
S315600200E0B4080068002801D0012500DFF4F702FC9D
S315600200F0280070BDDFF80C090068704738B5050046
S315600201002C00002C00D100BEFFF78CFF2800FFF701
S315600201107FFE02282ED10125201D0BF02FFDF4F75C
S31560020120D7FBA06A002806D014F118000BF026FD52
S31560020130012084F86600F4F7DDFBDFF890030168BE
S31560020140E26A914201D2E16A0160211DDFF8A023D1
S31560020150E36A14204343D0180BF0E9FCDFF840034E
S315600201600068C06AE16A884205D20120DFF8A018F9
S31560020170086000E00025FFF75BFF280032BD000043
S31560020180F8B50025DFF834050068002862D1DFF88B
S315600201909C050468641C0460002C13D1DFF890147B
S315600201A008680068002800D000BE0868DFF884246A
S315600201B013680B601060DFF8E4070168491C016090
S315600201C000F00FFADFF838673068844231D325E0F1
S315600201D00868C068C7687868844229D3381D0BF0FE
S315600201E0CDFCB86A002803D017F118000BF0C6FCE4
S315600201F0B6480168FA6A914201D2F96A0160391D0C
S31560020200BB4AFB6A14204343D0180BF090FCF86A91
S31560020210A3490968C96A884200D30125DFF8101428
S31560020220086800680028D3D15FF0FF30306000E0D4
S3156002023030609B480068AE49C26A142042438858BF
S31560020240022800D30125DFF84C070068002806D093
S31560020250012504E0DFF840070168491C01602800B7
S31560020260F2BD000010B4DFF854040068002804D020
S315600202700120DFF82017086024E00020DFF8141759
S315600202800860924A106803E0002800D100BE401E52
S315600202901423974C03FB00F161580029F4D003FB49
S315600202A000F3E1184B685B684B604B6811F1080418
S315600202B0A34202D14B685B684B604968C968784B58
S315600202C01960106010BC704710B50C00002800D190
S315600202D000BEDFF83817096818310BF034FC0121CB
S315600202E0200000F05DFB10BD10B51400002800D19F
S315600202F000BEDFF8C8231268002A00D100BEDFF80C
S315600203000C2751F0004113689961116818310BF09E
S315600203100EFC0121200000F043FB10BD38B50D0034
S315600203201400002800D100BEDFF8E0160968183113
S315600203300BF0FDFB002C01D05FF0FF352100280099
S3156002034000F02EFB31BD000010B5C068C468002CF9
S3156002035000D100BE14F118000BF010FCDFF85C034C
S315600203600068002812D1201D0BF008FC574801686E
S31560020370E26A914201D2E16A0160211D5C4AE36A46
S3156002038014204343D0180BF0D2FB05E014F1180198
S31560020390DFF860050BF0CBFB41480068C06AE16A92
S315600203A0884205D201200121DFF86426116000E04F
S315600203B0002010BD10B5C14A1268002A00D100BEE5
S315600203C051F000410160C468002C00D100BE0BF000
S315600203D0D5FB201D0BF0D2FB3C480168E26A9142D4
S315600203E001D2E16A0160211D414AE36A1420434356
S315600203F0D0180BF09CFB2A480068C06AE16A884202
S3156002040003D20120DFF80816086010BDDFF88C15EC
S3156002041009680160DFF8EC15096841607047000001
S315600204206C6E0B1038B504000D00002C00D100BEB6
S31560020430002D00D100BEF4F74BFABC480168626831
S315600204408A1A174B186890F86600002805D00020B3
S31560020450196881F8660001241EE0286810F1010F10
S3156002046001D1002418E0DFF8340500682368984259
S3156002047004D06068814201D301240DE0286882427B
S3156002048007D22868821A2A602000FFF7BFFF00247D
S3156002049002E0002028600124F4F72CFA200032BD25
S315600204A0586D0B100120DFF8681508607047000070
S315600204B080B500F05DF8DFF85C050068022800D3BD
S315600204C000DF0BF0E9FBF4E7886E0B10746E0B101D
S315600204D005290BDA002803D1DFF830050068FFE74B
S315600204E0002800D100BE10EB8100C2647047000094
S315600204F05C6D0B100022052909DA002803D1DFF8AA
S315600205000C050068FFE710EB8100C06C00E000207C
S3156002051070470000406E0B1038B5002408E0DFF823
S31560020520F404142101FB04F140180BF0EEFA641C8A
S31560020530082CF4D3DFF8E04420000BF0E6FADFF88B
S31560020540DC5428000BF0E1FADFF8A8030BF0DDFAC1
S31560020550DFF8CC040BF0D9FA37480BF0D6FA3448F8
S315600205600460DFF8C004056031BD0000786E0B10D0
S3156002057038B515E0F4F7ACF9DFF8A404C068C568CD
S31560020580281D0BF0FBFADFF880040168491E016042
S315600205902068401E2060F4F7ADF9280000F006F8E6
S315600205A0DFF8844420680028E4D131BD10B5040028
S315600205B094F86500002806D1206BEBF7F7FC200063
S315600205C0EBF7F4FC0CE094F86500012803D12000F7
S315600205D0EBF7ECFC04E094F86500022800D000BE5C
S315600205E010BD134908680068002805D15FF0FF3026
S315600205F0DFF80C13086006E00868C068C0684068E7
S31560020600DFF8FC1208607047DFF800040068704784
S31560020610DFF818040068002801D1012007E0DFF83E
S3156002062010040068002801D1022000E00020704713
S31560020630246E0B10286E0B10586E0B10F8B5040062
S315600206400021002838D0DFF8C453E06A2A68D26AEB
S3156002065090422BD2A069002804D42868C06AD0F1DF
S315600206600800A061DFF8AC6314276069E16A794328
S315600206707118884215D1201D0BF080FA2868C06A6D
S31560020680E062DFF8B0030168E26A914201D2E16A90
S315600206900160211DE06A07FB00F7F0190BF047FACB
S315600206A002E02868C06AE062012105E0606C2A689F
S315600206B0D26A904200D201210800F2BD946E0B10FC
S315600206C010B50400002100282ED0DFF84003006830
S315600206D0844200D000BEA06C002800D100BEA06C8F
S315600206E0401EA064E06A626C90421DD0A06C002835
S315600206F01AD1201D0BF042FA606CE062E06AD0F11A
S315600207000800A061DFF82C030168E26A914201D217
S31560020710E16A0160211DDFF8FC22E36A142043438B
S31560020720D0180BF004FA0121080010BD706E0B1090
S3156002073070B504000122002835D0A06C002800D1D3
S3156002074000BE606C884200D3616CE06A88422AD03F
S31560020750A06C904227D1DFF8B4020068844200D1CF
S3156002076000BEE06AE162A269002A02D4D1F1080100
S31560020770A161DFF8A052142661697043281881428C
S3156002078011D1201D0BF0FAF9DFF8A8020168E26ABE
S31560020790914201D2E16A0160211DE06A06FB00F620
S315600207A0A8190BF0C4F970BDDFF860120868806999
S315600207B00A680968C96AD1F1080191617047DFF870
S315600207C04C120868002803D00868826C521C826446
S315600207D00868704770B504000D00F4F779F8DFF821
S315600207E02C623068006E00280AD10120316881F8D7
S315600207F06400002D04D00121280000F0D1F800DF4A
S31560020800F4F778F8F4F764F83068056E002D08D0CE
S31560020810002C03D000203168086602E0681E316849
S3156002082008660020316881F86400F4F763F82800EE
S3156002083070BD00002DE9F04104000F0090461D00D6
S315600208400126002C00D100BEF4F742F8002D01D03B
S31560020850206E286094F86400022184F864105FFABE
S3156002086088F8B8F1000F1AD0B8F1020F09D004D394
S31560020870B8F1040F0BD008D312E0216E0F4327663E
S3156002088013E0216E491C21660FE027660DE0010028
S31560020890C9B2022901D0276600E0002605E004E01D
S315600208A0216E11F1010F00D000BEC0B201281CD129
S315600208B0201D0BF063F95F480168E26A914201D23A
S315600208C0E16A0160211D534AE36A14204343D0184A
S315600208D00BF02DF9A06A002800D000BE4B480068D4
S315600208E0C06AE16A884200D200DFF4F703F830009A
S315600208F0BDE8F0812C6E0B10906E0B105C1203102B
S315600209008C6E0B1070B504000D00002C00D100BE79
S31560020910F4F768F8F4F74CF8060094F864000221DC
S3156002092084F86410216E491C2166C0B201282CD15C
S31560020930A06A002800D000BE3D480068002812D197
S31560020940201D0BF01BF93B480168E26A914201D215
S31560020950E16A0160211D2F4AE36A14204343D018DD
S315600209600BF0E5F804E014F1180133480BF0DFF8F8
S3156002097026480068C06AE16A884206D2002D01D024
S31560020980012028600120224908603000F3F7FCFF4D
S3156002099070BD0000806E0B107C6E0B10846E0B10A7
S315600209A0F8B505000C0017480668184F002039682C
S315600209B081F866003868001D0BF0E0F815F1010F4A
S315600209C007D1002C05D03868011D1C480BF0AFF822
S315600209D016E0AD1938684560B54206D23868011D21
S315600209E0104800680BF0AFF80AE03868011D144839
S315600209F000680BF0A8F8134801688D4200D20560C2
S31560020A00F1BD0000706E0B106C6E0B10586D0B1002
S31560020A10806E0B105C6D0B10FC6D0B10106E0B1064
S31560020A20406E0B10286E0B10546E0B10786E0B1006
S31560020A30946E0B10746E0B102C6E0B10586E0B109E
S31560020A40246E0B108C6E0B1080B50BF023FF8004A6
S31560020A50800CB0F58040DFF87017088001BD10B5D4
S31560020A600400207D012804D100200BF0F6FE0BF075
S31560020A70B8FE21000120F1F77CFE10BD10B504001E
S31560020A80207D012804D100200BF0E7FE0BF0A9FEC1
S31560020A9021000220F1F76DFE10BD80B500F0C0FDA9
S31560020AA0DFF828070178491C01700078C00701D574
S31560020AB000F09AFB01BD38B504000D00002D04D18B
S31560020AC000200BF0CAFE0BF08CFE07E0D4F88C0017
S31560020AD0A84202D10020C4F88C00E468002CF5D14B
S31560020AE031BD38B50400002C04D100200BF0B5FEF0
S31560020AF00BF077FE207D012804D000200BF0ADFEBE
S31560020B000BF06FFE012508E02100DFF8C40650F8FD
S31560020B1025000068FFF7CFFF6D1C042DF4D331BDAD
S31560020B203EB504000D00002C04D100200BF095FEAA
S31560020B300BF057FEEDB2002D51D0207D042802D075
S31560020B40207D07284BD1D4F8880000280AD1608B13
S31560020B50C00502D54FF4C04001E04FF4C040A16A1F
S31560020B6081423CD0A07EC00604D400200BF075FE04
S31560020B700BF037FE208B0290E08A0190201D0090D8
S31560020B802300626AA16D200004F08CF8200000F058
S31560020B90ADFFDFF840060168A14203D10168C9686A
S31560020BA0016009E0006800E0C068002804D0C168FE
S31560020BB0A142F9D1E168C1600020E0600120DFF85E
S31560020BC018160870DFF814060068A04202D102F017
S31560020BD00CFE02E02000FFF742FF002022E0207DAB
S31560020BE0002803D002282AD01DD33CE0E08A0028E0
S31560020BF014D0DFF8EC050168A14203D10168C96827
S31560020C00016009E0006800E0C068002804D0C1689D
S31560020C10A142F9D1E168C1600020E0602000FFF7DF
S31560020C201EFF00203EBD2000FFF75BFF2100DFF8BC
S31560020C30B40500F08DFF2000FFF720FFF1E72100E9
S31560020C40DFF8900500F084FF0120DFF88C1508704C
S31560020C502000FFF704FFDFF8C409D0F87011491CC1
S31560020C60C0F87011DDE7200000F001F8DAE738B568
S31560020C700400002C04D100200BF0EFFD0BF0B1FD57
S31560020C80207D032804D004281DD007282DD03EE0FD
S31560020C90200003F0EDFA0500280040B2002808D1D2
S31560020CA0DFF87809D0F87011491CC0F87011052078
S31560020CB02075280040B200282BD1200003F0C6FB25
S31560020CC0280040B232BD200003F0D2FA05002800A7
S31560020CD040B2002808D1DFF84409D0F87411491CE3
S31560020CE0C0F8741105202075E3E7200003F0C0FA0E
S31560020CF00500280040B2002808D1DFF82009D0F8A4
S31560020D007411491CC0F8741109202075D1E70020BE
S31560020D10D8E728005FF0FF3140B28842D0D1608BBD
S31560020D2050F0080060830020CCE780B5002802D12D
S31560020D307FF00F0009E0017D012903D0418B51F05C
S31560020D40100141830121FFF7EBFE02BD70B505007C
S31560020D500E001400002D02D17FF00F002FE0287DD7
S31560020D60012802D17FF00A0029E0002E15D0688B97
S31560020D7050F010006883002C04D001212800FFF790
S31560020D80CFFE1CE0D5F88800002806D0D5F888008A
S31560020D90F3F78DF90020C5F88800002C0ED0287D67
S31560020DA0C01E012801D9001F05D13100C9B2280031
S31560020DB0FFF7B6FE03E07FF00A0000E0002070BD98
S31560020DC02DE9FE4F04008B46002C75D0207D01284C
S31560020DD004D100200BF041FD0BF003FD207D0A28B3
S31560020DE008D12100DFF8B80800F0B2FE2000FFF754
S31560020DF036FE61E000255FF0000AA66D676AD4F8E8
S31560020E00A080D4F81090207D002818D1E08A0028AE
S31560020E1021D0DFF8CC030168A14203D10168C96819
S31560020E20016009E0006800E0C068002804D0C1687B
S31560020E30A142F9D1E168C1600020E0600BE05D4645
S31560020E40B4F816A02100DFF88C0300F081FE0120C1
S31560020E50DFF884130870D4F88000002803D0D4F831
S31560020E60800000F08AFCE06F002802D0E06F00F09C
S31560020E7084FCD4F88400002803D0D4F8840000F0FF
S31560020E807CFC002D0DD0208B02901FFA8AFACDF8D9
S31560020E9004A0201D009023003A003100200003F0D8
S31560020EA001FF207D2000FFF7DAFD4046002803D0CF
S31560020EB07FF00C014846C047BDE8F78F80B5012137
S31560020EC0FFF77EFF01BDF8B505000C000423002C78
S31560020ED001D1DFF8A449002D02D17FF00F0055E061
S31560020EE0287D002802D07FF005004FE0687A40072F
S31560020EF000D50323100080B2002809D100F035F92D
S31560020F000200100080B200282CD17FF001003DE083
S31560020F10002600E0761C9E4224DADFF8B40250F81E
S31560020F202600006800E0C0680028F3D0C18A170076
S31560020F30BFB2B942F7D1697A490702D5417A490700
S31560020F40F1D400280BD00168002908D0002C06D005
S31560020F502168002903D001682768B942E3D17FF08E
S31560020F60070013E0002C08D02068002805D0002C6A
S31560020F7001D1002000E020682860EA82DFF8600282
S31560020F800168E960056004F020F90020F2BD0029DD
S31560020F9004D091F84A10491C017201E000210172E5
S31560020FA0704710B50C00002C04D100200BF055FCE4
S31560020FB00BF017FC2000FFF781FF7FF00C0010BDDD
S31560020FC070B5040015000026002C02D17FF00F00D8
S31560020FD062E0207D002802D07FF00E005CE0207D7A
S31560020FE0012803D126007FF0080055E0607A4007A9
S31560020FF012D5DFF8F001006800E0C06800280BD067
S31560021000C18AE28A9142F8D1016822689142F4D19A
S3156002101000267FF007003FE00220F1F78AFB060018
S31560021020002E02D15FF0FF3036E020693061E08A3F
S31560021030F08201203075607D7075607A7072002072
S315600210403072E07AF072A07AB07220683060E08A1C
S31560021050002814D0DFF888010168A14203D1016833
S31560021060C968016009E0006800E0C068002804D031
S31560021070C168A142F9D1E168C1600020E060200048
S31560021080FFF7EDFCDFF8BC09B06156480168F16014
S31560021090066004F09AF80020002D00D02870300017
S315600210A070BD10B50400002C04D100200BF0D5FBF6
S315600210B00BF097FB616AA06A4018E18E43F2010267
S315600210C0914202DB4FF4405100E0E18E226B821ABC
S315600210D0511A002904D4A16AE162216B401A0CE01C
S315600210E0616A206B091A012902DB0020E06203E0D3
S315600210F0216B606A091AE162002010BD38B50400EE
S315600211000D00002C30D0207D012804D100200BF088
S31560021110A4FB0BF066FBA06A10FA85F0618BC90529
S3156002112002D54FF4C04101E04FF4C041814202D37F
S31560021130A16A884209D2608BC00502D54FF4C040CD
S3156002114001E04FF4C040A06200E0A0622000FFF719
S31560021150A8FF41F21071884206D3608B50F00200FC
S315600211606083200003F072F931BD30B40022FFE7DC
S31560021170154B1888401C188018884FF6FF718842F4
S3156002118002D14FF440401880002100E0491C08005B
S31560021190C0B2042815DA0E480C00E4B250F82400F6
S315600211A0006800E0C0680028F0D0C48A1D88AC429E
S315600211B0F8D1521C100080B2B0F5804FD8DB002007
S315600211C000E0188830BC7047E2DA021044750B10F2
S315600211D07C120310A46E0B1043750B10D46E0B10A9
S315600211E09C6E0B10A06E0B102DE9FE4F0020DFF8EF
S315600211F0009BD9F80000401CC9F80000DFF8F4AA89
S315600212009AF80000401C8AF8000032E0DBF8000021
S31560021210A04204D000200BF020FB0BF0E2FAE0685B
S31560021220CBF800005FFA88F8B8F1000F0BD0208B7C
S315600212300290E08A0190201D00902300626AA16DEF
S31560021240200003F02FFD2769207D2000E468FFF768
S3156002125006FCDFF8A48A002088F800003000002827
S3156002126003D07FF00C013800B04798F800000028E0
S3156002127007D00025DFF884BADBF8004001E02500DC
S31560021280E468002C00F08C81207D002804D10020C7
S315600212900BF0E3FA0BF0A5FA207D012804D10020B9
S315600212A00BF0DBFA0BF09DFA207D0A2804D10020B0
S315600212B00BF0D3FA0BF095FAA07F9AF800108842E9
S315600212C0DDD09AF80000A07700275FF00008207D45
S315600212D0022805D194F84600062801DB7F1CB4E09B
S315600212E094F846000C2801DB7F1CAEE094F8A90056
S315600212F0002854D0D4F88000002804D000200BF0D7
S31560021300ACFA0BF06EFAE06F002804D100200BF005
S31560021310A4FA0BF066FA94F8AA000C2801DB7F1C8B
S3156002132093E0DFF8DC0994F8A910401810F8010C74
S3156002133094F8A8100200D2B2914204D294F8A8108E
S31560021340491C84F8A81094F8A810C0B281427CD3D4
S315600213500126A06E002806D1200003F071FD002848
S315600213600ED000260CE0A16E89B2200002F08DFE3E
S31560021370002805D1200003F069F8002800D1002674
S31560021380002E62D0002084F8A80094F8A9000728ED
S315600213905BD294F8A900401C84F8A90055E0B4F920
S315600213A03400002808D4B4F9340047F6FF71884245
S315600213B002D0A08E401CA086B4F93400B4F9441061
S315600213C0884242DB200003F082FA002806D0D4F875
S315600213D08000002839D1E06F002836D0207D0228AF
S315600213E019D094F846000C2802D294F8460000E020
S315600213F00C20B4F94010C910B4F942208918DFF8FC
S315600214000429C0B21056814047F6FF70814200DB64
S315600214100100A4F844100020A086E06CA16E884208
S3156002142001D2E06C00E0A06E40082065206DE18E7E
S31560021430B0EB410F02D2E08E40002065E08EE064A0
S315600214400020A067200003F08CFA207D062809D1CF
S31560021450A07EC00606D5D9F80010206A091A292985
S3156002146000D37F1C607A000735D5207D042802D020
S31560021470207D07282FD1D4F8A410DFF88C084118F4
S315600214804FF4FA70B1FBF0F1D9F80020206A121A13
S31560021490914203D27F1C18F101081CE0D4F8A41013
S315600214A094F8AB20DFF8640800FB02114FF4FA707F
S315600214B0B1FBF0F1D9F80020206A121A91420AD2E1
S315600214C0200003F092FC40B2002804D194F8AB00ED
S315600214D0401C84F8AB00D4F8840000280DD0D9F8FB
S315600214E00010206A091AB4F94400062210FB02F0C1
S315600214F0814202D3200000F017FC207D032806D12A
S31560021500D9F80010206A091A292900D37F1C207D88
S31560021510092806D1D9F80010206A091AF12900D3E0
S315600215207F1CFFB2002F13D0D4F8A060200000F019
S31560021530DDFA002D3FF46AAEDBF80000844204D186
S3156002154000200BF08AF90BF04CF9E068E86069E676
S315600215502500E468287F401C2877287F697F8842B7
S31560021560FFF48FAE00202877DFF88C67002030709A
S31560021570D5F89C00002806D029002869D5F89C2059
S315600215809047010000E00021307800287FF471AEB8
S3156002159049B200297FF475AE280002F057FF70E663
S315600215A00025DFF86C6734680DE03068A04204D02D
S315600215B000200BF052F90BF014F9E068306020005D
S315600215C0E468FFF74CFA002C25D0207D0A2804D067
S315600215D000200BF042F90BF004F90021D9F8002043
S315600215E0206A121AF12A00D3491CC9B200290FD007
S315600215F0200000F07BFA002DD7D03068844204D1F7
S3156002160000200BF02AF90BF0ECF8E068E860D6E708
S315600216102500E468D7E7BDE8F78F00006C6B0B1016
S31560021620F8B5DFF8D0562878401C28702AE028786A
S31560021630A077A07EC0070BD5608B50F00200608356
S31560021640200002F003FF618B4FF6FC70014061835C
S31560021650A07E000707D5618B4FF6F7700140618364
S315600216602000FFF704FBE668D4F8880000280DD056
S31560021670DFF8847600203870200000F013F838789E
S31560021680002803D0DFF87406046800E03400002CFA
S3156002169005D0A07F29788842C9D1E468F7E7F1BD11
S315600216A0A86E0B10F8B50400002C02D17FF00F0073
S315600216B062E0D4F8880000285DD0D4F88800467BC2
S315600216C0D4F8885069462800F2F750FE0098C4F8AC
S315600216D08800D4F89400002807D000232A0021004D
S315600216E02069D4F89470B84705E000232A002100E7
S315600216F0002000F076F8010049B2002927D1B00631
S31560021700D7D500980028D4D1608BC00502D54FF496
S31560021710C04001E04FF4C040A16A814202D0A06A93
S31560021720401CA062D4F89400002807D0002300224F
S3156002173021002069D4F89450A84700E000207FF089
S315600217400C010A0040B29042B3D1080014E07FF067
S315600217500C010A0040B2904201D108000CE00098E8
S31560021760002803D000992800F2F71DFDC4F88850BE
S315600217707FF0040000E00020F2BD10B503E00468CB
S3156002178000F004F820000028F9D110BD10B504005D
S31560021790002C09D06068002802D06068F2F787FCE6
S315600217A021000320F0F7E5FF10BD70B50400002CA0
S315600217B004D100200BF051F80BF013F80320F0F778
S315600217C0B8FF0500002D01D1002009E010222E008D
S315600217D02100300009F006EC6868F2F7D0FC2800B8
S315600217E070BD10B508001400002802D17FF00F000A
S315600217F008E0002C07D02189FFF780FC2000F2F771
S3156002180056FC002010BD5BB2002BFAD1FFF78DFAB1
S31560021810F8E738B50100C9B2802901DB7F20FFE70E
S315600218200100C9B2002925D0441E00230020DFF83A
S31560021830CC14096818E04A7D2500EDB2AA420BD3A2
S315600218404A7D2500EDB2AA420DD1DFF8A4241568BF
S315600218500A6AAD1A9D4206D3DFF894040368086AE1
S315600218601B1A08004C7DC9680029E4D1002801D002
S31560021870FFF724FB31BD0000E0EA021070B50400F8
S315600218802000C0B2082808D02000C0B2092804D0BF
S3156002189000200AF0E2FF0AF0A4FF00230022DFF82C
S315600218A05C04006810E0017D2500EDB2A9420AD110
S315600218B0DFF83C542E68016A761A9E4203D32B687F
S315600218C0016A5B1A0200C0680028ECD1002A03D0C4
S315600218D000211000FFF774FA70BD38B500230020AE
S315600218E0DFF82C1409680BE0DFF8044425680A6AFD
S315600218F0AD1A9D4203D32368086A1B1A0800C96899
S315600219000029F1D1002801D0FFF7D8FA31BD10B510
S31560021910DFF8E80300680BE0C468817E090706D534
S31560021920428B4FF6F7710A404283FFF7A0F9200017
S315600219300028F1D110BD70B505000120F0F7F9FE5F
S315600219400400002C4FD1FFF7E2FFFFF7C6FF01202C
S31560021950F0F7EFFE0400002C3AD10920FFF78EFF64
S315600219600120F0F7E6FE0400002C26D10820FFF7DE
S3156002197085FF0120F0F7DDFE0400002C12D128005D
S31560021980C0B2FFF746FF0120F0F7D3FE0400002C39
S3156002199008D0DFF85803D0F8D8108988491ED0F8E5
S315600219A0D8008180002C08D0DFF84003D0F8D81028
S315600219B08988491ED0F8D8008180002C08D0DFF8CB
S315600219C02C03D0F8D8108988491ED0F8D8008180B7
S315600219D0002C08D0DFF81403D0F8D8108988491E85
S315600219E0D0F8D8008180002C29D0B02100222600B0
S315600219F0300009F080EB65754FF4C0402067E06205
S31560021A00E16AA1624021E1724FF40671E186062124
S31560021A10A4F844100621A4F842105FF0FF31A186B3
S31560021A200121E164B24909682162B2490978A17764
S31560021A302065B848C4F89400B748C4F8A4002000EA
S31560021A4070BD00005BFF011080B54020FFF773FF99
S31560021A5002BD002800D00161704738B504000D0050
S31560021A60002C09D0207D012804D100200AF0F5FE61
S31560021A700AF0B7FEC4F8945031BD38B504000D00C3
S31560021A80002C09D0207D012804D100200AF0E5FE51
S31560021A900AF0A7FEC4F8905031BD38B504000D00B7
S31560021AA0002C09D0207D012804D100200AF0D5FE41
S31560021AB00AF097FEC4F8A05031BD002803D0027D1B
S31560021AC0012A00D18161704770B504000D001600CD
S31560021AD0002C0AD0207D012804D100200AF0BDFE28
S31560021AE00AF07FFEC4F89C50667770BD10B504009C
S31560021AF0002C2CD0207D002829D0207D0A2826D0D3
S31560021B00207D012823D0D4F88800002806D0D4F896
S31560021B108800F2F7CCFA0020C4F88800D4F8840072
S31560021B20002802D0200000F0FFF85FF0FF30A086A8
S31560021B30E06FFFF722FED4F88000FFF71EFE00205A
S31560021B40E067E06FC4F880000020A4F8760010BD5C
S31560021B5038B505000C00002C04D100200AF07DFE89
S31560021B600AF03FFE002D04D100200AF076FE0AF04C
S31560021B7038FE2868A04203D12868C068286009E058
S31560021B80286800E0C068002804D0C168A142F9D183
S31560021B90E168C1600020E0602000FFF7A7FF207DBA
S31560021BA00A280CD0207D012809D0A07EC00706D560
S31560021BB0608B50F002006083200002F047FC207DBB
S31560021BC0012819D0E06F002804D000200AF045FEF3
S31560021BD00AF007FED4F88000002804D000200AF03C
S31560021BE03CFE0AF0FEFDD4F88400002804D00020F2
S31560021BF00AF033FE0AF0F5FD002020750020E0822F
S31560021C0031BD80B5002804D100200AF026FE0AF014
S31560021C10E8FD42490A683648006882180A60086820
S31560021C2002BD38B505000C00002A04D100200AF076
S31560021C3014FE0AF0D6FD002C02D1280080B217E00D
S31560021C40208F010089B2002910D028210A000300E2
S31560021C5092B29BB29A4201D2401A00E00020290059
S31560021C60020089B292B2914200D30500280080B286
S31560021C7032BD70B505000C00002D04D100200AF0BB
S31560021C80ECFD0AF0AEFD04E0E6682000FFF716F907
S31560021C903400002C05D0206829688842F4D0E468B4
S31560021CA0F7E770BD38B504000D00002C1DD0206822
S31560021CB000281AD0114801682000FFF7DAFF184899
S31560021CC001682000FFF7D5FF002D0ED02868002896
S31560021CD00BD01448006806E001682268914201D17F
S31560021CE029680160C0680028F6D131BD6C6B0B10A3
S31560021CF0986E0B1045750B1043750B10A46E0B1086
S31560021D007412031064120310B84C0A00F82401001E
S31560021D10A86E0B109B07021000DD6D0014D902102D
S31560021D209C6E0B10A06E0B1010B50400D4F88400E4
S31560021D30002806D0D4F88400FFF71FFD0020C4F8FF
S31560021D40840010BD2DE9FE4F0500002002900020A0
S31560021D500190002D04D100200AF07FFD0AF041FDBA
S31560021D60DFF8E868B6F8AE00401CA6F8AE00D6F812
S31560021D708001401CC6F88001DFF8149C6868C9F8C7
S31560021D8000006889142813DAB6F8B600401CA6F873
S31560021D90B600B6F8B200401CA6F8B200D6F88401C6
S31560021DA0401CC6F884012800F2F781F9BDE8F78F76
S31560021DB0DFF89C88D8F80010D8F81400EBF738FAE8
S31560021DC0002805D198F8140010F0F000E02805D13B
S31560021DD0B6F8BC00401CA6F8BC00DAE718F114009D
S31560021DE0009018F110032A890621280009F031FEB5
S31560021DF080B2002805D0B6F8B400401CA6F8B4003C
S31560021E00C7E7D9F80000808909F06EFD80B2000B41
S31560021E1081000800C0B2142805DB28890A00D2B204
S31560021E2092B2904205D2B6F8B600401CA6F8B60049
S31560021E30AFE7DFF820780800C0B214383880DFF8E0
S31560021E4018480020206068890A00D2B292B2904295
S31560021E5008D33888DFF804281080C9B22800F2F760
S31560021E60C8F83FE02868002804D100200AF0F5FC93
S31560021E700AF0B7FC14212800F2F7BBF8DFF8DC178A
S31560021E80688908803F8808883F1A09882800F2F71F
S31560021E90B0F828684089390089B2884205D2B6F816
S31560021EA0B600401CA6F8B60073E728684068206052
S31560021EB0390089B22868F2F79CF82889C71B2F81F6
S31560021EC06889002804D000200AF0C7FC0AF089FC61
S31560021ED0288929680989884204D000200AF0BDFC55
S31560021EE00AF07FFCD9F80000008809F0FDFCD9F8F9
S31560021EF000100880D9F80000408809F0F5FCD9F88E
S31560021F0000104880D9F80010486809F0F5FCD9F845
S31560021F1000104860DFF848170860D9F80010886832
S31560021F2009F0EAFCD9F800108860DFF840ACCAF81C
S31560021F300000D9F80000C08909F0D6FCD9F8001073
S31560021F40C881D9F80000808909F0CEFC10F03F0004
S31560021F50DFF810170870DFF8107728893880DFF805
S31560021F600407007810F0030F0CD03888401C3880C4
S31560021F7038882989884205D2B6F8B600401CA6F888
S31560021F80B60006E75FF0000BDFF8440C046801E078
S31560021F90A346E468002C5ED0207D002804D1002090
S31560021FA00AF05BFC0AF01DFC207D0A2804D10020A1
S31560021FB00AF053FC0AF015FC207D012804D10020AA
S31560021FC00AF04BFC0AF00DFC207A00280AD0207A2F
S31560021FD0D8F8041091F84A10491CC9B2884201D057
S31560021FE0A346D6E7208BD9F8001009888842CFD15C
S31560021FF0E08AD9F8001049888842C9D16068D8F861
S3156002200010108842C4D12068D8F814108842BFD113
S31560022010E068A04204D100200AF01FFC0AF0E1FB4E
S31560022020BBF1000F0AD0E068CBF80C00DFF8A00B1A
S315600220300068E060DFF8980B046004E0B6F8C2005E
S31560022040401CA6F8C200E068A04204D100200AF053
S3156002205004FC0AF0C6FB002C7CD1DFF80C0C046889
S3156002206009E0207AD8F8041091F84A10491CC9B2DE
S3156002207088420DD0E468002C27D0207D0A2804D03F
S3156002208000200AF0EAFB0AF0ACFB207A0028E8D1CD
S31560022090208BD9F8001009888842EBD1E08AD9F8FA
S315600220A0001049888842E5D16068D8F810108842E5
S315600220B0E0D12068D8F814108842DBD1200000F005
S315600220C07CFA2800F1F7F3FF70E60022DFF89C3B0A
S315600220D0186808E0002802D00168002901D1019041
S315600220E002920200C06800281BD0017A00290CD037
S315600220F0017AD8F804C09CF84AC01CF1010C5FFA58
S315600221008CFC614501D00200ECE7C18AD9F800C0B7
S31560022110BCF802C06145E4D10168D8F814C06145D3
S31560022120D8D1002801D10198029A002812D0002A3B
S3156002213005D0C168D1601968C160186004E0B6F85C
S31560022140C210491CA6F8C21000F096F92800F1F7F1
S31560022150AEFF2BE6002C00F03C81DFF8B48B00204A
S31560022160C8F800002889A8F80800C8F80450D9F809
S315600221700000C8F80C00DFF89C9B0020C9F800003C
S31560022180DFF894AB00208AF80000DFF890BB0020ED
S31560022190CBF80000DFF8CC040078000703D5687B33
S315600221A050F001006873D4F8880000281DD0200022
S315600221B0FFF778FA10F10D0F06D0D4F888000028E0
S315600221C013D03888002810D0E06A002802D1200097
S315600221D002F0B8FDB6F8B200401CA6F8B200D6F816
S315600221E08401401CC6F88401E0E0DFF8346B346099
S315600221F0200000F03BFA7FF00C07390040B28842BB
S3156002220000F0D4809AF80000000712D5D4F8A00036
S31560022210002805D07FF00D012069D4F8A0209047F0
S315600222202100DFF8AC09FFF793FC2000FEF717FCEC
S31560022230BCE00020DBF80000002820D0DBF800506C
S31560022240002D19D04FF6FF72954201D22A00FFE7A0
S31560022250100080B22D1AD4F89000002806D092B2EF
S3156002226021002069D4F89030984700E000203900B8
S3156002227040B28842E4D199E00020CBF80000200009
S3156002228000F0D3F8002806D090E040B2002847D18B
S315600222900098C9F80000D9F8000000284CD0002048
S315600222A000906946D9F80000F2F760F8D4F8880021
S315600222B0002804D000200AF0D0FA0AF092FAA07E32
S315600222C0C0060CD4D4F89400002816D00023D9F89E
S315600222D0002021002069D4F89450A84714E0D9F868
S315600222E00000F1F7E4FE0098002802D00098F1F7AA
S315600222F0DEFE2000FEF7E2FD58E00023D9F800205A
S3156002230021000020FFF76DFA01003A0049B29142BE
S31560022310BBD10098002802D00098F1F7C8FE45E0CC
S315600223200098002804D00099D9F80000F1F73BFF25
S31560022330D9F80000C4F888009AF8000080060BD528
S31560022340D4F8880000280FD0D4F88800407B50F07B
S315600223502000D4F88810487300203060200000F016
S3156002236064F800281FD021E0608BC00502D54FF4C7
S31560022370C04001E04FF4C040A16A814202D0A06A27
S31560022380401CA062D4F89400002807D000230022E3
S3156002239021002069D4F89450A84700E0002040B29A
S315600223A0B842D9D102E0200002F050F80020DFF8EE
S315600223B0701908600020C9F80000D8F804000028E7
S315600223C032D0D8F80400F1F772FE0020C8F8040093
S315600223D02AE0D9F80000808909F086FA400720D4FD
S315600223E0B6F8BC00401CA6F8BC00B6F8B200401CA9
S315600223F0A6F8B200D9F8000000880290D9F8000069
S315600224004088019018F11000009018F11403944866
S315600224100068398810FA81F2DAF80010002002F0BA
S3156002242041FC2800F1F743FEC0E410B50400002C1D
S3156002243004D100200AF011FA0AF0D3F9DFF8D808BD
S315600224400078C00616D5A07EC00609D4D4F8A000CE
S31560022450002805D07FF00E012069D4F8A0209047AD
S315600224602100DFF86C07FFF773FB2000FEF7F7FA2F
S31560022470012000E0002010BDFEB50400794D2878E9
S31560022480400700F19980002C04D100200AF0E5F99A
S315600224900AF0A7F92878C00619D56D48DFF8F01456
S315600224A00A681288029209684988019110F110013E
S315600224B0009110F114036A4800686B490988421852
S315600224C0DFF8A8060168200002F0ECFB74E02878C9
S315600224D0800771D5607DFFF72EFA0500002D12D1B7
S315600224E05A48B0F8B810491CA0F8B810A06900287C
S315600224F006D05FF0FF3200212069A369984701E0A8
S315600225007FF00F0058E052484169296000696860AF
S31560022510E08AE882DFF878643068008828830320DE
S3156002252028754F4F3868401C6862686A28632800BD
S31560022530FFF767FB2866A865A86468663868401E68
S31560022540E86520692861C5F88C40607A10F00C0055
S315600225506872207A2872DFF878060168E960056099
S3156002256002F033FE0120DFF8BC170870280001F084
S31560022570B3F83068C089A866A86EE866281DEAF7CF
S31560022580CBFA01002A1DE88EFFF74BFBE8862F483F
S31560022590D0F86C11491CC0F86C111221280001F0A8
S315600225A093FE40B2002804D000212800FEF708FC02
S315600225B002E0280001F04AFFF7BD3EB50400294D4E
S315600225C02878400741D4002C04D100200AF045F94E
S315600225D00AF007F92878800725D521490A68606AD2
S315600225E0121A002A26D40A68606A121AA06A121A95
S315600225F0012A1FDA1648DFF8982313681B880293AC
S3156002260012685288019210F11002009210F11403BE
S315600226100868154909884218DFF8500501682000E4
S3156002262002F040FB11E02878C00703D5DFF8F80610
S31560022630006820620C480088002806D0608B50F043
S3156002264002006083200001F001FF37BD6C6B0B1046
S31560022650847509102E750B10C06E0B1030750B1039
S31560022660C46E0B1046750B1034750B107FB50500E2
S3156002267000240020002D04D100200AF0EEF80AF0B2
S31560022680B0F8DFF84869307840073DD5287D0228E2
S3156002269007D1DFF8D8040068A96D884219D10124F0
S315600226A017E0DFF8881608686A6A904201D1012449
S315600226B00FE00A68686A121A002A0AD40968686A08
S315600226C0091AA86A091A012903DA688B50F002000E
S315600226D06883E4B2002C15D0287D002804D100203E
S315600226E00AF0BBF80AF07DF8DFF82C06017851F0A3
S315600226F008010170698B4FF6FE70014069837FF0B5
S315600227000D0063E2002061E2307880070BD5287DF8
S31560022710022808D0287D032805D0688B50F0020075
S315600227206883002052E2A87EC00603D4DFF8F8056B
S3156002273000682862002085F8AB00002085F8AA00B0
S31560022740280000F0C9FF287D022814D0C0F03D821F
S31560022750042800F06781C0F0C580062800F0BE81BB
S31560022760C0F06E81082800F0E781C0F05B8109281D
S3156002277000F0168229E2307810F01200122840F03A
S315600227808A80DFF8E8030168AA6C521C914240F025
S315600227908280DFF898150A68521C6A626A6A2A633E
S315600227A00068A8647A480068C089A866A86EE86668
S315600227B00868401EE86504202875281DEAF7ACF90A
S315600227C001002A1DE88EFFF72CFAE88641F21D10F9
S315600227D0E98E4900814202D3E98E490001E041F265
S315600227E01C11EA8E92008A4202D2E88E800008E0CC
S315600227F0E98E4900814202D3E88E400001E041F24F
S315600228001C10E864B5F87400002804D100200AF0B0
S3156002281024F809F0E6FFB5F87400401EA5F87400C6
S31560022820D5F88040002C0AD1EC6F002C04D1002030
S315600228300AF013F809F0D5FF2068E86702E020681D
S31560022840C5F880002000FEF7A1FFD5F880000028B9
S3156002285003D15FF0FF30A88604E00020A88600203E
S3156002286085F84600D5F89800002807D0002229008E
S315600228702869D5F898309847010000E000217FF07A
S315600228800C00020049B2914200F0A081688B50F0C0
S315600228900200688325E03078C00622D5DFF890040E
S315600228A03B490A681288029209684988019110F1C7
S315600228B01001009110F11403DFF870040068DFF86C
S315600228C0681B09884218A9480168280002F0EAF9DB
S315600228D095F84600062804DA0020A886280002F049
S315600228E056F872E13078C00640F18E809F490A68D8
S315600228F0A86C121A521E002A6BD40A68A86D121AA4
S31560022900012A66DA04202875D5F88C00002802D1DF
S315600229107FF0050018E0D5F88C008069002804D1A4
S31560022920002009F09AFF09F05CFFD5F88C008069F7
S31560022930002807D0002229002869D5F88C309B69C7
S31560022940984701E07FF00F00010049B200290AD0E2
S315600229507FF00C04210040B2884202D02800FEF7C4
S31560022960ADFA200032E1280000F0E4F9DFF8AC139A
S315600229700868002802D00868401E086041F21D10EF
S31560022980E98E4900814205D3E98E490004E000BF21
S31560022990BC6E0B1041F21C11EA8E92008A4202D280
S315600229A0E88E800008E0E98E4900814202D3E88E13
S315600229B0400001E041F21C10E864DFF85C03007835
S315600229C080062ED5688B50F0020068830720287532
S315600229D027E0DFF85C03DFF8542A13681B8802934A
S315600229E012685288019210F11002009210F11403DB
S315600229F0DFF838030068DFF8302A1288821809681F
S31560022A00280002F04FF90CE03078800709D5DFF82C
S31560022A101C030068696A491E884202D1280001F0D7
S31560022A20C8FFD2E0280000F085F9BB48007880062E
S31560022A3005D5688B50F00200688307202875C4E0CC
S31560022A40280000F077F9B4480078800638D53078E7
S31560022A50C0062ED545480068A96D884229D1E86F1F
S31560022A60002826D1688B50F0020068832800FFF7A1
S31560022A703DF857480168A94203D10168C9680160F7
S31560022A8009E0006800E0C068002804D0C168A94275
S31560022A90F9D1E968C1600020E8600120A1490870A7
S31560022AA00A20287570480168E960056002F08DFBAE
S31560022AB013E0688B50F002006883082028750CE0EA
S31560022AC03078C00609D529480068A96D884204D1C4
S31560022AD0E86F002801D10620287576E0280000F00C
S31560022AE029F98D480078800625D5688B50F002005A
S31560022AF068832800FEF7FAFF35480168A94203D1C8
S31560022B000168C968016009E0006800E0C0680028E1
S31560022B1004D0C168A942F9D1E968C1600020E860C1
S31560022B200120804908700A2028754F480168E960CB
S31560022B30056002F04AFB48E0280000F0FBF83078B6
S31560022B40C0062CD509480068A96D884227D1E86F6E
S31560022B50002824D12800FEF7C9FF1D480168A94252
S31560022B6006D10168C96801600CE000BFC86E0B102F
S31560022B70006800E0C068002804D0C168A942F9D1A3
S31560022B80E968C1600020E8600120664908700A2091
S31560022B90287535480168E960056002F016FB14E0A5
S31560022BA0280000F0C7F83078C0060DD5DFF8480C6B
S31560022BB00068A96D884207D1E86F002804D156489B
S31560022BC0017851F010010170FFE7002004B070BD7A
S31560022BD0A46E0B1038B505000C00002D04D1002040
S31560022BE009F03BFE09F0FDFDE868808908F07CFE8D
S31560022BF0C00716D52000FEF7C0FD002432E0E0686B
S31560022C00808908F071FEC00707D5012008F06CFEC6
S31560022C10E96889890843E968888120002468FEF7A3
S31560022C20B5FD002C0AD0E0684168404800682A89F0
S31560022C308018411A2089091A0029E0D5002C11D082
S31560022C40E0684168394802682B89D218511A01290D
S31560022C5008DBE26851680068091A2981298968686F
S31560022C60F1F73AF92C6031BDA86E0B10A06E0B100D
S31560022C702DE9F04106000C001D002BE027002468B8
S31560022C807868F1F773FA8046B6F87400414689B2FD
S31560022C90884204D2002009F0E0FD09F0A2FDB6F8F0
S31560022CA07400B0EB0808A6F874801C4801683A897B
S31560022CB0891801603800FEF769FDB6F874000028CD
S31560022CC008D0002C06D1002D04D1002009F0C5FDE4
S31560022CD009F087FD002C17D0E168486808F00CFE01
S31560022CE00700E068808908F0FFFD10F0030F01D04D
S31560022CF0012100E00021208938180918DFF8F80A56
S31560022D000068091A0129B9DB2000BDE8F0810000DC
S31560022D10AC6E0B10D06E0B1047750B10CC6E0B1091
S31560022D20D46E0B1043750B10986E0B10C46E0B109D
S31560022D30847509102DE9F8430600002E04D100209F
S31560022D4009F08BFD09F04DFD307D042804DA002080
S31560022D5009F083FD09F045FD9C480078C00640F104
S31560022D607B81B06E316E0918DFF8902AF36D1068B8
S31560022D701B1A002B1AD4F06D1368984206D1336E73
S31560022D80DFF8740A00681B1A002B0FD4306EDFF866
S31560022D90683A1B6898421DD1B36EDFF890060068E8
S31560022DA0C48996F9AC008440A34213D2DFF87C064C
S31560022DB00068C38996F9AC008340B366F06EB36E61
S31560022DC0984201D2B06EF0661068F065DFF8280AA4
S31560022DD000683066DFF8204A2268B06C121A012A4F
S31560022DE03DDADFF844060088002840F00481326E3E
S31560022DF0B06E82188A4240F0FE80B6F9340000282E
S31560022E0000F1F980B06C2168884240F0F48096F84F
S31560022E10470096F84710491CC9B2884204D296F810
S31560022E204700401C86F8470096F8470004280DDBE9
S31560022E30F06CF18E4018F16C884204D3F06CF18E1E
S31560022E404018F06402E05FF0FF30F06496F84700E5
S31560022E500328C0F2D080300001F0F8FDCBE0216893
S31560022E60B06C091A491E002900F1C2802168B06D52
S31560022E70091A012980F2BC80B07E400708D5718BA1
S31560022E804FF6FB7001407183306DF0640020B067CD
S31560022E90002086F84600B6F94000C010B6F9421026
S31560022EA04018A6F844002168B06C091A002086F81A
S31560022EB047002068B064307D042842DBF06C326DD6
S31560022EC090421CD2708B000501D5012200E00222DD
S31560022ED01300DBB2F08E4343994203D3D2B2F18E32
S31560022EE001FB02F1F06C0818F26C904203D3F06CAD
S31560022EF00918F16402E05FF0FF30F06421E0B06F20
S31560022F000818B26F904203D3B06F0918B16702E036
S31560022F105FF0FF30B067B06FF16C884211D3B16F6A
S31560022F20F06C091AB167F06CF18E4018F16C884248
S31560022F3004D3F06CF18E4018F06402E05FF0FF306B
S31560022F40F064F36FDFF8B828D6F880103000FFF728
S31560022F508FFEC6F88000D6F88030DFF8A828F16FB9
S31560022F603000FFF785FEF067D6F88000002803D1AF
S31560022F705FF0FF30B08601E00020B0860020307737
S31560022F80F06F002802D10020A6F87600316FDFF8D4
S31560022F907808006841183167708B00052BD5D6F822
S31560022FA08000002814D1F06F002808D0F06FC16845
S31560022FB0486808F0A1FC716D081A01281BDA718B4A
S31560022FC04FF2FF700140718315E000BF46750B102A
S31560022FD0D6F88000C168486808F08EFC716D081AE0
S31560022FE0012808DA718B4FF2FF700140718302E0AB
S31560022FF0300001F0A7FEB06B00282DD0F16B20687F
S31560023000091A002928D5DFF804080168B06B091A85
S3156002301009B2B6F94000B1EBE001B6F84000081813
S31560023020A6F84000080000B2002801D509B249425C
S3156002303009B2B6F94200B1EBA001B6F8420009182E
S31560023040A6F84210B6F94000C010B6F94210401810
S31560023050A6F844000020B063DFF8CC83B8F800001D
S31560023060002800F00883307D072880F20483DFF8A9
S315600230708C77716A3868091A491E00294FD4716AB9
S315600230803868091AB8F80000091A491C012946DA93
S31560023090DFF87C576C68D6F824903868B9EB00097B
S315600230A06868002804D1002009F0D7FB09F099FB73
S315600230B04FF6FF70814504D3002009F0CEFB09F07C
S315600230C090FB68680089494689B2884204D200202A
S315600230D009F0C3FB09F085FB2889B0EB090028815A
S315600230E068680189B1EB090106E06089B9EB0009FC
S315600230F0218100206081246860894A4692B29042AA
S31560023100F3D31FFA89F949462000F0F772FFDFF818
S31560023110EC76706A3860E8683968416008E0396858
S31560023120706A091A002903D5708B50F00200708309
S315600231303968706A091A002900F199823968706AD9
S31560023140091AB06A091A491C012980F29082706ACA
S315600231503968884240F0A181DFF8B456E868808910
S3156002316008F0C2FB10F0030F01D0012000E000203E
S3156002317029894018A8F80000B06AB8F80010884299
S315600231804AD2E868808908F0AFFBC0070FD5E868C5
S31560023190808908F0A9FB10F03E0008F0A5FBE968FB
S315600231A08A894CF2FF010A401043E9688881B06A55
S315600231B0B0F5803F04D3002009F04FFB09F011FB04
S315600231C0B06A2881E868808908F08EFB800702D59C
S315600231D02889401E288129896868F0F77DFEE8689B
S315600231E0808908F081FB10F0030F01D0012000E016
S315600231F0002029894018A8F800003868B8F800103D
S3156002320010FA81F1726AB06A8218914204D0002083
S3156002321009F023FB09F0E5FAD6F88400002800F0ED
S315600232208780E868808908F05FFBC0070DD5D6F80D
S31560023230840000287CD0D6F88400D6F88410096809
S31560023240C6F88410FEF7A2FAF1E7D6F8844025E0C4
S3156002325000201BE0E068808908F046FBC00719D5AC
S31560023260E868808908F040FB800713D4012008F0E3
S315600232703BFBE96889890843E9688881E86880894F
S3156002328008F032FB10F0030FE2D0012029894018C2
S31560023290A8F8000020002468FEF778FA002C0BD00C
S315600232A0E06841683868B8F8002010FA82F0411A7E
S315600232B02089091A0029CDD5002C37D0E1684868E3
S315600232C03968B8F8002011FA82F1081A01282DDB54
S315600232D0E06841683868091A2981E868808908F0D7
S315600232E003FB800702D52889401E288129896868E0
S315600232F0F0F7F2FDE868808908F0F6FA10F0030F3D
S3156002330001D0012000E0002029894018A8F80000B9
S31560023310E16848683968B8F8002011FA82F181429A
S3156002332004D0002009F099FA09F05BFAC6F88440E5
S315600233303868B8F8001010FA81F07062B06AB8F8AE
S315600233400010884204D2002009F087FA09F049FA8F
S31560023350B16AB8F80000091AB1623000FDF7A1FE41
S3156002336068680089002805D06868DFF8A8140860D4
S3156002337000206860E868808908F0B6FAC00738D528
S31560023380DFF89404017851F02001017031E0606841
S31560023390106015E00021B26A2089121A511AB162D0
S315600233A03000FDF77EFE6068008900280AD0DFF8EB
S315600233B0642410680028EAD061681068F0F7F3FEAA
S315600233C000206060E068808908F08EFAC0070AD53E
S315600233D0DFF84404017851F020010170307D042841
S315600233E001D1072030752068C6F884002000FEF7F8
S315600233F0CDF9D6F8840000283DD0D6F88400C1689D
S315600234004868716A884236D1D6F88440D6F8840014
S31560023410C16848683860E068808908F065FA10F02B
S31560023420030F05D0012004E034750B10BC6E0B103F
S315600234300020716A2289891840187062E068808962
S3156002344008F052FA10F0030F01D0012000E00020CC
S31560023450B16A22898018814204D2002009F0FDF9FE
S3156002346009F0BFF9E068808908F03EFA10F0030FB0
S3156002347090D001218FE7B07EC00709D5718B4FF6D8
S31560023480FE7001407183708B50F00200708303E01E
S31560023490708B50F001007083FFE0D6F8840000283C
S315600234A006D1DFF86C03FEF780F9C6F88400DAE02D
S315600234B00024D6F8845012E0002C38D1E9684868B6
S315600234C03968081A002827D42C002868002805D1F4
S315600234D0E96848683968081A012855DA2D68002DA6
S315600234E000F0C180E968486839688142E4D1DFF852
S315600234F020032989028991420DD2FEF756F90028E6
S3156002350008D0002C01D0206001E0C6F884002900B2
S31560023510FFF760FBA7E0A6E0BD48FEF746F9002884
S3156002352004D0C6F884002900FFF754FB9BE0E168EB
S3156002353048683968081A401E0028C5D4E968486890
S315600235403968081A401C0128BEDAB148FEF72DF91F
S315600235508046B8F1000F16D0E168486821894118A3
S315600235603868091A012908DBE16848683968081A67
S31560023570208121896068F0F7AFFCC4F800802900D9
S315600235804046FFF727FB6EE0E868808908F0ACF9F1
S31560023590C00768D49E48FEF708F9286028680028A4
S315600235A061D0E9684868298941183868091A012989
S315600235B008DBE96848683968081A288129896868D1
S315600235C0F0F78AFCB8F80000396811FA80F1706A7F
S315600235D0091AB06A091A012945DB2868C068808918
S315600235E008F082F9C00712D52868C068808908F099
S315600235F07BF910F03E0008F077F92968C9688A8974
S315600236004CF2FF010A4010432968C9688881716AD1
S31560023610B06A41183868091A2868018128680189E0
S3156002362028684068F0F758FC2868C068808908F006
S315600236305BF910F0030F01D0012000E00020296839
S3156002364009894018A8F800003868B8F8001010FA1E
S3156002365081F1726AB06A8218914204D0002009F040
S31560023660FCF809F0BEF8300001F06CFB15E03000A2
S3156002367001F068FB11E061490A68706A121A002A51
S3156002368007D40968706A091AB06A091A491C0129BD
S3156002369003DB708B50F002007083BDE8F18310B4D7
S315600236A05E4801880288521C02805D4A10680028C2
S315600236B005D05C480B0004889BB2A34205D25A48E7
S315600236C00068143089B2405C04E00088091A106808
S315600236D0C9B2405C10BC7047F8B50400002C04D136
S315600236E0002009F0BAF809F07CF8504D28880028C5
S315600236F07AD04A4E00203080FFE730882988884297
S3156002370072D2FFF7CCFFC0B2002810D002280FD0C9
S31560023710F3D303282CD0FFF7C2FF0100C9B20229F6
S3156002372061DB318851FA80F0801E3080E5E75BE02C
S31560023730FFF7B5FF042819D128883188891C884289
S3156002374014DBFFF7ACFF07003F02FFF7A8FF074352
S31560023750380080B240F2C551884203DA380080B23E
S31560023760002804D140F2C457E786C6E73CE0FBE78F
S31560023770FFF795FF032804D128883188491C8842BF
S3156002378000DA31E0FFF78BFF29490978890729D5E5
S31560023790618BC90526D484F8AC0094F8AC000F2876
S315600237A002D30E2084F8AC00012084F8AD00608B51
S315600237B050F480706083A06AB0F5C04F04D00020D8
S315600237C009F04BF809F00DF8E06AB0F5C04F04D085
S315600237D0002009F042F809F004F84FF4C040E062B4
S315600237E0E06AA06289E7FFE7F1BD0B48017851F014
S315600237F01001017070470000C86E0B10C46E0B108A
S315600238008C12031094120310CC6E0B10986E0B1070
S31560023810AC6E0B10D06E0B1047750B1032750B1019
S31560023820C06E0B1030750B10BC6E0B102E750B1024
S3156002383046750B1080B5002806D0017A002903D0A0
S31560023840007AEFF7FEFA02E01000E9F765F902BDC9
S315600238502DE9F04704000D0090469946002C04D1EC
S31560023860002008F0FAFF08F0BCFF002D04D100200A
S3156002387008F0F3FF08F0B5FF089F17F0010080001B
S31560023880B90701D5002100E00021C7F3C00212F09A
S3156002389001029200FB0602D55FF0000A01E05FF0CA
S315600238A0000A081810181AEB000A0320EEF741FF07
S315600238B00600002E04D12800F0F7F9FB00204BE049
S315600238C0B77200203060756028895146C9B289B2E4
S315600238D0884204D2002008F0C0FF08F082FF2989DE
S315600238E05046C0B2091A318114212800F0F77CFBD8
S315600238F000280BD0DFF8500BB0F8C010491CA0F8B6
S31560023900C0103000FDF742FF002025E07068406875
S31560023910F060E08A07F0E8FFF1680880208B07F024
S31560023920E3FFF1684880484607F0E6FFF1684860C1
S315600239305FFA8AFA04209AFBF0F0401D5FFA88F873
S3156002394058EA0038404680B207F0CEFFF1688881B7
S315600239500020F16848823000BDE8F0872DE9F8431F
S3156002396007000E0090461C00B146002C04D10020D0
S3156002397008F073FF08F035FF089D002D04D1002082
S3156002398008F06BFF08F02DFF3000414680B289B225
S3156002399088421CD2099880070DD4A87E400616D4A8
S315600239A00A98C0B2002806D0E86F002803D1D5F87D
S315600239B0800000280BD0404680B2310089B201F205
S315600239C0C451884201D2C14601E006F2C4594FF49D
S315600239D02072494689B23800C0B2F0F79EF90500F6
S315600239E0002D01D100200EE02868002804D00020B6
S315600239F008F033FF08F0F5FE6889801B20802E816F
S31560023A00288968812800BDE8F28338B504000D0074
S31560023A10002C04D1002008F020FF08F0E2FE207D91
S31560023A2004280BD0207D072808D0207D022805D0E7
S31560023A30207D032802D07FF00A0040E0280080B291
S31560023A40002801D100203AE0206FADB2A84206D22A
S31560023A50608B50F0800060835FF0FF302FE0B4F837
S31560023A60740043280DD3DFF8E009B0F8B810491C9A
S31560023A70A0F8B810608B50F0800060835FF0FF3072
S31560023A801DE0B4F8740000280CD0D4F88000002839
S31560023A9007D1E06F002804D1002008F0DEFE08F0AE
S31560023AA0A0FE0BE0D4F88000002802D1E06F002867
S31560023AB004D0002008F0D1FE08F093FE002032BD4B
S31560023AC02DE9F84F8AB00600994600200690002537
S31560023AD05FF0000A0020099000245FF0000B0020CE
S31560023AE08DF81C000020ADF80C005FF00008002085
S31560023AF0ADF81400002E02D17FF00F001EE14FF6E2
S31560023B00FF70F36E5B08834202D2F36E5B0800E0DD
S31560023B100300F78E9BB29F4201D2F08E06E0F36EEF
S31560023B205B08834202D2F06E4008FFE703009BB255
S31560023B30002B02D0ADF8160002E0F08EADF816004A
S31560023B4008910898002802D17FF00F00F6E0ADF8E0
S31560023B500E20BDF80E103000FFF757FF010049B284
S31560023B60002901D040B2E9E0B6F8747000208DF801
S31560023B7011008DF81090F06F002800F02981F56F22
S31560023B8000E02D6828680028FBD1A87A10F00100B1
S31560023B908000A97A890701D5002100E00021AA7A6E
S31560023BA0C2F3C00212F001029200AB7ADB0602D5C2
S31560023BB05FF0000901E05FF000090818101819EBC0
S31560023BC00009BDF81600298911FA89F1884204DADA
S31560023BD0002008F042FE08F004FEBDF8161028899F
S31560023BE0091A48468946B9EB0009B6F87600ADF877
S31560023BF00C00BDF80C00002831D04846BDF80C1008
S31560023C0080B2884204D2002008F027FE08F0E9FD5F
S31560023C10AA46BDF80C00BDF80E10884202D2BDF865
S31560023C200C0001E0BDF80E00494689B2814201DA14
S31560023C30C8460AE0BDF80C00BDF80E10884202D2F2
S31560023C40BDF80C8001E0BDF80E8018EB0B0BBDF8D9
S31560023C500C00B0EB0800ADF80C00B9EB0809BDF832
S31560023C600C0000280AD05846BDF80E1080B2884271
S31560023C7004D0002008F0F1FD08F0B3FD5846BDF807
S31560023C800E1080B2884280F0EC80484680B20028EE
S31560023C9000F0E7802889002800F0E380494689B26F
S31560023CA0BDF80E20584680B2121A914202DAADF879
S31560023CB0129005E0BDF80E00B0EB0B00ADF81200F5
S31560023CC0AA469DF81000C0074CD5012002909DF8C7
S31560023CD010000190009603AB4A4692B2BDF81210EC
S31560023CE00020FFF73BFE069000282AD1708B50F029
S31560023CF080007083DFF85007B0F8B810491CA0F84E
S31560023D00B8100698002802D00698F0F7D0F9002C71
S31560023D1002D02000FDF731FDB6F8740000280BD002
S31560023D20D6F88000002807D1F06F002804D1002061
S31560023D3008F093FD08F055FD5FF0FF300BB0BDE86B
S31560023D40F08FBDF812200898594689B24118069834
S31560023D50D0F80490484607F046E90698F0F706FA66
S31560023D60C71930E0696800E0096808680028FBD175
S31560023D70087B10F0C00F13D148684989401808992A
S31560023D8088420DD1584680B2002804D0002008F03F
S31560023D9064FD08F026FDBDF81200ADF8140012E0CD
S31560023DA00122BDF812100020EFF7B7FF0690002837
S31560023DB09CD00898594689B2401806994860069878
S31560023DC0F0F7D4F9C719BDF8120010EB0B0B48E0F7
S31560023DD0B6F87600002804D0002008F03EFD08F010
S31560023DE000FD3EE00998002804D1002008F035FD68
S31560023DF008F0F7FC0998C0F800A02EE0089859462A
S31560023E0089B24018CAF804004FF420729DF8111066
S31560023E1089B23620EFF781FF0190002800F0848096
S31560023E2051460198F0F7BFF90198F0F79FF9C71963
S31560023E30380080B244287BD29DF81C000090706ED8
S31560023E4010FA8BF3002201993000FFF701FD8246DA
S31560023E50002871D0002CC5D15446CDF824A019EBA8
S31560023E600B0B5846BDF80E1080B2884265D2BDF87B
S31560023E700E90B9EB0B09BDF816009DF81110401AA9
S31560023E804946020089B292B2914200D381469DF8B8
S31560023E901000C00734D5002C01D1012000E00020BB
S31560023EA0C0B202909DF810000190009603ABBDF877
S31560023EB016209DF8110059FA80F189B23620FFF773
S31560023EC04DFD019000281AD001984089494689B271
S31560023ED0884204D2002008F0C0FC08F082FC4A4600
S31560023EE092B20898594689B24118019840689DF87D
S31560023EF0113010EB030A504607F074E894E7F5E6D2
S31560023F00BDF80C00002804D0002008F0A6FC08F0DA
S31560023F1068FC0122494689B23620EFF7FEFE8246E8
S31560023F2000287FF46BAFE1E65046F0F7C0F8DDE6B5
S31560023F300198F0F7BCF8D9E6D8E6404680B2002888
S31560023F402AD0D5F804901FE0B9F8080018EB0000F3
S31560023F50A9F80800D9F80000002813D1424692B2A7
S31560023F6008980090D9F80400B9F80A1010EB010B12
S31560023F700099584607F036E8B9F80A0018EB0000CF
S31560023F80A9F80A00D9F80090B9F1000FDCD12889A6
S31560023F9018EB0008A5F80880BDF80C00A6F87600B4
S31560023FA00698002810D0002D04D1002008F055FC98
S31560023FB008F017FC06996868F0F7F5F829890698FB
S31560023FC000894118298127E0BDF81400002823D012
S31560023FD0002D02D06868002804D1002008F03DFC5C
S31560023FE008F0FFFB696805E00A89BDF814008218CB
S31560023FF00A81096808680028F6D10A89BDF81400A2
S3156002400082180A814A89BDF8140082184A81298970
S31560024010BDF8140041182981002D01D1F46700E032
S315600240202C60706EBDF80E1010FA81F07066316FFA
S31560024030BDF80E00091A3167A6F87470B6F87400F6
S3156002404000280BD0D6F88000002807D1F06F002830
S3156002405004D1002008F001FC08F0C3FBBAF1000F9E
S3156002406011D0DAF80C0000280DD09DF810008007F8
S3156002407009D4082007F038FCDAF80C10898908435D
S31560024080DAF80C108881002058E62DE9F84F060010
S315600240908846002400200020002E04D1002008F06B
S315600240A0DCFB08F09EFBF76F002F02D15FF0FF305A
S315600240B063E0404680B2002807D1002008F0CDFBBD
S315600240C008F08FFB7FF0050057E04046398980B2E1
S315600240D0884201D3002050E0F08E414689B2884280
S315600240E004D2002008F0B9FB08F07BFB388900286F
S315600240F004D1002008F0B1FB08F073FB97F80A9030
S3156002410019F0010080005FEA897101D5002100E0A3
S315600241100021C9F3C00212F0010292005FEAC9638C
S3156002412002D55FF0000A01E05FF0000A0818101875
S315600241301AEB000AB7F808B0BBEB080B4FF4207213
S315600241405BFA8AF189B23620EFF7E7FD0500002DAA
S3156002415015D1BD48B0F8B810491CA0F8B810002CAB
S3156002416004D0002008F079FB08F03BFB002D02D05A
S315600241702800EFF79CFF5FF0FF30BDE8F28F7868AA
S31560024180038938891B1A18EB03039BB25A4692B20B
S3156002419068685FFA8AFA10EB0A017868F0F7A0F8A5
S315600241A0594689B28842D4D1F868808907F09CFB67
S315600241B082461AF03F0A00245FEA0A7003D51AF0B3
S315600241C0F70A54F008045FEACA7003D51AF0FE0AC9
S315600241D054F00104F968486807F08EFB5FFA89F9C2
S315600241E0CDF8009010FA88F32200D2B2290030008E
S315600241F0FFF72EFB0400002CABD07868EFF7B6FF12
S31560024200B6F87410081AA6F8740078680189B1EBDA
S315600242100B0189B27868EFF75FFE3889B0EB0B0B5A
S31560024220A7F808B05FFA8AFA504680B207F05CFBDC
S31560024230F96889890843F96888817868EFF796FF93
S31560024240B6F874104018A6F874006068EFF78EFF2F
S31560024250B6F874104018A6F87400386820603C609E
S315600242602068002802D10020A6F87600002084E7A4
S3156002427038B50400002C04D1002008F0EEFA08F0EC
S31560024280B0FAE06F00281AD0E56F00E02D68286862
S315600242900028FBD1E868808907F026FB10F0070F3B
S315600242A00DD1012007F020FBE96889890843E96896
S315600242B08881608B50F020006083002003E001213A
S315600242C0200000F001F832BD2DE9FC4104000D002A
S315600242D00027002015F0030F04D1002008F0BDFA74
S315600242E008F07FFA002C04D1002008F0B6FA08F034
S315600242F078FAA80708D50127207D032802D1608BAA
S31560024300C00501D557F0080717F001008000B9070C
S3156002431001D5002100E00021C7F3C00212F00102BC
S315600243209200FB0602D55FF0000801E05FF000082C
S315600243300818101818EB00084FF420724146C9B2EB
S3156002434089B23620EFF7E9FC060000280CD1608BB3
S3156002435050F0800060833C48B0F8B810491CA0F861
S31560024360B8105FF0FF3060E070895FFA88F81FFA74
S3156002437088F8404504D2002008F06FFA08F031FA56
S31560024380FFB20097636E2A00D2B231002000FFF7B7
S315600243905FFA060000280CD1608B50F080006083C3
S315600243A02948B0F8B810491CA0F8B8105FF0FF3081
S315600243B03BE03089002804D0002008F04EFA08F06D
S315600243C010FAE06F002801D1E66706E0E16F00E0CF
S315600243D0096808680028FBD10E600020A4F8760000
S315600243E015F0030F02D0606E401C6066E80703D5C5
S315600243F0608B50F0200060837068EFF7B7FEB4F808
S3156002440074104018A4F87400B4F8740000280BD035
S31560024410D4F88000002807D1E06F002804D100207C
S3156002442008F01BFA08F0DDF90020BDE8F68110B548
S315600244300400002C04D1002008F00FFA08F0D1F92C
S31560024440DFF8F008206010BD6C6B0B102DE9F047A9
S315600244500500002D04D1002008F0FFF908F0C1F92B
S31560024460287D012804D1002008F0F7F908F0B9F98F
S31560024470DFF8C4080068A84201D10020FCE0A86EFB
S31560024480E96C884202D2D5F8688001E0D5F84C80A2
S31560024490EC6F002C07D1A87E800703D5280000F0B8
S315600244A051FCE9E0E2E02A1D29002800FFF7C2F983
S315600244B00600002E02D17FF00300DDE0002D02D05F
S315600244C0286800280BD1002E01D0301D00E00020A4
S315600244D0002802D17FF00300CEE000682860E16820
S315600244E0486807F009FAA96C401A21894018804584
S315600244F01BD2A86E804510D1D5F8800000280CD159
S3156002450095F8A900002808D1002085F8A8000120A6
S3156002451085F8A900002085F8AA00A87E800703D541
S31560024520280000F00FFCA7E0A0E0002085F8A900B3
S31560024530D5F88070002F04D000E03F683868002804
S31560024540FBD1002C00F08C80E168486807F0D4F952
S31560024550A96C401A218940188045C0F08180E068C4
S31560024560808907F0C1F9400704D5002008F075F983
S3156002457008F037F9D5F8800000281DD0A87E10F023
S31560024580440F19D1E86F002808D0E86F0068002848
S3156002459012D1E86F0089E98E88420DD24FF6FF701C
S315600245A0296F814201D2286FFFE780B2002803D0CB
S315600245B0B5F87400432801DB012000E000200028E2
S315600245C003D1A87E10F0A00F4AD0287D022807D01A
S315600245D0102007F089F9E16889890843E1688881D2
S315600245E032002900200000F098F8010049B2002943
S315600245F044D12068E867287D022804D0698B4FF68B
S31560024600FC7001406983E168486807F075F9814684
S31560024610E068808907F068F910F0030F34D0012052
S31560024620218919EB01014018A96D091A002900D5E3
S31560024630A865E068808907F057F910F0030F25D066
S31560024640012021894018002852D000202060D5F828
S31560024650800000281CD1C5F880402700EC6F70E707
S31560024660E86F002802D10020A5F87600698B4FF624
S315600246707F70014069830020BDE8F087698B51F045
S315600246808001698340B2F7E70020C9E70020D8E7D6
S31560024690E168486807F030F98146F968486807F0CA
S315600246A02BF9B9EB0009B9F1000F1ED515F1800996
S315600246B001E0D9F80090D9F8000000280FD0D9F8A7
S315600246C00000C168486807F017F98246E1684868E1
S315600246D007F012F9BAEB000ABAF1000FE9D4D9F879
S315600246E000002060C9F80040B8E73C603F68B5E763
S315600246F02000FDF74BF8B1E710B50400002C04D199
S31560024700002008F0AAF808F06CF86068807B01283F
S3156002471001D0012000E0002010BDFEB504000D00AE
S315600247201600002C04D1002008F097F808F059F81A
S31560024730002D04D1002008F090F808F052F8002EFF
S3156002474004D1002008F089F808F04BF82000FFF742
S31560024750D3FF002801D00020B8E0686A07F0CCF8E1
S31560024760E1688860A07A00070CD54FF6FF70E96AA7
S31560024770814201D2E86AFFE780B207F0B5F8E168E4
S31560024780C88111E04FF6FF70E96A95F8AD20D14015
S31560024790814204D2E86A95F8AD10C840FFE780B25C
S315600247A007F0A2F8E168C881696AE86A4118296374
S315600247B0E06810F11407A07AC0070CD52A1D3100F3
S315600247C040F2C450FDF72DFA80B250F0017007F046
S315600247D093F838603F1DA07A000703D53800FFF7CB
S315600247E026FE3F1DB5F93400002801D50020A886B3
S315600247F0A86B002808D1DFF844050068A863E16861
S31560024800486807F079F8E863E16860684068091A01
S31560024810080080B2002806D1DFF82405D0F8782196
S31560024820521CC0F8782160684089401A62685081DB
S3156002483060680089411A60680181E0686168486061
S315600248400020E1680882A07A10F001008000A17A57
S31560024850890701D5002100E00021A27AC2F3C002D5
S3156002486012F001029200A37ADB0601D5002300E072
S315600248700023D4F80CC01CEB000040188018C01846
S315600248801430874204D0002007F0E7FF07F0A9FF43
S31560024890281D00902B00606802890621606807F077
S315600248A0D8F8E1680882DFF89804B0F8AC10491CC1
S315600248B0A0F8AC10029606200190A87A0090EB7AD6
S315600248C02A1D29006068E8F738FB40B2FEBD70B564
S315600248D00400002C04D1002007F0BFFF07F081FF1F
S315600248E0D4F88000002802D17FF0050038E0D4F8C1
S315600248F0805000E02D682868002807D02800FFF75E
S31560024900FBFE0028F6D07FF0050029E02800FFF7BD
S31560024910F3FE002802D07FF0050021E0E06F2860F8
S31560024920D4F88000E0670020C4F88000608B50F401
S3156002493000606083E968486806F0DEFF0600E868A2
S31560024940808906F0D1FF10F0030F01D0012000E04C
S31560024950002029897118401860650020A063002034
S3156002496070BD10B50400002C04D1002007F075FF5D
S3156002497007F037FF94F84600FF2804D094F8460003
S31560024980401C84F846002000FFF760FD10BD10B59C
S315600249900400002C04D1002007F05FFF07F021FF1E
S315600249A02000FFF794FF002802D12000FFF7D9FF0D
S315600249B010BDF8B50400002C04D1002007F04DFFAD
S315600249C007F00FFFD4F88000002802D17FF00500BF
S315600249D03BE0D4F880502800FFF78EFE002802D014
S315600249E07FF0050031E02868C4F8800014F17C0687
S315600249F000E03668306800280CD03068C1684868C4
S31560024A0006F07AFF0700E968486806F075FF3F1A04
S31560024A10002FEED43068286035602868002802D1FD
S31560024A200020A4F8760094F84600FF2804D094F893
S31560024A304600401C84F846000020A063C048D0F8B7
S31560024A407C11491CC0F87C110020F2BD10B504002F
S31560024A50002C04D1002007F000FF07F0C2FED4F854
S31560024A608000002824D0A07E400721D42000FFF7D2
S31560024A70A0FF00281CD1E06CA16E884201D2E06CD6
S31560024A8000E0A06E40082065206DE18EB0EB410F1C
S31560024A9002D2E08E40002065216DE28E032000FB8B
S31560024AA00211E164608B50F0040060830020A086EE
S31560024AB010BD2DE9F84F8046894611009A464FF49B
S31560024AC0207211EB0901143189B22220EFF725F920
S31560024AD00400002C3DD06089494689B2143188426F
S31560024AE004DA002007F0B9FE07F07BFE0D9F0C9EEC
S31560024AF00B9D0A98D4F804B080B206F0F5FEABF8C6
S31560024B000000280080B206F0EFFEABF80200CBF898
S31560024B1004A0404606F0F0FECBF808001FFA89F9B9
S31560024B20042099FBF0F0401DF6B256EA00363000DA
S31560024B3080B206F0D9FEABF80C00380080B206F0FF
S31560024B40D3FEABF80E000020ABF810000020ABF8E5
S31560024B5012002000BDE8F28FF8B584B004000D00A3
S31560024B6016001F00002C04D1002007F076FE07F025
S31560024B7038FE4FF6FF70E16A94F8AD20D14081426B
S31560024B8004D2E06A94F8AD10C840FFE780B20390A1
S31560024B9010200290208B0190E08A00903B00320048
S31560024BA092B2290089B2606AFFF783FF002803D0B8
S31560024BB0626AE16A8A18226305B0F0BD70B50C00BC
S31560024BC015000026002C04D1002007F046FE07F0EF
S31560024BD008FE606810F1140115F001029200AB073D
S31560024BE001D5002300E00023C5F3C00414F00104DC
S31560024BF0A400ED0601D5002500E00025B6B210EB53
S31560024C0086008018C018001940191430814204D0F9
S31560024C10002007F022FE07F0E4FD70BD2DE9FE4399
S31560024C2004000D0017009846002D04D1002007F0FD
S31560024C3014FE07F0D6FD424639002000FEF7FAFD63
S31560024C400600002E02D17FF0030424E0D5F804901A
S31560024C50CDF800803B002A890621280006F0F9FE7D
S31560024C60A9F81000002C02D0E37AA07A01E0402372
S31560024C7000203349B1F8AC20521CA1F8AC20029650
S31560024C8006210191C0B20090DBB24246390028008B
S31560024C90E8F753F904002800EFF709FA200040B25A
S31560024CA0BDE8FE832DE9FF4707008A4616001C0011
S31560024CB0002C04D1002007F0D0FD07F092FD0C9D78
S31560024CC0002D04D1002007F0C8FD07F08AFD5FF0D1
S31560024CD000085FF03009504606F00EFE1FFA89F9A9
S31560024CE0CDF80C9014210291BDF838100191BDF8EF
S31560024CF034100091030000224146C9B289B23000E5
S31560024D00FFF7D7FE0600002E12D04346DBB2002222
S31560024D1031003800FFF752FF0948D0F88811491C64
S31560024D20C0F888112B00220031003800FFF776FFA9
S31560024D30BDE8FF8701030301D46E0B10986E0B105A
S31560024D406C6B0B10F8B5040000260027002C04D10A
S31560024D50002007F082FD07F044FD16F00100800096
S31560024D60B10701D5002100E00021C6F3C00212F0AE
S31560024D7001029200F30601D5002500E0002508181D
S31560024D8010182D18A06D06F0B7FD03000022EDB2D3
S31560024D90290089B22000FFF7DFFE0500002D06D14B
S31560024DA0608B50F0030060837FF001001CE03B00E3
S31560024DB0DBB23200D2B229002000FFF7FFFE231DCC
S31560024DC0220029002000FFF729FF010049B20029CD
S31560024DD004D0618B51F00301618304E0628B4FF66C
S31560024DE0FC710A40628340B2F2BD70B504000026CF
S31560024DF0002C04D1002007F030FD07F0F2FCA06D14
S31560024E00401E06F079FD030000223100C9B289B264
S31560024E102000FFF7A1FE0500002D02D15FF0FF30F2
S31560024E200DE03300DBB2002229002000FFF7C6FE48
S31560024E30231D220029002000FFF7F0FE40B270BD5C
S31560024E402DE9F84304000027002C04D1002007F066
S31560024E5004FD07F0C6FCE66F002E01D1002063E078
S31560024E6094F8AA00FF2804D094F8AA00401C84F89B
S31560024E70AA00F068808906F037FDC00705D530893B
S31560024E80002802D15FF0010901E05FF0000948469F
S31560024E90C0B2002801D0002200E00122F068436817
S31560024EA092B23900C9B289B22000FFF755FE0500F9
S31560024EB0002D02D15FF0FF3036E0D5F804805FFA4C
S31560024EC089F9B9F1000F0BD0112006F00DFDB8F883
S31560024ED00C204CF2FF010A401043A8F80C000BE0CC
S31560024EE0686810F114017068038930891B1A9BB2D5
S31560024EF001227068EFF7F4F9F168486806F0FCFC85
S31560024F00401CA16D091A002900D5A0653B00DBB2E1
S31560024F10002229002000FFF751FE231D22002900EE
S31560024F202000FFF77BFE40B2BDE8F283F8B50500CC
S31560024F300E0001E000F0D8F900F0F5F9040014F172
S31560024F40010F15D0002CF5D0DFF834723800FAF76D
S31560024F50CDFD220031002800FAF7D4FC04003800A7
S31560024F60FAF7BAFD14F1010F0FD100F0BDF9E3E7CC
S31560024F70834C2000FAF7BAFD002231002800FAF7C6
S31560024F80C1FC2000FAF7A8FDFFE7F1BD80B57C48B9
S31560024F90FAF7A2FD7B490868002809D07A480068BA
S31560024FA00968884704E0002007F057FC07F019FCFF
S31560024FB069467648FFF7BAFF00980028F3D0009852
S31560024FC000F001F8F4E710B504002078002803D059
S31560024FD0022817D00ED319E0A1686068E26890478C
S31560024FE0002802D06068EFF762F821000920EDF729
S31560024FF0C0FB10E0A0686168884721000820EDF7D1
S31560025000B8FB08E0A0686168884704E0002007F002
S3156002501024FC07F0E6FB10BD2DE9F04105000E0009
S315600250201700DFF86881D8F80000002801D1002057
S3156002503000E00120002804D1002007F00EFC07F0F2
S31560025040D0FB0920EDF775FB0400002C02D15FF05E
S31560025050FF3012E0002020706560A660E7602100E4
S315600250604046FAF728FC002806D021000920EDF711
S3156002507080FB5FF0FF3000E00020BDE8F08180B584
S3156002508091F8412012F0180F03D0414AFFF7C4FF8E
S3156002509002E0404AFFF7C0FF02BDF8B505000E0008
S315600250A03A4F3868002801D1002000E0012000282C
S315600250B004D1002007F0D1FB07F093FB0820EDF73F
S315600250C038FB0400002C02D15FF0FF3011E00120B2
S315600250D020706560A66021003800FAF7ECFB0028B4
S315600250E006D021000820EDF744FB5FF0FF3000E0B8
S315600250F00020F2BD70B504000D00214E3000FAF7B3
S31560025100EBFC2800A0473000FAF7F0FC002070BDE7
S3156002511070B504000D001A4E3000FAF7DDFC280067
S31560025120A04704003000FAF7E1FC200040B270BDEF
S3156002513038B504000D0006F0C7FC12480460124838
S31560025140056010211148FAF765FB002804D000209B
S3156002515007F083FB07F045FB0948FAF797FC00283E
S3156002516004D0002007F079FB07F03BFB0620009095
S315600251704FF40063002208490848FAF7DCFC31BDA7
S31560025180E86E0B10D86E0B10DC6E0B10E06E0B1017
S3156002519069AB0010AFBB0010453F02109C120310B2
S315600251A080B5FBF77AFC70480068002803D16F4827
S315600251B00068002805D000226D49FA2000F07FF8C9
S315600251C002E000206B49086001BD80B56949086844
S315600251D000280ED164480068002803D1634800683D
S315600251E0002806D00120086000226149FA2000F0FA
S315600251F066F801BD70B504000D0016000C20EDF7CF
S3156002520098FA002807D1002804D1002007F025FB70
S3156002521007F0E7FA27E0002101608560C660446016
S31560025220554A1168002901D110601CE04368116873
S3156002523049685B1AB3F1004F03D3116801601060CD
S3156002524011E0116800E0096800290CD00A68002A9A
S3156002525006D043680A6852689B1AB3F1004FF2D3CC
S315600252600A680260086070BD38B504002500686887
S315600252708047FAF75CFC414909682B685B18191A82
S31560025280B1F1004F06D322003D492B681818FFF78B
S31560025290B1FF04E022003A491800FFF7ABFF31BDC7
S315600252A010B5012408E0374810EBC402344950F8BF
S315600252B0340000F004F8641C082CF4D310BD70B5F9
S315600252C004000D001600B4F1804F04D3002007F0ED
S315600252D0C4FA07F086FAFAF72AFC24183200290083
S315600252E02000FFF787FF70BD70B5FAF720FC040057
S315600252F013E04A68A21AB2F1004F13D20A6802603A
S315600253008D68CE6848681D4A10600C20EDF731FA48
S315600253102800002801D03000A847174801680029F4
S31560025320E7D1FFE770BD38B5134C2068002802D17B
S315600253305FF0FF3016E0FAF7FAFB05002068406876
S31560025340401BB0F1004F01D300200BE0206840689B
S31560025350451BB5F1004F04D3002007F07EFA07F033
S3156002536040FA280032BD0000A46E0B10A86E0B1026
S3156002537059410210F46E0B10EC6E0B10F06E0B10AE
S3156002538021420210A412031038B586B0002400F040
S3156002539000FADFF86404006800281DD0002004903B
S315600253A00020039005AA03A904A8ECF711FEDFF812
S315600253B04C540498029003980190032000900023B5
S315600253C0059ADFF83C140FF25110FAF707FC2860D1
S315600253D02868002800D00124002C00D100BE2000DD
S315600253E007B030BD2DE9FC4105000E001700984656
S315600253F02820E6F763FD0400002C0BD0002084F819
S31560025400240001940898009043463A00310028002F
S3156002541000F004F82000BDE8F68100002DE9F843AB
S3156002542007000C0015009846002C00D100BE099EAC
S31560025430002E14D0DDF8209000F0ABF93760B4612D
S31560025440C6F81C80C6F82090301D06F06DFB002D54
S3156002545005D096F8240050F0040086F82400BDE8D2
S31560025460F18300007FB504001D000020002C00D1EE
S3156002547000BEDFF884633368002B1CD00091019272
S315600254800294062911DAFBF7C3F8022806D1089AB4
S31560025490002369463068EFF711FD0CE00023002215
S315600254A069463068EFF70AFD05E000232A0069467F
S315600254B03068EFF789FD04B070BD00007CB5050069
S315600254C00E00DFF840030068C068C468201D06F05D
S315600254D055FB94F82400400714D52B003200A169CD
S315600254E04919200000F07AF8002811D000200090B7
S315600254F000232A0000212000FFF7B4FF002800D114
S3156002550000BE05E094F8240010F0FE0084F8240042
S315600255102000216A884773BD80B5684600F039F875
S31560025520009900F003F800F079F8F6E77CB505001B
S315600255300C00FAF777FD684600F03DF80600009821
S31560025540002823D1002C08D1AE4206D3FAF770FDAB
S3156002555031002800FFF7B2FF1AE0002C08D0DFF80E
S31560025560A80200680068002801D1012400E0002436
S315600255702200AD1B2900DFF880020068F0F704F80C
S31560025580FAF756FD002803D100DF01E0FAF750FD75
S3156002559073BD9C4A11680968002901D1012100E0A6
S315600255A0002101600068002803D11068C0680068A5
S315600255B000E00020704770B50400FAF79BFD050015
S315600255C0924E3068854204D200F0B0F80120206025
S315600255D001E0002020603560280070BD10B500240F
S315600255E0416000618A420BD3D21A81698A4201D331
S315600255F0012410E0011D8448006806F0A4FA0AE05E
S315600256009A4203D2994201D3012404E0011D7D48E6
S31560025610006806F098FA200010BD000010B586B04A
S3156002562023E094F8240050F0010084F82400029BE1
S315600256300A000299A06941182000FFF7CFFF0028EF
S3156002564013D02000216A884794F8240040070CD5BD
S31560025650002000900023029AA0698218002120008F
S31560025660FFF700FF002800D100BE002201A96248B0
S315600256700068EFF733FD002855D00198002807D55A
S3156002568002AA002A00D100BE91685068126890474B
S3156002569001980028E9D4039C6069002802D0201D85
S315600256A006F06CFA05A8FFF786FF0100019800284C
S315600256B0B7D00228B5D0B4D3042810D008D30628B0
S315600256C0AFD020D3082803D0ABD3092807D029E06E
S315600256D094F8240010F0FE0084F82400C5E794F8DC
S315600256E0240050F0010084F824000298A061A069A9
S315600256F0002800D100BE0B000A00A06941182000F4
S31560025700FFF76CFFB1E794F82400800703D420000A
S31560025710E6F74CFC05E094F8240010F0FE0084F8ED
S315600257202400A2E7A1E706B010BD00007CB505E043
S3156002573070603661311D206806F005FA314C2068CA
S31560025740006800281FD02068C06805682068C068A5
S31560025750C668301D06F012FA3000316A884796F83C
S3156002576024004007EAD5B06940198542E0D300209B
S31560025770009000232A0000213000FFF773FE002804
S3156002578000D100BEDAE720681F490A682260086015
S3156002579073BD7CB5EFF79CF8174C206800281BD1C7
S315600257A01B4D280006F0B1F91A4E300006F0ADF92D
S315600257B0144805601448066000200090164B174A8C
S315600257C010210A20EFF7F8FA20602068002803D03B
S315600257D013492068EFF7B0FEEFF78CF873BD00004F
S315600257E010B50400002800D100BEEFF771F8E46935
S315600257F0EFF780F8200010BD286F0B102C6F0B108E
S31560025800E4120310206F0B10246F0B10306F0B1015
S31560025810F86E0B100C6F0B10346F0B107C6F0B1045
S31560025820EC12031080B507F035F88004800CB0F5F1
S315600258308040DFF8B817088001BD10B40021FFE789
S31560025840DFF8A8271088431C13804FF6FF7380B2D7
S31560025850984202D14FF440401080DFF89407006806
S3156002586000E0C06800280BD0438A1488A342F8D1AE
S31560025870491C080080B2B0F5804FE1DB002000E0F1
S31560025880108810BC704770B504000D001600002C1D
S3156002589004D1002006F0E1FF06F0A3FF002D04D13B
S315600258A0002006F0DAFF06F09CFF207A00280BD073
S315600258B0207ADFF84017496891F84A10491CC9B244
S315600258C0884201D0002025E0F6B2002E14D0002CCA
S315600258D010D0206800280DD0DFF81817486910F13B
S315600258E0010F07D02268A86802404969A86801408A
S315600258F08A420ED101200DE0002C08D020680028D3
S3156002590005D02068DFF8EC164969884201D101208A
S3156002591000E0002070BD2DE9FE4F06000F0000205A
S31560025920002E04D1002006F098FF06F05AFF002FE1
S3156002593004D1002006F091FF06F053FFDFF8B8A607
S31560025940BAF89600401CAAF896007089082812DAFE
S31560025950BAF89E00401CAAF89E00BAF89A00401C4B
S31560025960AAF89A00DAF89401401CCAF89401300049
S31560025970EEF79DFB00E170680290DFF878B6DBF81F
S315600259800010DBF81400E7F753FC814602980088A2
S3156002599005F0AAFFADF804000298408805F0A4FF5E
S315600259A0ADF8000000205FF000080025DFF8400631
S315600259B0046801E0A046E468002C4AD0608ABDF81B
S315600259C000108842F6D14A46D2B239002000FFF76B
S315600259D05AFF0028EED0207C40071CD4002D01D14E
S315600259E0250018E04846C0B200280ED0DBF8140045
S315600259F010F1010F09D12868796888420BD02068B6
S31560025A007968884207D1250005E0002C03D020681A
S31560025A10002800D02500A08ABDF804108842C9D1AA
S31560025A206068002804D06068DBF810108842C1D133
S31560025A30B8F1000F08D0E068C8F80C00DFF8B005CE
S31560025A400168E160046004E0BAF8AA00401CAAF8A2
S31560025A50AA00002C00D12C00002C01D0012007E006
S31560025A607868DBF81410884201D1012000E000203A
S31560025A70C0B200287DD00298C08800281ED01BF1D3
S31560025A80140000901BF1100332891121300005F0D9
S31560025A90E0FF002812D0BAF89C00401CAAF89C00CD
S31560025AA0BAF89A00401CAAF89A00DAF89401401CE7
S31560025AB0CAF894013000EEF7FAFA5DE00821300088
S31560025AC0EEF797FA002812D0002006F0C6FE06F01E
S31560025AD088FEBAF89A00401CAAF89A00DAF894018D
S31560025AE0401CCAF894013000EEF7E1FA44E0002C5B
S31560025AF016D0DAF88C01401CCAF88C01206A00289C
S31560025B000AD0BDF8040000901BF110033200210098
S31560025B10606A246AA0472FE03000EEF7C8FA2BE0ED
S31560025B205FFA89F9B9F1000F10D19BF8140010F0F1
S31560025B30F000E0280AD0BBF90C10083109B2300037
S31560025B40EEF78FFA03213000E6F751FCBAF8A400AB
S31560025B50401CAAF8A400BAF89A00401CAAF89A0057
S31560025B60DAF89001401CCAF890013000EEF79FFA0D
S31560025B7002E03000EEF79BFABDE8F78F80B50028A9
S31560025B8002D17FF00F0008E0002902D17FF00F00FA
S31560025B9003E0838A021D00F001F802BDF8B5040035
S31560025BA00D0016001F00002C02D17FF00F0043E0AB
S31560025BB0002D02D17FF00F003EE0002E02D17FF071
S31560025BC00F0039E0207A002803D0207AEDF739F900
S31560025BD01EE00020317811F0F001E02913D1217F17
S31560025BE0002903D0207FEDF72CF90CE0A16900298A
S31560025BF009D0A169DFF804241268914203D014F136
S31560025C001800E6F789FF002802D13000E6F784FF24
S31560025C10002809D1DFF8E003B0F8A210491CA0F809
S31560025C20A2107FF0030007E000903B009BB23200B7
S31560025C302900200000F001F8F2BD7CB5002802D1EF
S31560025C407FF00F0028E0002902D17FF00F0023E0E9
S31560025C50002A02D17FF00F001EE0069C002C02D1C2
S31560025C607FF00F0018E0002807D00568002D04D0E9
S31560025C70057815F0F005E02D01D1251D07E00568D0
S31560025C806668B54202D07FF0030005E00500019523
S31560025C9000949BB200F001F876BD2DE9FE4F050037
S31560025CA016009946002D02D17FF00F00B3E00C007A
S31560025CB0002C02D17FF00F00ADE0002E02D17FF002
S31560025CC00F00A8E0DDF83480B8F1000F02D17FF052
S31560025CD00F00A0E00C9F002F02D17FF00F009AE028
S31560025CE0688A00280AD16A8A2900280000F095F895
S31560025CF0010049B2002901D040B28CE02089083007
S31560025D00218980B2884202D25FF0FF3083E00821A7
S31560025D102000EEF769F9002814D04FF420720821AA
S31560025D202220EDF7FAFF8246BAF1000F02D15FF048
S31560025D30FF3070E02089002805D021005046EEF73A
S31560025D405AFA00E0A246BAF80A00082804D20020ED
S31560025D5006F083FD06F045FDDAF804B0688A05F0C0
S31560025D60C3FDABF80000484680B205F0BDFDABF856
S31560025D7002000020ABF80600287C00070AD53078BE
S31560025D8010F0F000E02805D19AF80D0050F00400FA
S31560025D908AF80D00BAF8080005F0A6FDABF8040013
S31560025DA0287CC0070FD400964346BAF80820112112
S31560025DB0504605F04EFE010089B2002901D14FF628
S31560025DC0FF70ABF806001120317811F0F001E0297E
S31560025DD001D16B7F00E0EB7A0297C0B20190A87A9C
S31560025DE00090DBB2320041465046E7F7D7F805002D
S31560025DF0814ED6F89801401CC6F89801A24503D098
S31560025E005046EEF754F90020B6F89400401CA6F806
S31560025E109400280040B2BDE8FE8FF8B505000C007C
S31560025E20002C00D1764C002D02D17FF00F0048E0A5
S31560025E3000266F4F386800E0C068002802D08542AD
S31560025E40FAD10126100080B2002809D1FFF7F5FCCD
S31560025E500200100080B2002825D17FF0070030E0F2
S31560025E60386800E0C06800281DD08542FAD0697A99
S31560025E70490702D5417A4907F4D4418A13009BB295
S31560025E809942EFD101682368994209D0002C07D064
S31560025E902168002904D0002802D001680029E1D1D6
S31560025EA07FF007000DE0002C01D1002000E02068A1
S31560025EB028606A82F6B2002E02D13868E8603D60D8
S31560025EC00020F2BD002904D091F84A10491C0172E3
S31560025ED001E000210172704770B505000C001600E2
S31560025EE0002D02D17FF00F002CE0002C02D17FF052
S31560025EF00F0027E0688A00280AD16A8A29002800EA
S31560025F00FFF78BFF010049B2002901D040B219E0C8
S31560025F10002C01D1002000E020686860AE82287CF7
S31560025F2050F0040028743248006800E0C068002817
S31560025F3003D08542FAD1002004E02D480168E96069
S31560025F400560002070BD002801D001624262704780
S31560025F5080B50100002917D0254802688A4203D11C
S31560025F600268D26802600CE0006800E0C06800283F
S31560025F7007D0C268002AF9D0C2688A42F6D1CA68D6
S31560025F80C2600020ECF7F5FB01BD38B50020ECF7E6
S31560025F90D0FB0400002C09D028210022250028000D
S31560025FA005F0A8E84020E07240206077200032BD0C
S31560025FB080B5FFF7EAFF02BD10B4002813D002686D
S31560025FC0002A10D000290ED00A68002A0BD0084A8F
S31560025FD0126806E013680468A34201D10B68136075
S31560025FE0D268002AF6D110BC70470000E4DA0210CB
S31560025FF01C700B10847509106C6B0B10E4EA0210AE
S31560026000E0EA02101FB50E480168491C01600D4C9A
S315600260100D4802900D480190012000900C4B4FF400
S3156002602080720C490FF23100F9F7D8FD20602068C2
S31560026030002803D100212068EBF768FF1FBD00002E
S31560026040A0100A1088700B1020700B1048A50B1058
S3156002605000130310F412031010B50400EBF758FF97
S31560026060200000F001F810BD38B5A6B0402100222C
S3156002607016AC200005F03EE84021002206AC200066
S3156002608005F038E800204FF4FA60F9F7A9FE254CCE
S31560026090002200212020DBF725FB206020680028F3
S315600260A03ED04EF6486220492068DBF7B7FB0028EF
S315600260B036D169462068DBF7CEFD002816D103AAE1
S315600260C002A9009805F0CBFD03980590029804900A
S315600260D016AD059A0499280004F084EF0098858924
S315600260E0009880680190009805F06EFD05F05DFDF0
S315600260F0009016A805F0D0E8020092B216A90098A0
S3156002610005F084FD2B009BB201AA00992068DBF79B
S31560026110ECFD009805F058FDC820F9F761FEC8E766
S3156002612027B030BD8C700B10E0EA02103EB5040059
S315600261300D00002C4FD0002D4FD0A560A06880685E
S31560026140019014F1BC00009014F19C0314F17402E6
S3156002615014F1400114F10C0000F00EFBC0B20028ED
S315600261603DD1A068436814F1640214F1740114F11C
S315600261709C0000F019F9C0B2002832D12A6814F1E5
S31560026180400114F1740000F071F8C0B200282AD1FF
S3156002619014F1640214F10C0114F1400001F040F8AC
S315600261A0C0B2002821D114F10C0114F1640000F090
S315600261B0A7FFC0B200281AD114F1640114F1BC0021
S315600261C001F074F9C0B2002813D114F19C0000F0FA
S315600261D01BF900200EE002200CE002200AE00320F8
S315600261E008E0032006E0032004E0032002E0032027
S315600261F000E003203EBD10B50400002C12D060689A
S31560026200002811D114F1640000F0A4FF14F14000DB
S3156002621001F044F814F1740000F056F81148606019
S31560026220002002E0022000E0002010BD10B504004C
S31560026230002C13D060680B49884211D114F16400B6
S3156002624000F088FF14F1400001F028F814F17400A0
S3156002625000F03AF800206060002002E0022000E0D0
S31560026260002010BD00524C440020704710B5040057
S3156002627022606162206841682068006822689268CC
S31560026280126890470100C9B2002906D00100C9B25E
S31560026290042902D0C0B2052812D10FF2AD00A06166
S315600262A02462201DE06114F11401206800682268EE
S315600262B0926812699047C0B2002803D1002002E0BA
S315600262C0032000E0032010BD80B501000868006865
S315600262D00968896849688847C0B2002801D10020E8
S315600262E000E0002002BD80B502004868012804D0A3
S315600262F017D3032812D00ED313E00120486010682A
S31560026300006812689268526990470100C9B2002912
S3156002631009D1002008E002204860F0E703204860C7
S31560026320EDE7012000E0C0B202BD10B50C00062206
S3156002633000684068006840680169200004F052EE17
S31560026340002010BD0000000010B50400E06821784E
S31560026350002927D0012925D1A1684968012904D0DD
S3156002636016D3032910D00BD312E00121A268516023
S31560026370A168406A00F098FFC0B2002811D011E00F
S315600263800221A2685160F3E70321A2685160EFE738
S31560026390A068002804D0A068E5F708FE0020A06087
S315600263A000E0FFE710BD000010B504002360E16164
S315600263B0A2610120EEF761FD60616069002819D073
S315600263C001216069EEF708FF0028F9D0206841686C
S315600263D0206800682268926812689047002801D097
S315600263E00E2809D10023002200216069EEF766FDBE
S315600263F0002008E0032006E00023002200216069F5
S31560026400EEF75CFD032010BD30B587B004000121B4
S315600264106069EEF7E1FE0028F9D014F10C01E0693B
S31560026420FFF783FFC0B2002840D114F10C00606010
S315600264300FF2F110A060DFF860020460211D20688F
S315600264400068F0F74CFB002838D120680068F0F746
S31560026450CAFB00283AD10023002200216069EEF7C8
S315600264602DFDDFF83822D2E90001CDE902010C21C7
S31560026470002204AD280004F03EEE6846DFF82012E2
S31560026480D1E90023C0E900236846029001208DF815
S3156002649005000421049861F30300049004AA02A98A
S315600264A020680068F0F7E3F9002016E00023002276
S315600264B000216069EEF702FD03200EE00023002250
S315600264C000216069EEF7FAFC032006E00023002251
S315600264D000216069EEF7F2FC032007B030BD1CB5FF
S315600264E0040001208DF8000001216069EEF774FE58
S315600264F00028F9D0694620680068F0F74DFA00284E
S3156002650007D10023002200216069EEF7D7FC002044
S3156002651006E00023002200216069EEF7CFFC01202D
S3156002652016BD80B5FFF7DBFF02BD38B504000D006E
S3156002653001216069EEF750FE0028F9D02800C0B24A
S31560026540012803D02800C0B2032806D100212068A2
S315600265500068F0F797FA002815D12800C0B2022821
S3156002656002D0EDB2032D06D1012120680068F0F752
S3156002657089FA00280FD10023002200216069EEF714
S315600265809DFC002032BD0023002200216069EEF7E7
S3156002659095FC0120F6E70023002200216069EEF7F0
S315600265A08DFC0120EEE738B504000D00012160691B
S315600265B0EEF712FE0028F9D02800C0B2012803D0F7
S315600265C02800C0B2032806D1002120680068F0F7CF
S315600265D03BFA002815D12800C0B2022802D0EDB2DB
S315600265E0032D06D1012120680068F0F72DFA0028F4
S315600265F00FD10023002200216069EEF75FFC0020C4
S3156002660032BD0023002200216069EEF757FC0120AB
S31560026610F6E70023002200216069EEF74FFC0120B5
S31560026620EEE7000018B587B01B4A1468002206928E
S315600266308DF80000002902D0012904D007E001206C
S315600266408DF8010006E002208DF8010002E00020CC
S315600266508DF8010005A9200000F024F8C0B20028D8
S3156002666015D101A9200000F02CF8C0B200280FD184
S315600266700DF11201200000F05DF8C0B2002808D1C9
S31560026680002300226946A06900F06AFD01E000E08D
S31560026690FFE708B010BD000090700B101C130310CA
S315600266A0141303101CB50C00694600680068F0F705
S315600266B0D5FA002803D100982070002000E001205E
S315600266C016BD3EB505000C00210028680068F0F78B
S315600266D0E4FA002824D114F1080128680068F0F76A
S315600266E0C5FA00281ED102A928680068F0F7C5FA23
S315600266F0002819D101A928680068F0F7C6FA0028AF
S3156002670014D1694628680068F0F7A8FA00280FD104
S31560026710029860730198E08000982073002008E078
S31560026720012006E0012004E0012002E0012000E0F1
S3156002673001203EBD3EB505000C0000200190002000
S31560026740009001AA002128680068F0F771FA002813
S315600267500ED16A46012128680068F0F769FA0028B6
S3156002676008D10098019951EA40012170002002E0A7
S31560026770012000E001203EBD70B504000498059D2D
S31560026780E062A262216363620020A0610020E06190
S3156002679000202070A648002101700021417000216E
S315600267A041600621002210F10806300004F0A2ECD6
S315600267B0012020740020E060002060740020608167
S315600267C00020A074002020750320607525620621D2
S315600267D00022241D200004F08EEC002070BD80B5DE
S315600267E0944B0A7853F82220002A09D00A7853F883
S315600267F0222090470100C9B2002903D1C0B202E04B
S31560026800012000E0012002BD38B504000D00201D04
S31560026810291D102204F0F8EB2078002803D0022804
S3156002682002D002D301E000E0FFE7287D20702078E5
S31560026830002803D0022807D00CD310E07C48002140
S315600268400170002141700AE079480121017001213D
S31560026850417004E076480121017000214170606A4E
S31560026860FFF73DFEC0B2002801D1002000E0012002
S3156002687032BD80B54A78012A02D0022A12D014E0CB
S31560026880022202750278002A03D0022A11D030D37E
S3156002689006E04978406AFFF748FEC0B2002806D192
S315600268A0002002BD01220275ECE70120F9E7012012
S315600268B0F7E74A78012A02D1827C012A05D0497813
S315600268C002290ED1817C02290BD100210175032197
S315600268D0C06A00F04FFEC0B2002800D1E0E7012096
S315600268E0DFE7002100F086F9C0B20028F6D0012069
S315600268F0D7E7002100F07EF9C0B20028D0D001208F
S31560026900CFE780B5037D4A78134303750278002A80
S3156002691003D0022A01D00BD306E04978406AFFF71A
S3156002692042FEC0B2002801D1002002BD0120FCE770
S315600269300120FAE70078002803D0022803D002D3A8
S31560026940FFE7002070470120FCE738B504000D0020
S315600269502078002803D0022803D002D3FFE7002064
S3156002696032BD606AFFF7BBFDC0B200280DD1606A16
S31560026970FFF7D7FDC0B2002809D12900200000F038
S3156002698019FBC0B2002804D1E9E70120E8E701203B
S31560026990E6E70120E4E780B50278002A03D0022AFE
S315600269A002D018D317E016E04A78012A02D1827C17
S315600269B0012A05D0497802290BD1817C022908D1A6
S315600269C00321C06A00F0D6FDC0B2002803D00120C0
S315600269D002E0012000E0002002BD70B504000D0057
S315600269E01348E96841600622291D10F10806300045
S315600269F004F0F8EA2078002803D0022802D010D3E7
S31560026A0013E012E02900200000F0D0F8002805D03B
S31560026A10606AFFF764FDC0B2002800D105E001207C
S31560026A2004E02900200000F0C1F8002070BD0000DB
S31560026A30A464031018D9021010B504002078002847
S31560026A4003D0022802D035D334E033E0207D032818
S31560026A5009D00021200000F0CDF8C0B2002800D194
S31560026A6028E0012027E0002060750321E06A00F03B
S31560026A70AFFDC0B2002815D10121200000F02FF928
S31560026A80C0B2002810D10221200000F028F9C0B25D
S31560026A9000280BD10321E06A00F03AFDC0B200285B
S31560026AA006D1DDE7012006E0012004E0012002E0D4
S31560026AB0012000E0002010BD80B50278002A03D0D4
S31560026AC0022A02D009D308E007E04A7800F071F999
S31560026AD0C0B2002801D0012000E0002002BD38B516
S31560026AE004000D002078002803D0022802D00FD3BC
S31560026AF00EE00DE06978E06A00F03CFDC0B2002865
S31560026B0004D1617D68780143617501E0012000E08E
S31560026B10002032BD38B504000D002078002803D06D
S31560026B20022802D020D31FE01EE0687D032812DA15
S31560026B306978200000F0D3F8C0B2002807D16978DE
S31560026B40E06A00F0E5FCC0B2002802D10CE0012048
S31560026B500BE0012009E08021200000F04BF8C0B272
S31560026B600028F3D0012000E0002032BD80B501226A
S31560026B700278002A03D0022A03D003D3FFE700205B
S31560026B8002BDFCE74A78012A02D0022A08D009E04F
S31560026B900222D2B200F066F9C0B2002804D1EEE752
S31560026BA00122F6E70120EBE70120E9E710B4427C17
S31560026BB04B7C9A4201D2012019E04A7C437C9A427C
S31560026BC001D2002013E0002205E04B7C8418247970
S31560026BD0A34209D3521C062A08DA83181B794C7C15
S31560026BE0A342F2D2012002E0002000E0002010BCA5
S31560026BF070470000F8B504000E004FF4C960E5F76F
S31560026C005DF9A06107E04FF4C960E5F757F9A06145
S31560026C100120F9F7E5F8A0690028F4D0A06910F11F
S31560026C200805002703203743F6B2002E02D0802ED5
S31560026C3039D03CE0217D08400743211D200000F049
S31560026C403DFA0420287500206875206A0068C5F838
S31560026C501600E069E169090211F47F0151EA0061F7
S31560026C60E069000A10F47F400143E06951EA10616D
S31560026C70C5F81A10AF771D2100221F35280004F0CF
S31560026C803AEA3C20A1690860207DA1694860E06912
S31560026C90401CE061A169A06AFFF725FBC0B200282B
S31560026CA013D100201AE0617D08400743C5E7012041
S31560026CB0C0B20028C1D0A069002804D0A069E5F757
S31560026CC075F90020A061012008E0A069002804D0BF
S31560026CD0A069E5F76BF90020A0610120F2BD70B5ED
S31560026CE004000D004FF4C960E5F7E8F8A06107E01B
S31560026CF04FF4C960E5F7E2F8A0610120F9F770F890
S31560026D00A0690028F4D0A06910F10806DFF8A41380
S31560026D10200000F0D3F9022030757575206A00688C
S31560026D20C6F81600E069E169090211F47F0151EAC9
S31560026D300061E069000A10F47F400143E06951EAAC
S31560026D401061C6F81A101E2100221E36300004F0A9
S31560026D50D2E93C20A16908602800C0B2A1694860F6
S31560026D60E2692900C9B2206B00F0ACFAC0B2002811
S31560026D700BD1E069401CE061A169A06AFFF7B3FA32
S31560026D80C0B200280BD1002012E0A069002804D00E
S31560026D90A069E5F70BF90020A061012008E0A0696F
S31560026DA0002804D0A069E5F701F90020A06101205E
S31560026DB070BDF8B504000F0015004FF4C960E5F721
S31560026DC07DF8A06107E04FF4C960E5F777F8A06146
S31560026DD00120F9F705F8A0690028F4D0A06910F13E
S31560026DE008060020B86910F10807387D022825D107
S31560026DF0B049200000F062F9032030757575206A8B
S31560026E000068C6F81600D7F81A00C6F81A00787D28
S31560026E10B0771D2100221F36300004F06CE93C2059
S31560026E20A1690860EDB2A0694560A169A06AFFF731
S31560026E305AFAC0B200280BD1002012E0A0690028DD
S31560026E4004D0A069E5F7B2F80020A061012008E04D
S31560026E50A069002804D0A069E5F7A8F80020A0611F
S31560026E600120F2BD2DE9F84305000F0014004FF42E
S31560026E70C960E5F723F8A86107E04FF4C960E5F752
S31560026E801DF8A8610120F8F7ABFFA8690028F4D0C5
S31560026E90A86910F10806002000200020B86910F1E8
S31560026EA0080999F81400072844D1B9F81E00B9F800
S31560026EB01E801FFA88F85FEA182858EA00287D497A
S31560026EC0280000F0FBF8072030757475D9F81600B3
S31560026ED0C6F81600D9F81A00C6F81A000A274246FA
S31560026EE092B27A4319F1200116F12009484604F05C
S31560026EF07AE8404680B2942826D218F1010018F149
S31560026F00010189B2090A51EA0021F18316F12000D2
S31560026F10414689B279434118286A0068C1F8060079
S31560026F20A86AFFF702FA1FFA88F807FB08F818F151
S31560026F302A0815E0A869002804D0A869E5F736F89A
S31560026F400020A861012033E00622291DB146484689
S31560026F5004F048E81FFA88F807FB08F818F12008D9
S31560026F60B8F13C0F0CD2D8F13C0100222A2000FB7A
S31560026F7008F816EB0806300004F0BCE85FF03C083F
S31560026F80A869C0F80080E4B2A8694460A969A86AE1
S31560026F90FFF7A9F9C0B2002801D1002008E0A8696C
S31560026FA0002804D0A869E5F701F80020A86101204D
S31560026FB0BDE8F28370B504000E004FF4C960E4F7D1
S31560026FC07DFFA06107E04FF4C960E4F777FFA06137
S31560026FD00120F8F705FFA0690028F4D0A06910F136
S31560026FE00805B0690830017D092944D1807F0128EE
S31560026FF04BD1062230492E00300003F0F4EFA91D72
S31560027000A06AFFF792F94EF28010A8810220A87357
S315600270100120E8730A20287400206874206A0068D8
S31560027020C5F81200E069E169090211F47F0151EACB
S315600270300061E069000A10F47F400143E06951EAA9
S315600270401061C5F81610222100221A35280004F0B4
S3156002705052E81A20A16908600320A1694860E069C4
S31560027060401CE061A169A06AFFF73DF9C0B2002841
S3156002707015D100201CE0A069002804D0A069E4F7BD
S3156002708095FF0020A061012012E0A069002804D0CB
S31560027090A069E4F78BFF0020A061002008E0A069E8
S315600270A0002804D0A069E4F781FF0020A0610120D6
S315600270B070BD0000241303102C13031070B5040076
S315600270C0A06910F1080506222E00300003F08AEF4F
S315600270D0A91DA06AFFF729F98120A88160896189C3
S315600270E0B1F5005189B2090A51EA0021E9814EF2ED
S315600270F0801028820220A8740120E874002070BDE6
S315600271001CB50400E160F9F77FFAA06000221C2139
S315600271101020EDF777FE60606068002816D0019453
S315600271200320009023004FF4807227490FF2A100DA
S31560027130F8F781FD01280BD15FF0FF310120F9F7E5
S3156002714049FB2068F8F79EFE002002E0032000E07B
S31560027150032016BD80B50068F8F7F4FE002002BD74
S3156002716080B5D2B2002A1AD1DBB2012B05D1012336
S315600271706A464068EDF728FF04E000236A464068E5
S31560027180EDF722FF012804D10098002803D10020E0
S3156002719002BD0620FCE701200C490860F7E7DBB276
S315600271A0012B06D101235FF0FF324068EDF786FEC0
S315600271B005E000235FF0FF324068EDF77FFE0128AD
S315600271C0E5D00620E4E700003413031044660B1092
S315600271D018B587B00400002302220021A068F9F7DF
S315600271E029FB07E00698002804D00698E4F7DEFE3D
S315600271F0002006905FF0FF3269466068EDF76EFF29
S315600272006946E068FFF7EBFAC0B20028EAD1069851
S315600272100028EFD00698E4F7C9FE00200690E9E759
S315600272201CB50400E16122620020E060F9F7ECF926
S31560027230A060A068002826D0002204211020EDF765
S31560027240E1FD6060606800281FD00120EDF715FE41
S315600272502061206900281AD001940320009023003F
S315600272604FF480720C490FF28500F8F7E4FC0128AE
S315600272700FD15FF0FF310120F9F7ACFA2068F8F719
S3156002728001FE002006E0032004E0032002E0032062
S3156002729000E0032016BD00004813031080B50068A5
S315600272A0F8F750FE002002BD02B500235FF0FF3200
S315600272B069464068EDF702FE012801D1002000E030
S315600272C0062002BDC9B2012904D00BD3032906D018
S315600272D003D307E04261002070478261FBE74261A7
S315600272E08261F8E70120F7E70000000018B587B071
S315600272F00400002302220021A068F9F79BFA07E046
S31560027300E068002804D0E068E4F750FE0020E06000
S315600273105FF0FF3214F10C016068EDF7DFFE0128C1
S31560027320EED1E0680028EBD0E0680690694620005E
S3156002733000F01EF8C0B2002808D0E068002804D029
S31560027340E068E4F733FE0020E060E1E70123012212
S315600273506946206AFFF704FFC0B20028D8D0E06809
S31560027360002804D0E068E4F721FE0020E060CFE761
S3156002737070B4C2680832C3681B7913F003034B709A
S315600273804B78012B02D04B78022B29D108230B7044
S3156002739093899489A4B2240A54EA0324A4B2B4F564
S315600273A0014F1FD1138A148AA4B2240A54EA032411
S315600273B048F2E103A4B29C422CD1937C022B29D1E0
S315600273C0D37C012B26D1137D022B60D0032B23D0D5
S315600273D0052B5FD0072B60D0092B61D0012062E0BC
S315600273E0012060E09089918989B2090A51EA0021F7
S315600273F048F2E10089B281420AD1907B022807D124
S31560027400D07B012804D1107C0A2801D101204AE0F0
S31560027410012048E0012046E04B78012B02D0022B86
S315600274201BD032E0D2F81A30D2F81A40D2F81A508B
S31560027430D2F81A604069240214F47F0454EA0364A1
S315600274402D0A15F47F452C4354EA1664A04202D1F4
S315600274500920087026E0012025E0D2F81A30D2F819
S315600274601A40D2F81A50D2F81A608069240214F4CB
S315600274707F0454EA03642D0A15F47F452C4354EACB
S315600274801664A042E4D001200DE001200BE0082042
S31560027490087007E00720087004E00C20087001E01D
S315600274A00B200870002070BC7047000038B50400DD
S315600274B0E1610020207600206076E460012020727F
S315600274C06461022020740FF23515009514F10803E9
S315600274D0002264210C48FDF785FF206020680028A1
S315600274E00DD0009514F11003002264210748FDF7C0
S315600274F079FF60606068002803D0002002E0032004
S3156002750000E0032032BD00005C1303107413031005
S3156002751038B504000D002800C0B2012803D0280047
S31560027520C0B203280CD1F8F7E5FD02005FF0FF3028
S315600275300090002301212068FDF794FF012815D1F0
S315600275402800C0B2022802D0EDB2032D0CD1F8F7A2
S31560027550D1FD5FF0FF3100910023020001216068D6
S31560027560FDF780FF012803D1002032BD0120FCE730
S315600275700120FAE738B504000D002800C0B20128E0
S3156002758003D02800C0B203280AD15FF0FF30009012
S315600275900023002203212068FDF764FF012813D12E
S315600275A02800C0B2022802D0EDB2032D0AD15FF0E4
S315600275B0FF3000900023002203216068FDF752FF2E
S315600275C0012803D1002032BD0120FCE70120FAE741
S315600275D00A00D2B2012A03D00A00D2B2032A01D12A
S315600275E0002202760A00D2B2022A02D0C9B2032966
S315600275F001D10021417600207047000018B587B09E
S31560027600FEF7EEF8446800780100C9B2012902D09B
S31560027610022915D01BE0217E491C2176217E8DF838
S3156002762015100A218DF800108DF8010000200690D1
S31560027630002302226946E069FFF792FD08B010BD99
S31560027640617E491C6176617E8DF81510E9E7F5E782
S3156002765038B50400002C07D0002907D02068404ABC
S31560027660904205D1052047E0022045E0022043E032
S315600276703C4D2068A84234D0616014F148026068CB
S31560027680016814F1080000F0A5F8C0B200282AD1FA
S3156002769014F1140004F0F3FEC0B2002825D114F1EF
S315600276A0140214F1080114F1200000F007FAC0B2C6
S315600276B000281CD114F1080114F1340000F0B8FA64
S315600276C0C0B2002815D114F1140214F1080114F1A4
S315600276D0480000F043FAC0B200280CD125600020B1
S315600276E00AE0042008E0032006E0032004E0032009
S315600276F002E0032000E0032032BD002801D0002012
S3156002770000E00220704710B50400002C0FD014F17F
S31560027710200000F0F5F914F1340000F0B7FA14F124
S31560027720480000F03FFA0E482060002000E0022088
S3156002773010BD10B50400002C0FD014F1200000F02B
S31560027740E5F914F1340000F0A7FA14F1480000F0EC
S315600277502FFA04482060002000E0022010BD0000DD
S315600277604A4E5445494E544580B5002804D01430DB
S3156002777004F096FEC0B200E0022002BD80B5002889
S3156002778006D0002906D0343000F08CFAC0B202E08E
S31560027790022000E0022002BD70B504000D00160052
S315600277A0002C12D0002D12D0290014F1200000F016
S315600277B0B3F9F6B2002E06D000232A68002114F12E
S315600277C0140004F08CFEC0B270BD0220FCE70220F9
S315600277D0FAE7000010B504002160A2600120EDF70F
S315600277E04CFB6060606800280FD0206841682068A2
S315600277F000682268926812689047002801D00E28B5
S3156002780005D18A480460002002E0032000E00320DC
S3156002781010BD3EB504000D0000206860012160685D
S31560027820EDF7DAFC0028F9D02A0015F10801206884
S31560027830006823689B689B689847002816D10023D6
S31560027840002200216068EDF739FB794840680069DB
S315600278500078012808D16946280000F014F96A46C2
S315600278602900200000F0E8F800203EBD0023002237
S3156002787000216068EDF722FB0120F6E73EB50500C0
S315600278800C0000206A48406800690078012808D127
S315600278906A462100280000F097F86946200000F049
S315600278A0D7F801216868EDF797FC0028F9D02268BD
S315600278B014F10801286800682B689B685B69984721
S315600278C00400002C08D10023002200216868EDF72D
S315600278D0F5FA2000C0B206E00023002200216868A3
S315600278E0EDF7ECFA01203EBDF8B505000E00012168
S315600278F06868EDF771FC0028F9D028680068296885
S315600279008968896988470023002200216868EDF743
S31560027910D5FA002000203060002729E03068012176
S31560027920B9408843306022E001216868EDF754FC73
S315600279300028F9D06A463900C9B228680068EFF7AC
S3156002794091FE04000023002200216868EDF7B6FA72
S31560027950002CE3D19DF80000022803D09DF80000B8
S31560027960012804D130680121B940084330607F1C88
S315600279703800C0B20328D7D3307810F0070F01D091
S31560027980002000E00120C0B2F2BDE0B50021019105
S3156002799026490A680179032915D1007A10F0C00FC9
S315600279A010D06946906800F009F90098002803D063
S315600279B001A90098F8F7A6FF0198002802D00120D5
S315600279C01C490860FFE707BD30B419484068006982
S315600279D0002300244D68002D03D0B5F1FF3F03D08C
S315600279E007E05B085B000AE053F0010354F007040A
S315600279F005E053F00103097911F007010C43418850
S31560027A0089B2090A1170408850701800000A907095
S31560027A10D3702000000E10712000000C50712000FF
S31560027A20000A9071D471002030BC704794700B10BC
S31560027A3064F4021044660B1090780002D2788018C3
S31560027A40012210F0030012FA00F04860002070472D
S31560027A50F8B504000D0014F1080014F10806226856
S31560027A600C3A10F10C0116F11407380003F04EECD3
S31560027A7008220C362900300003F0B4EA2068083088
S31560027A8020600020F2BDF8B504000F0014F108066C
S31560027A9014F10805082216F10C01380003F0A2EA77
S31560027AA02268143A16F114010C35280003F02EEC04
S31560027AB02068083820600020F2BD00001CB5040072
S31560027AC0E1602261F8F7A0FD6060019403200090F6
S31560027AD023004FF4007209490FF24500F8F7ABF83C
S31560027AE0012809D15FF0FF310120F8F773FE2068A3
S31560027AF0F8F7C8F9002000E0032016BDA8130310AA
S31560027B0080B50068F8F71EFA002002BD80B50068ED
S31560027B10F8F7B8F9002002BD806808600020704757
S31560027B2038B5040000250023022200216068F8F7B8
S31560027B3081FE4FF47A70F8F753F914F10801E068A0
S31560027B40FFF7D2FEA06890EA050F05D00023A2686F
S31560027B500021206904F0C3FCA568EAE71CB50400AD
S31560027B60E1602261F8F750FD60600020A060019438
S31560027B700520009023004FF4007209490FF2450078
S31560027B80F8F759F8012809D15FF0FF310120F8F7BB
S31560027B9021FE2068F8F776F9002000E0032016BD82
S31560027BA0C013031080B50068F8F7CCF9002002BD57
S31560027BB080B50068F8F766F9002002BD00680860C3
S31560027BC00020704710B5040000230222002160687D
S31560027BD0F8F730FE16E04FF4C960E4F76FF9A0607B
S31560027BE00120F8F7FDF8A0680028F4D0A168E068E3
S31560027BF0FFF70FFEC0B200280AD0A068E4F7D6F9F4
S31560027C000020A0605FF0FF310020F8F7E3FD08E096
S31560027C10A36800220121206904F061FC0120F8F7C3
S31560027C20DFF84FF4C960E4F749F9A060DBE70000CA
S31560027C301CB504002161F8F7E7FC60600020E06093
S31560027C40002204212020EDF7DDF8A060A06800285C
S31560027C5016D001940520009023004FF400720A4961
S31560027C600FF26D00F7F7E7FF01280BD15FF0FF31E6
S31560027C700120F8F7AFFD2068F8F704F9002002E06A
S31560027C80032000E0032016BDD813031080B50068F8
S31560027C90F8F758F9002002BD80B50068F8F7F2F8E7
S31560027CA0002002BD02B50023002269468068EDF716
S31560027CB005F9012809D00098002804D00098E4F755
S31560027CC075F900200090062000E0002002BD000049
S31560027CD038B504000023022200216068F8F7AAFD85
S31560027CE0FFE75FF0FF3214F10C01A068EDF7F6F9D9
S31560027CF00128F6D1E0680028F3D0E06800683C28E5
S31560027D000AD2D0F13C010022E368181810F1080586
S31560027D10280003F0F0E93C20E1682069FFF7AEFD38
S31560027D20E0680028DDD0E068E4F740F90020E06012
S31560027D30D7E70000F8B50400002C43D0002943D0F1
S31560027D40486845682068002840D1A160E5605D4EBC
S31560027D502868B0423CD114F1DC0004F00EFC070046
S31560027D603800C0B2002872D115F14C00009014F1AF
S31560027D70DC0315F11002A068016814F1100000F02E
S31560027D80F1F93800C0B2002864D115F1400004F060
S31560027D9091FC07003800C0B200285ED114F11001D0
S31560027DA015F1400004F04DFC3800C0B2002856D1EF
S31560027DB015F1400004F072FCFFB2002F51D126602B
S31560027DC000204FE002204DE002204BE0042049E013
S31560027DD0486868606868036815F15C0215F14C01D1
S31560027DE015F1100000F000F9C0B2002825D1E06854
S31560027DF0103000F02AF915F1400004F008FCC0B218
S31560027E0000281CD115F1080000F0D0F8C0B2002895
S31560027E1017D115F1400115F14C0000F047FCC0B2D4
S31560027E20002810D115F1400115F15C0000F012FD39
S31560027E30C0B2002809D12E608DE7032012E003202C
S31560027E4010E003200EE003200CE003200AE0380075
S31560027E50C0B207E03800C0B204E0032002E00320AB
S31560027E6000E00320F2BD10B50400002C0ED060685D
S31560027E7000280DD1E0684C3000F044FCE0685C30CC
S31560027E8000F016FD0F486060002002E0022000E06C
S31560027E90002010BD10B50400002C0FD0606809499F
S31560027EA088420DD1E0684C3000F037FCE0685C3007
S31560027EB000F009FD00206060002002E0022000E080
S31560027EC0002010BD5049574C80B5002808D0DC30E0
S31560027ED004F060FB0100C9B2002903D1002002E070
S31560027EE0022000E0C0B202BD002801D0002000E0FE
S31560027EF00220704780B5002809D0002909D01030C9
S31560027F0000F0A9F9C0B2002805D1002004E00220E1
S31560027F1002E0022000E0012002BD70B504000D00FF
S31560027F201600002C11D0002D11D0290014F110007A
S31560027F3000F00BFAC0B200280BD1F6B2002E10D0B8
S31560027F402878002807D1002106E002200AE00220F4
S31560027F5008E0012006E00121C9B214F1DC0004F058
S31560027F6038FB002070BD80B5002809D0002909D0F1
S31560027F70103000F07AF9C0B2002805D1002004E082
S31560027F80022002E0022000E0012002BD80B5002846
S31560027F9008D0C9B2103000F095F9C0B2002803D1FA
S31560027FA0002002E0022000E0012002BD10B50400BC
S31560027FB0F8F72AFB606021000FF21500FDF7B8F8AA
S31560027FC05FF0FF310120F8F705FC002010BD0000CC
S31560027FD010B50400F8F718FB206000230222002186
S31560027FE06068F8F727FC10BD10B504002360616273
S31560027FF0A2622068416820680068226892681268F6
S3156002800090470100C9B2002906D00100C9B204290D
S3156002801002D0C0B2052814D10FF29100A061201DD2
S31560028020E061246214F11401206800682268926893
S3156002803012699047C0B2002805D10020E062002094
S3156002804002E0032000E0032010BD1CB50400206896
S3156002805000682168896849688847012269462068FC
S31560028060006823689B689B699847002016BD80B5A7
S3156002807002005FF0FF30486010680068126892681C
S3156002808052699047C0B2002801D1002000E0012069
S3156002809002BD10B50C0006220068406800684068A0
S315600280A00169200002F09EEF002010BD38B5040081
S315600280B0E56800202078002802D001284CD04FE0E5
S315600280C0E86A002808D16068002805D000220021ED
S315600280D0686A00F02DFB0AE06068002807D1E86A4A
S315600280E0002804D000220121686A00F021FB95F87D
S315600280F02C00C00708D42079C00705D500220221CA
S31560028100686A00F015FB0BE095F82C00C00707D5EE
S315600281102079C00704D400220321686A00F008FBB4
S3156002812095F82C00800708D42079800705D50022AF
S315600281300421686A00F0FCFA0BE095F82C008007CF
S3156002814007D52079800704D400220521686A00F0E9
S31560028150EFFA6068E86203E0A168A86A00F0BEFB15
S3156002816031BD00007FB504000D000898C4F8C42034
S31560028170C4F8C030C4F8C800C4F8B4500020C4F8CB
S31560028180BC00012084F8B800D4F8B4000078002856
S3156002819001D1002301E015F10C03D4F8B400007894
S315600281A0002801D1002201E015F10802D4F8B400DA
S315600281B00078002801D1002100E0291DDFF804645F
S315600281C002960FF2113001900094201DEAF7A6FE86
S315600281D040B200280CD1201DE7F73AFD40B20028D4
S315600281E008D1D4F8B4000078002805D1002305E050
S315600281F003202EE003202CE015F10C03D4F8B40022
S315600282000078002801D1002201E015F10802D4F8B5
S31560028210B4000078002801D1002100E0291DDFF8B2
S31560028220A85302960FF22530019000942800EAF7CF
S3156002823075FE40B2002809D12800E7F709FD40B271
S31560028240002805D1F1F72AFD002002E0032000E0B4
S31560028250032004B070BD82684A60C2688A6002699F
S31560028260CA60806B08610020704770B50D00D0F857
S31560028270904023E0262100222E00300002F03AEFE1
S31560028280207D2870607D6870207A062802D0207A68
S31560028290082812D10120A870A07DE870062214F188
S315600282A017012E1D300002F09EEE1C2214F11D01F4
S315600282B015F10A06300002F096EE2468002CD9D138
S315600282C0002070BD80B50022C9B201290BD10022FF
S315600282D0BE49001DEAF73EFE40B2002801D10020E9
S315600282E002BD0120FCE70022B949001DEAF732FE11
S315600282F040B20028F3D00120F2E710B5002290F8D0
S31560028300B8300C00E4B2A34201D100201CE080F830
S31560028310B81090F8B810002902D0012907D00DE0F4
S315600283200021D0F8C00004F054F9020006E00121F1
S31560028330D0F8C00004F04DF90200FFE7D2B2002A7D
S3156002834001D1002000E0012010BD90F8B80008704D
S3156002835000207047F8B505000E00002095F845002C
S31560028360C00701D4022020E03000E7F733FD002881
S3156002837001D1002019E04FF42072316889B20020E1
S31560028380EBF7CBFC0400002C01D102200DE0326831
S3156002839016F108016768380002F024EE30686081E1
S315600283A0291D20006A6990470020F2BD80B5002130
S315600283B000228849001DEAF7CDFD40B2002801D1AE
S315600283C0002000E0012002BD10B50400002094F8F0
S315600283D04500C00707D400227F49201DEAF7BAFD8F
S315600283E040B200281AD194F84500400707D400220B
S315600283F07A49201DEAF7AEFD40B2002810D1D4F8C2
S31560028400B400007800280FD1754A0021201DEAF7D2
S31560028410A1FD40B2002805D1002010BD0120FCE775
S315600284200120FAE70120F8E76E4A0021201DEAF7EB
S3156002843091FD40B20028EFD00120EEE710B50400AE
S315600284400020D4F8B4000078002807D100226649DB
S31560028450201DEAF77FFD40B2002819D194F8450045
S31560028460400707D500226149201DEAF773FD40B235
S3156002847000280FD194F84500C00707D500225C4951
S31560028480201DEAF767FD40B2002805D1002010BD25
S315600284900120FCE70120FAE70120F8E780B5002118
S315600284A000225449001DEAF755FD40B2002801D169
S315600284B0002000E0012002BD80B5002100224E4965
S315600284C0001DEAF747FD40B2002801D1002000E016
S315600284D0012002BD70B50400656A0821002214F10C
S315600284E04206300002F006EE502084F842004F2029
S315600284F084F84300522084F84400542084F84500EE
S31560028500202084F84600312084F84700D5F8B4006C
S315600285100069606314F13A01D5F8C400FFF7B9FD4A
S31560028520062084F84000354860610A2084F84100DC
S3156002853040F2DC5020870FF2C900A0610FF23110C1
S31560028540E0610FF259102062002070BD70B5040020
S31560028550656A0821002214F14206300002F0CAED73
S31560028560502084F842004F2084F84300522084F859
S315600285704400542084F84500202084F846003220C6
S3156002858084F84700D5F8B4000069606314F13A01D3
S31560028590D5F8C400FFF77DFD002084F84000174837
S315600285A060610A2084F8410040F2DC5020870FF2B5
S315600285B05100A0610FF2B900E0610FF2E1002062A2
S315600285C0002070BD37400210E8090A10F30200105D
S315600285D0FB020010671A01106F1A01102B1B0110A3
S315600285E07F7F0010EB01001049860010571B0110B7
S315600285F0E71A011003030010150300102BA60010E2
S315600286002DE9F0410C00456A200000264FF4C9604E
S31560028610E3F754FCC5F8BC0008E04FF4C960E3F721
S315600286204DFCC5F8BC000120F7F7DAFBD5F8BC00B3
S315600286300028F2D0D5F8BC0010F108070AE062897A
S315600286406168B846404602F0CEEC60893F186089A0
S3156002865036182468002CF2D1D5F8BC000660D5F82D
S31560028660BC10D5F8C400FFF702FD0020BDE8F0811A
S3156002867080B5426A90F84110C90708D5406800285B
S3156002868005D00621D2F8C80000F052F804E00721AE
S31560028690D2F8C80000F04CF801BD000080B5426A0D
S315600286A00821D2F8C80000F043F801BD1CB50400E9
S315600286B0E160F7F7A9FF6060002208211020ECF75D
S315600286C0A1FBA060A068002816D001940320009048
S315600286D023004FF400720A490FF28100F7F7ABFAF2
S315600286E001280BD15FF0FF310120F8F773F820689B
S315600286F0F7F7C8FB002002E0032000E0032016BD66
S315600287001414031080B50168002904D00068F7F7D5
S3156002871019FC002000E0072002BD80B5016800292F
S3156002872004D00068F7F7AEFB002000E0072002BD28
S31560028730E0B58368002B0CD08DF8001001920023FF
S31560028740002269468068ECF7B9FB012803D1002054
S3156002875002E0072000E006200EBD00001CB5040002
S315600287600023022200216068F8F764F805E000221F
S315600287700FF2B101E06803F0AAFF5FF0FF326946CB
S31560028780A068ECF7ABFC9DF800000028EFD0022849
S3156002879011D009D304281CD014D3062827D01FD39E
S315600287A0082834D02BD33CE000220FF28501E06822
S315600287B003F08DFFE1E700220FF28101E06803F02A
S315600287C086FFDAE700220FF28101E06803F07FFF9D
S315600287D0D3E700220FF26501E06803F078FFCCE789
S315600287E000220FF26501E06803F071FFC5E70198A8
S315600287F0002803D000210198FFF77FFDBDE70198AD
S31560028800002803D001210198FFF777FDB5E70198AB
S31560028810002805D002210198D0F8C00003F0D9FEE5
S31560028820ABE7AAE780B5FFF7CFFDC0B202BD000095
S3156002883080B5FFF703FEC0B202BD000080B5FFF748
S315600288402DFEC0B202BD000080B5FFF735FEC0B294
S3156002885002BD00001CB504002161F7F7D5FE606019
S315600288600020E060002204211020ECF7CBFAA06021
S31560028870A068002816D001940520009023004FF4CA
S3156002888000720A490FF28900F7F7D5F901280BD170
S315600288905FF0FF310120F7F79DFF2068F7F7F2FAE4
S315600288A0002002E0032000E0032016BD2C14031012
S315600288B080B50168002904D00068F7F743FB002001
S315600288C000E0072002BD80B50168002904D0006877
S315600288D0F7F7D8FA002000E0072002BD02B58168EA
S315600288E0002909D00023002269468068ECF7E6FA7F
S315600288F0012803D1002002BD0720FCE7009800286A
S3156002890004D00098E3F752FB002000900620F2E7BD
S3156002891010B504000023022200216068F7F78AFF7F
S31560028920FFE75FF0FF3214F10C01A068ECF7D6FBAB
S315600289300128F6D1E0680028F3D0E2680FF2190147
S31560028940206903F0C4FEE0680028EAD0E068E3F735
S315600289502DFB0020E060E4E780B5FFF7FBFC010039
S31560028960C9B2002901D1002000E0C0B202BD0000F8
S3156002897038B50400002C6ED000296ED05E482060A7
S31560028980A160A0680569A068816814F1900000F092
S31560028990F9F8C0B2002862D1A068416814F10C00EF
S315600289A000F08AFBC0B200285BD1A068C368A068E9
S315600289B08268A068016814F1480000F0F9FEC0B24E
S315600289C0002850D1296814F5807003F0F8FEC0B211
S315600289D000284AD114F10C0000F0B8FB14F14800EB
S315600289E000F045FF14F1480000F050FF14F1F40066
S315600289F003F094FEA068C26814F1480114F1C40041
S31560028A0001F070FEC0B2002831D114F1C40114F134
S31560028A10980000F069F9C0B200282AD114F1DC008E
S31560028A20009014F1980314F1C40214F1480114F190
S31560028A30A40001F083FBC0B200281CD114F190029D
S31560028A4014F1F40114F1DC0001F0B4F9C0B20028AB
S31560028A5013D1002012E0022010E002200EE0032073
S31560028A600CE003200AE0032008E0032006E003206E
S31560028A7004E0032002E0032000E0032032BD10B5CB
S31560028A800400002C18D06068002817D114F1DC00AD
S31560028A9001F0B5F9C0B2002812D114F1A40001F0B8
S31560028AA084FBC0B200280DD11348606014F5807053
S31560028AB003F088FE002006E0022004E0002002E0C7
S31560028AC0012000E0012010BD10B50400002C0FD07B
S31560028AD06068094988420DD114F1DC0001F0CBF9D6
S31560028AE014F1A40001F067FB00206060002002E040
S31560028AF0022000E0002010BD00524C4480B50028E0
S31560028B0008D0F43003F017FE0100C9B2002903D180
S31560028B10002002E0022000E0C0B202BD80B500285B
S31560028B2009D0C9B2DC3001F0D5F90100C9B2002919
S31560028B3003D1002002E0022000E0C0B202BD38B5D7
S31560028B4004000D00002C15D0002D15D0296814F1F3
S31560028B50480000F023FF0100C9B200290ED16968FE
S31560028B6014F1C40002F0EAF80100C9B2002907D183
S31560028B70002006E0022004E0022002E0C0B200E02B
S31560028B80C0B232BD10B50400216020680088DBF7F0
S31560028B90D1F840B200280DD1200000F065F8C0B2CD
S31560028BA0002809D1200000F063F8C0B2002805D180
S31560028BB0002004E0032002E0032000E0032010BD51
S31560028BC038B514004568C9B2012902D0032904D018
S31560028BD008E00420DDF793FE04E04FF48060DDF7E1
S31560028BE08EFEFFE7E4B2002C08D0022C0FD011D320
S31560028BF0042C1CD011D3052C03D022E00020287649
S31560028C001FE0012028760020DDF785FE19E00220AC
S31560028C10287616E00320287613E0042028764FF49F
S31560028C208060DDF761FE5020DDF775FE09E0052004
S31560028C3028764FF48060DDF757FE5020DDF76BFE35
S31560028C40FFE7002032BD80B5C9B2012902D00229F0
S31560028C5004D007E03020DDF75EFE03E06020DDF73A
S31560028C605AFEFFE7002002BD1249416000207047AC
S31560028C7038B50400656840F2514028800C2068804F
S31560028C804FF6E950A8800220A8710320E8710020FF
S31560028C90DDF715FE0020DDF73EFE20684068DDF751
S31560028CA00BFE15202874044868610020287600208F
S31560028CB032BD000030D302106014031070B5040098
S31560028CC00D0004FB05F0E3F7F9F8060004FB05F472
S31560028CD0002235002100280002F00CEA300070BD47
S31560028CE080B5E3F763F901BD10B50400A160DFF852
S31560028CF0A823DFF8A813DFF8A803E1F725FBE1F75D
S31560028D0083FB4021DFF89C03F4F72CFD0021200051
S31560028D1000F023F8C0B2002804D1DFF88C030460A7
S31560028D20002000E0032010BDDFF87403006800280D
S31560028D3001D0002000E008207047DFF86403006875
S31560028D4000E04068002806D08268D2F8A8208A42ED
S31560028D50F7D1002000E00820704770B505000C00CE
S31560028D60DFF8486330682860F7F7C4F93060002C92
S31560028D7003D031682868091A2160002070BD2DE988
S31560028D80F84785B006000F0090469A460F98002174
S31560028D900021049100210391C549426848688243D3
S31560028DA04868C043824201D1002500E001254FF4A4
S31560028DB08160E3F783F8040007E04FF48160E3F72C
S31560028DC07DF804000120F7F70BF8002CF5D020009F
S31560028DD002F0A0FDDDF83890002D01D0012000E000
S31560028DE000200294C0B2019003A800905346424606
S31560028DF049463800E1F7A4FB010049B2002903D0D5
S31560028E00010049B2012924D140B201280DD104A83A
S31560028E100190CDF80090D4F8043422003900B0688D
S31560028E2001F0C1FEC0B200281BD10398BAEB000A5A
S31560028E3018EB0A08DDF80CA003980128CCDA002C9E
S31560028E4003D02000E3F7B2F80020002006B0BDE8A8
S31560028E50F087002C03D02000E3F7A8F80020012059
S31560028E60F4E7002C03D02000E3F7A0F800200120ED
S31560028E70ECE780B5080011001A000023DBF7BBFEA1
S31560028E8040B2002801D1002000E0012002BD2DE998
S31560028E90F84384B005000E0017009846DDF830905E
S31560028EA000200020029000200390D9F80400686038
S31560028EB04FF48160E3F702F8040007E04FF4816043
S31560028EC0E2F7FCFF04000120F6F78AFF002CF5D0DA
S31560028ED0200002F01FFD0194CDF8009003AB4246DC
S31560028EE039003000E1F7C7FA40B201280ED102A874
S31560028EF00090D4F8043422003100A86801F00BFE19
S31560028F00C0B200280CD10298002809D4002C03D0E4
S31560028F102000E3F74BF80020002005B0BDE8F0839F
S31560028F20002C03D02000E3F741F800200120F4E78B
S31560028F3080B50A0040215B48F4F721FC002805D081
S31560028F405A490968F4F702FC002000E0012002BDDC
S31560028F5080B50A0040215348F4F711FC002803D07B
S31560028F60F4F7FAFB002000E0012002BD10B5140000
S31560028F70002000200A0040214A48F4F700FC00283D
S31560028F8008D0F4F7E7FB49490968091AA14203D3F5
S31560028F90092002E0012000E0002010BD80B5080033
S31560028FA0E1F700FE002002BD80B50800DBF7E4FFB2
S31560028FB0002002BD7CB506000C003B480568100027
S31560028FC0C0B2DEF7FFFE0200F6B2002E02D0012E1C
S31560028FD00FD01CE00023D2B26946A86801F06AFC91
S31560028FE0C0B2002802D16868606010E05FF0FF30AE
S31560028FF00EE06368D2B26946A86801F05BFCC0B253
S31560029000002806D16068002801D16868606000980F
S3156002901076BD5FF0FF30FBE71FB5234B1C6802ABE2
S3156002902001930090D2F80434A06801F0BCFDC0B28E
S31560029030002801D1002001E05FF0FF3004B010BDCE
S3156002904080B5010018480068806801F0B0FC01BD77
S3156002905038B50400144805682100A86801F0A7FC29
S3156002906021002800FFF774FF31BD0F4800681148E0
S315600290700068704710B504000B4800680121FF20A4
S31560029080FFF71CFE200003F014FD10BD80B50649F3
S315600290900968FFF725FE01BD214A0010E549001067
S315600290A0286403109C700B1098700B109C720B1046
S315600290B058730B1038660B101CB5040021602068CB
S315600290C041682068006822689268126890470100C9
S315600290D0C9B2002906D00100C9B2042902D0C0B2C1
S315600290E0052829D1200000F045F8C0B2002825D114
S315600290F0200000F07AF8C0B2002821D10FF2951054
S31560029100A06014F11400E0602461211D20680068EB
S315600291102268926812699047C0B2002812D1012271
S3156002912069462068006823689B689B699847C0B255
S31560029130002809D1002008E0032006E0032004E0AD
S31560029140032002E0032000E0032016BD80B5010083
S31560029150086800680968896849688847C0B2002853
S3156002916006D15FF0FF310020F7F734FB002000E004
S31560029170002002BD70B40100002000230868406828
S3156002918000684068446B002206E000201500EDB2DC
S3156002919011EB85052863521C1000C0B2032821D248
S315600291A020691500EDB250F825001500EDB211EBFD
S315600291B0850568621000C0B211EB8000406A002823
S315600291C0E3D0DFF8D0551E00F6B280204643A819D8
S315600291D01500EDB211EB850528635B1C1800C0B261
S315600291E00228D8DB002070BC7047F8B50400002561
S315600291F02EE00421DFF89C05802202FB05F280182E
S3156002920000F0FFF823E014EB8500406A14EB850159
S315600292100F6B4068466900203860002078602068DD
S315600292204068006840680069DDF789FA022087F8BD
S315600292306C000420B8670020A7F87C00307900280B
S31560029240D7D0012803D1B86F50F00200B8676D1C01
S31560029250032D0AD214EB8500406A002804D014EB71
S315600292608500006B0028CED1F1E7DFF82C05008877
S31560029270DEF770FC040010220FF2A1112000DBF76A
S3156002928056F820220FF24D212000DBF750F800201D
S31560029290F2BD00002DE9FC410400E568002020785B
S315600292A0002802D0012848D04FE0002631E0D8F8E5
S315600292B0040040084000C8F804003879012827D124
S315600292C00021404600F09DF822E03000C0B215EB66
S315600292D08000406A3100C9B215EB8101D1F8308055
S315600292E041684F696168F140C907E0D5D8F8041052
S315600292F051F00101C8F804106A46414600F027F8A9
S315600293003879012804D19DF80010404600F079F8BA
S31560029310761C3000C0B203280ED23000C0B215EB04
S315600293208000406A002806D03000C0B215EB80008B
S31560029330006B0028C9D1EBE707E0A068002804D0DB
S31560029340A068E2F733FE0020A060BDE8F3817FB536
S3156002935006000C00150001AB02AA69463068B668C1
S31560029360B669B047002812D10098012840D007D3C9
S3156002937003282BD033D3052815D01ED3062808D050
S315600293800020206004202870002004B070BD0120F7
S31560029390FBE7606850F0020060604FF47A7020600C
S315600293A003202870F0E7606830F0020060604FF4D6
S315600293B07A70206003202870E6E7606850F0020049
S315600293C060606420206003202870DDE7606830F00A
S315600293D0020060606420206002202870D4E7606822
S315600293E050F0020060600A20206001202870CBE7FE
S315600293F0606830F0020060600A20206001202870F8
S31560029400C2E7426832F01C0242604268C9B2890011
S3156002941011F01C011143416000207047F8B5140039
S3156002942005680E88300080B2042803D02000C0B2DE
S31560029430012823D1D74F802000FB05F03818B0F100
S315600294407001280000F068F8802000FB05F03818EB
S31560029450B0F17001D1482C2202FB05F28018B0F1FE
S315600294602C02002306E00F6810683F1A0F60091D80
S31560029470121D5B1C1800C0B20B28F4DBB6B2052EB7
S3156002948002D0E4B2012C22D1C24C802000FB05F04E
S315600294902018B0F14401280000F004F9802000FB96
S315600294A005F02018B0F14401BD4A302045435019F9
S315600294B0B0F13002002306E00C681068241A0C60D2
S315600294C0091D121D5B1C1800C0B20C28F4DB0020BB
S315600294D0F2BD000080B500680988D2B24C2A0DD16F
S315600294E089B2042902D005290AD012E0AB492C229E
S315600294F002FB00F289182C3900F00EF8002002BD3A
S31560029500A749302202FB00F28918303900F0CAF806
S31560029510F4E75FF0FF30F2E7F8B5ADF5047D0600DB
S315600295200C0000209F4D05F67C01721E4FF4806090
S315600295304243920811EB82000068206015F50961CA
S31560029540721E4FF480604243920811EB82000068FB
S31560029550606005F69401721E4FF480604243920881
S3156002956011EB82000068A06005F69801721E4FF446
S3156002957080604243920811EB8200A168006841183C
S31560029580A1600BA888492C2201F03EED2C220BA982
S3156002959052AF380001F026ED5C960B208DF844013F
S315600295A016AA9DF8441152A8F0F768F8002805D16A
S315600295B014F10C0116A84B9A904701E00020E06076
S315600295C005F68801721E4FF480604243920811EBE1
S315600295D0820000682061684674492C2201F014ED0D
S315600295E02C22694652AF380001F0FCEC5C960B20E7
S315600295F08DF8440116AA9DF8441152A8F0F73EF878
S31560029600002805D114F1140116A84B9A904701E07F
S315600296100020606105F67801721E4FF48060424355
S31560029620920811EB82000068A06115F50A61721E4C
S315600296304FF480604243920811EB82000068E06159
S3156002964005F6A401721E4FF480604243920811EB44
S3156002965082000068206205F6A801721E4FF48060DF
S315600296604243920811EB8200216A00684118216226
S3156002967005F69C01721E4FF480604243920811EB1C
S3156002968082000068606205F68C01761E4FF4806087
S315600296904643B60811EB86000068A06200200DF50D
S315600296A0057DF0BD30B43F4B03F67404451E4FF49E
S315600296B080625543AD0814EB850212680A6013F5A1
S315600296C00764451E4FF480625543AD0814EB85026C
S315600296D012684A6003F61814451E4FF480625543B9
S315600296E0AD0814EB850212688A6003F61414451EEF
S315600296F04FF480625543AD0814EB85021268CA6066
S3156002970000220A6113F51164451E4FF480625543C7
S31560029710AD0814EB850212684A6103F61C14451EF5
S315600297204FF480625543AD0814EB850212688A6174
S3156002973013F51264451E4FF480625543AD0814EB6F
S3156002974085021268CA6103F68C04451E4FF4806274
S315600297505543AD0814EB850212680A6203F62414B7
S31560029760451E4FF480625543AD0814EB85021268BC
S315600297704A6200228A6203F68803401E4FF48062C0
S315600297805043800813EB80000068C862002030BC3A
S3156002979070470000BC640310C41D0310A0720B1056
S315600297A0F8720B100000128078140310A4140310D0
S315600297B010B50400E363A263002084F830002160E0
S315600297C0F6F722FF60630FF22D20A060246114F188
S315600297D01400E060200000F03FF9C0B2002838D1E2
S315600297E0200000F03DF9C0B2002834D1200000F01C
S315600297F0E7F9C0B2002830D1200000F0E5F9C0B226
S3156002980000282CD120684168206800682268926826
S31560029810126890470100C9B2002902D0C0B204287A
S315600298201FD1211D206800682268926812699047DC
S31560029830C0B2002817D1206C90F8441020680068E6
S3156002984022689268126A9047C0B200280DD1002041
S315600298500CE003200AE0032008E0032006E0032070
S3156002986004E0032002E0032000E0012010BD80B581
S315600298700100086800680968896889688847C0B213
S31560029880002801D1002000E0002002BD1CB50400C2
S3156002989001208DF8000002E00120F6F7A1FA9DF89A
S315600298A0000000280CD100226946206800682368FF
S315600298B09B689B699847C0B20028EDD001200DE0F5
S315600298C0012269462068006823689B689B699847FD
S315600298D0C0B2002801D1002000E0012016BD80B58B
S315600298E0030000226946186800681B689B689B69CA
S315600298F09847C0B2002805D19DF80000012803D11F
S31560029900072002E0012000E0002002BD80B58AB097
S31560029910020069461068006812689268D2699047C8
S31560029920C0B2002805D19DF80100002803D10720A6
S3156002993002E0012000E000200BB000BD90F830107C
S31560029940012901D0072003E0002180F830100020B1
S31560029950704780B5020010680068126892685269A2
S315600299609047C0B2002801D1002000E0012002BD6C
S31560029970006CB0F86800086000207047006C00292F
S3156002998008D0002A08D0036C0B6090F8380010707B
S31560029990002002E0022000E00220704770B50C0051
S315600299A0056C002C20D0B5F86800E08495F8440078
S315600299B0A07095F84500E070062215F14601261D55
S315600299C0300001F010EB1C2215F14C0114F10A066D
S315600299D0300001F008EBA868AD490968084205D174
S315600299E001206070002070BD0220FCE700206070DC
S315600299F0F8E7000018B58FB084690078002803D0B4
S31560029A00022816D010D31FE06946206800682268D3
S31560029A109268526990470221200000F079F86946FF
S31560029A20200000F082F80FE00021200000F070F8BC
S31560029A300AE005A92068006822689268D2699047A0
S31560029A4005A9200000F083F8002302220021606B42
S31560029A50F6F7F0FE10B010BD8E4901640020704723
S31560029A6038B50400256C00202860002068606868AC
S31560029A7050F020006860686850F0800068600020DE
S31560029A80A8602068406800680078002802D0012833
S31560029A9006D00AE0A9687E4800680143A96004E02E
S31560029AA0A9687D4800680143A96002202873F620F0
S31560029AB0E8810220288200206882002068610020F6
S31560029AC0A8610020E86100202862002068626FA118
S31560029AD015F1280001F0FAFE206840680068016905
S31560029AE015F1300001F0F2FE012085F83800002001
S31560029AF085F83C000120E88700202864002085F86C
S31560029B003D00E06B0068C08CA5F86800002032BD9D
S31560029B10006C02681209120102600268C9B211F091
S31560029B200F01114301600020704710B50C00006CF4
S31560029B3061684161A1688161E168C161DEF722FC09
S31560029B40564861680160A1684160002010BDF8B5A1
S31560029B5004000E00256C3078012805D1296850482A
S31560029B6000680143296004E029684D480068814322
S31560029B7029607078012805D129684A48006801433E
S31560029B80296004E029684748006881432960B07803
S31560029B90012813D1F07885F845000622311D15F1AA
S31560029BA04607380001F01EEA1C2216F10A014C35FE
S31560029BB0280001F018EA012084F830000020F2BD86
S31560029BC0394941640020704770B5446CA51C032076
S31560029BD02080012100222E00300001F08CEA012053
S31560029BE02870280000F066F81E20A0800420A0716C
S31560029BF0022020812D480088DDF7ACFF0400102288
S31560029C000FF219012000DAF792FB80220FF24D0162
S31560029C102000DAF78CFB002070BD000080B5088852
S31560029C201100C9B2012902D0D2B20E2A0DD180B278
S31560029C30012807D00FD303280AD008D3052809D0F4
S31560029C4007D308E01A4800F035F8002002BDFCE7A9
S31560029C50FBE7FAE7F9E75FF0FF30F7E780B50888D8
S31560029C60D2B2102A0AD180B2012804D00AD30328BC
S31560029C7007D005D306E00E4800F04FF8002002BD7B
S31560029C80FCE7FBE75FF0FF30F9E700000000000049
S31560029C90DC1403105CD30210D814031058730B1033
S31560029CA0D0140310D4140310C8650310C61D031024
S31560029CB0CA650310F8B5040001260BE0207830EA85
S31560029CC00505B7403D43257003E0207830EA050577
S31560029CD02570761C3000C0B203281CDA012717FAF9
S31560029CE006F53000C0B2E6F7FAFA0328E6D030008D
S31560029CF0C0B2E6F7F4FA0128E0D03000C0B2E6F767
S31560029D00EEFA0228E1D03000C0B2E6F7E8FA04289B
S31560029D10DBD0022000E00020F2BD70B50400002016
S31560029D200125207828420BD101242000C0B20328E5
S31560029D303EDA04212000C0B2E6F7CBFA641CF4E7EF
S31560029D40012601E0FFE7761C3000C0B203282FDA55
S31560029D50217831412800C0B2014001290ED130007C
S31560029D60C0B2E6F7BCFA10F0030050F00100010041
S31560029D70C9B23000C0B2E6F7ACFAE4E73000C0B26E
S31560029D80E6F7ADFA012806D0DCD303280AD008D359
S31560029D900428D8D0D6E704213000C0B2E6F799FA93
S31560029DA0D1E7D0E702213000C0B2E6F792FACAE7FD
S31560029DB0002070BD1CB5040021616261F6F724FCC7
S31560029DC0E0600020207000206070201D019001205C
S31560029DD0009023004FF4807295490FF24110F5F717
S31560029DE02AFF012809D15FF0FF310120F6F7F2FC64
S31560029DF06068F6F747F8002000E0032016BD10B54C
S31560029E0004000521200000F065F8C0B2002826D1C2
S31560029E100521200000F041F8C0B2002821D12000BF
S31560029E2000F099F8C0B200281DD10221200000F08E
S31560029E3051F8C0B2002818D10021200000F02DF898
S31560029E40C0B2002813D10121200000F026F8C0B26A
S31560029E5000280ED16068F6F775F800200AE0012046
S31560029E6008E0012006E0012004E0012002E0012072
S31560029E7000E0012010BD80B54068F6F703F80020C7
S31560029E8002BD0200012052780A70C0B27047020019
S31560029E90012012780A70C0B2704738B504000D000E
S31560029EA0012060782900C9B288420FD02900C9B260
S31560029EB0607800F0FDF8C0B2002809D12900C9B265
S31560029EC06069FEF7C0FE6570C0B202E0002000E085
S31560029ED0012032BD38B504000D000120207829002A
S31560029EE0C9B2884214D02900C9B2207800F0ACF811
S31560029EF0C0B200280ED12A00D2B221786069FEF77C
S31560029F005FFE0100C9B2002906D12570C0B204E025
S31560029F10002002E0012000E0012032BD10B50400FD
S31560029F20002302220021E068F6F784FC4FF4FA70FF
S31560029F30F5F756FF3F48617830F811200121206914
S31560029F4002F018FC3C48217830F811200021206983
S31560029F5002F010FCEAE7F8B504003848058838488C
S31560029F600688384807882A000121206902F002FC27
S31560029F70C0B200284BD12A000021206902F0FAFB08
S31560029F80C0B2002845D132000021206902F0F2FBFE
S31560029F90C0B200283FD1FA20F5F722FF3A0000212D
S31560029FA0206902F0E7FBC0B2002836D1FA20F5F745
S31560029FB017FF32000021206902F0DCFBC0B20028E4
S31560029FC02DD1FA20F5F70CFF32000121206902F04B
S31560029FD0D1FBC0B2002824D1FA20F5F701FF3A007E
S31560029FE00121206902F0C6FBC0B200281BD1FA200B
S31560029FF0F5F7F6FE2A000121206902F0BBFBC0B22A
S3156002A000002812D1FA20F5F7EBFE00200EE00120BF
S3156002A0100CE001200AE0012008E0012006E00120B0
S3156002A02004E0012002E0012000E00120F2BD000010
S3156002A030E014031004150310F8140310C81D03106E
S3156002A040CA1D0310CC1D0310C0B2002808D0022816
S3156002A05015D01DD3042828D021D3052806D025E0A3
S3156002A060C9B2052901D1002021E01FE0C9B2891ECB
S3156002A07002D0891E012901D8002018E016E0C9B273
S3156002A080491E02D0C91E012901D800200FE00DE049
S3156002A090C9B2891E032901D8002008E006E0C9B2C8
S3156002A0A0022901D1002002E000E0FFE701207047AB
S3156002A0B0C0B2002808D002281FD013D3042831D09A
S3156002A0C025D3052808D036E0C9B2012901D0052971
S3156002A0D001D1002030E02EE0C9B2002901D1002072
S3156002A0E02AE028E0C9B2002904D0891E02D0891E5E
S3156002A0F0012901D800201FE01DE0C9B2002901290B
S3156002A10002D9C91E022901D8002015E013E0C9B29E
S3156002A110002904D0891E02D0891E012901D8002097
S3156002A1200AE008E0C9B20029012901D9491F01D113
S3156002A130002001E0FFE70120704700001CB5040023
S3156002A140049821616261A361E0612100606900F0A7
S3156002A150EFFAC0B2002822D1211D606900F046FBE9
S3156002A160C0B200281DD1F6F74FFAE06014F108007C
S3156002A17001900520009023004FF4806286490FF219
S3156002A1804500F5F758FD01280DD15FF0FF3101203A
S3156002A190F6F720FBA068F5F775FE002004E00320C1
S3156002A1A002E0032000E0032016BD80B58068F5F763
S3156002A1B0C9FE002002BD80B58068F5F763FE002007
S3156002A1C002BD000010B50400002302220021E068EF
S3156002A1D0F6F730FB200000F007F8200000F047F8A1
S3156002A1E0200000F06AF8F5E77CB50600F4696B4872
S3156002A1F005886946F069FFF744FE3069FFF76FFB31
S3156002A200C0B2002809D1B069FEF78EFDC0B200283F
S3156002A21001D102210AE0012108E03069FFF776FBED
S3156002A220C0B2002801D1042100E000219DF800009F
S3156002A2300A00D2B2904206D0C9B2F069FFF72DFE8B
S3156002A240C0B200280FD13069FFF778FBC0B2002890
S3156002A25007D12A000221206902F08CFAC0B20028D6
S3156002A26003D1002076BD0120FCE70120FAE71CB588
S3156002A27004006946E069FFF70AFE2069FFF746FBBC
S3156002A280C0B2002801D1032106E09DF80000032830
S3156002A29001D1022100E001219DF800000A00D2B23C
S3156002A2A0904206D0C9B2E069FFF714FEC0B2002838
S3156002A2B001D1002016BD0120FCE77CB50400002018
S3156002A2C0002000906946606900F0BEFBC0B20028BB
S3156002A2D009D13348334D29680268914205D2016833
S3156002A2E02868091A02E0012035E00021606900F061
S3156002A2F084FBC0B2002815D1002600E0761C0098C7
S3156002A300B0420FDB3100606900F0A2FBC0B20028E8
S3156002A310F4D13100200000F047F8C0B20028EDD039
S3156002A320012018E02900A069FEF717FDC0B20028D7
S3156002A33012D12968A069FEF737FEC0B200280DD196
S3156002A34001A92069FFF714FBC0B2002808D1019861
S3156002A350002807D1002076BD0120FCE70120FAE73C
S3156002A3600120F8E7002500E06D1C0098A842F1DBA9
S3156002A370019A4FF47A7042432900A069FEF7F6FD0E
S3156002A380C0B20928F0D12900200000F05DF8C0B201
S3156002A3900028E9D00120DEE710150310CE1D031058
S3156002A3A02815031060730B1038B504000D00206881
S3156002A3B0854209D1200000F037F8C0B2002801D1E9
S3156002A3C0002032BD0120FCE76068854207D120008B
S3156002A3D000F055F8C0B20028F2D00120F1E729005A
S3156002A3E0A069FEF7AAFC002804D12900200000F02B
S3156002A3F091F8E5E72900200000F0D4F8C0B2002801
S3156002A40006D02900200000F01FF8C0B2002807D14C
S3156002A4102900A069FEF78CFDC0B2002802D1CFE701
S3156002A4200120CEE70120CCE700B585B001AB6A46D4
S3156002A4300168406900F035FBC0B2002801D10020F6
S3156002A44000E0012005B000BD38B504000D0029000A
S3156002A450A069FEF7A3FDC0B200280CD12900A0694D
S3156002A460FEF776FD2900606900F0A1FAC0B2002805
S3156002A47003D1002002E0012000E0012032BD38B5A0
S3156002A4808CB00500002003904FF48060E1F716FD62
S3156002A490040007E04FF48060E1F710FD040001203C
S3156002A4A0F5F79EFC002CF5D004A8029008A801904E
S3156002A4B003A800904FF4806322006968686900F01F
S3156002A4C09BFBC0B2002815D104A8019008A8009091
S3156002A4D0039B22006968A869FEF751FCC0B2002896
S3156002A4E010D1002C03D02000E1F760FD002000208F
S3156002A4F00DB030BD002C03D02000E1F757FD0020DF
S3156002A5000120F5E7002C03D02000E1F74FFD002083
S3156002A5100120EDE770B588B005000E0000200390BB
S3156002A5204FF48060E1F7CAFC040007E04FF48060F4
S3156002A530E1F7C4FC04000120F5F752FC002CF5D0CB
S3156002A5400020029004A8019003A800904FF4806353
S3156002A55022003100686900F04FFBC0B2002811D1B9
S3156002A56004AB039A2100A869FEF783FCC0B20028F7
S3156002A57010D1002C03D02000E1F718FD0020002046
S3156002A58008B070BD002C03D02000E1F70FFD00205B
S3156002A5900120F5E7002C03D02000E1F707FD00203B
S3156002A5A00120EDE7F8B586B005000E0000200190A7
S3156002A5B000204FF48060E1F781FC040007E04FF46D
S3156002A5C08060E1F77BFC04000120F5F709FC002CB2
S3156002A5D0F5D001A80090042322003100686900F0DA
S3156002A5E0BEFAC0B2002821D1019800281ED4A778ED
S3156002A5F0E07857EA00271437381D40F20141884255
S3156002A60024DB01A800904FF4806322003100686960
S3156002A61000F0A5FAC0B2002810D1019800280DD426
S3156002A62001983F1A012FECDA002040E0002C03D09B
S3156002A6302000E1F7BBFC0020012038E0002C03D0AB
S3156002A6402000E1F7B3FC0020012030E001A8009071
S3156002A6503B00221D3100686900F081FAC0B2002811
S3156002A66027D10198002824D40198001D0190102159
S3156002A670002202AF380000F03EED02AA310068699E
S3156002A68000F03DFBC0B200281BD102A80090019BDE
S3156002A69022003100A869FEF7FAFBC0B2002818D181
S3156002A6A0002C03D02000E1F781FC0020002007B0D7
S3156002A6B0F0BD002C03D02000E1F778FC00200120D9
S3156002A6C0F5E7002C03D02000E1F770FC00200120A2
S3156002A6D0EDE7002C03D02000E1F768FC00200120A2
S3156002A6E0E5E7000038B50400E2602161042100223A
S3156002A6F0251D280000F0FEEC0421002214F1080555
S3156002A700280000F0F8EC5FF0FF302060200000F0D7
S3156002A71027FBC0B2002807D1200000F029FBC0B297
S3156002A720002803D1002002E0032000E0032032BDAE
S3156002A73030B589B004000D0004A92069FFF709F954
S3156002A740C0B2002814D10598019041F2AF20ADF84D
S3156002A750020002208DF80100062201210220F3F791
S3156002A76075FF2860286810F1010F03D103203BE0D2
S3156002A770032039E0286800F00EFBC0B200280FD132
S3156002A780286800F040FBC0B200280BD1102269464F
S3156002A7902868F3F76BFA10F1010F05D1032023E065
S3156002A7A0032021E003201FE020212868F3F7F2FA54
S3156002A7B010F1010F13D00420DDF704FB0100C9B2CA
S3156002A7C0286800F00EFBC0B200280AD12968200072
S3156002A7D000F02BFBC0B2002805D1002004E0032064
S3156002A7E002E0032000E0032009B030BD30B58BB033
S3156002A7F004000D0006A92069FFF7ABF8C0B2002875
S3156002A80016D10798039041F2AF20ADF80A000220F4
S3156002A8108DF8090001200190112202210220F3F72E
S3156002A82015FF2860286810F1010F03D103203FE06D
S3156002A83003203DE0286800F0AEFAC0B2002812D1CB
S3156002A840286800F0E0FAC0B200280ED10420009019
S3156002A85001AB082200212868F4F756FC10F1010FBB
S3156002A86005D1032024E0032022E0032020E0102209
S3156002A87002A92868F3F7FAF910F1010F13D0042040
S3156002A880DDF7A0FA0100C9B2286800F0AAFAC0B2E0
S3156002A89000280AD12968200000F0C7FAC0B2002851
S3156002A8A005D1002004E0032002E0032000E003203B
S3156002A8B00BB030BDF0B58DB004000D0016001F0060
S3156002A8C008A92069FFF745F8C0B2002816D1099891
S3156002A8D005904AF60860ADF8120002208DF8110064
S3156002A8E001200290112202210220F3F7AFFE2860B6
S3156002A8F0286810F1010F03D1032056E0032054E0CB
S3156002A900286800F048FAC0B2002812D1286800F020
S3156002A9107AFAC0B200280ED10420009002AB082257
S3156002A92000212868F4F7F0FB10F1010F05D103202E
S3156002A9303BE0032039E0032037E0102204A92868AF
S3156002A940F3F794F910F1010F26D03100C9B22868E5
S3156002A95000F047FAC0B2002820D101AA03A92069F3
S3156002A960FFF70CF8C0B200281AD1039887420AD1C1
S3156002A9700120009001AB052200212868F4F7C4FB90
S3156002A98010F1010F0ED02968200000F04EFAC0B215
S3156002A990002809D1002008E0032006E0032004E035
S3156002A9A0032002E0032000E003200DB0F0BD10B5E5
S3156002A9B00C00202C0AD2082194FBF1F141180B7984
S3156002A9C0012114F007029140194000E0002100299C
S3156002A9D00DD0210000F042FAC0B2002809D1200051
S3156002A9E0F3F793F910F1010F05D1012010BD022092
S3156002A9F0FCE70120FAE70020F8E73EB504000020F4
S3156002AA004FF47A7091FBF0F001904FF47A70B1FBDB
S3156002AA10F0F200FB1211414302910422211D14F14E
S3156002AA200805280000F0DEEA01A800900023002253
S3156002AA3014F108012068401CF4F73EF8012801DB96
S3156002AA40002000E007203EBD0068086000207047D5
S3156002AA5010B420290AD2082291FBF2F282181479E4
S3156002AA60012211F007039A40224000E00022002AE8
S3156002AA7006D0202906D3002100290FD000200EE03F
S3156002AA8002200CE0082291FBF2F28018007A012281
S3156002AA9011F0070112FA01F10140EDE7072010BC3F
S3156002AAA0704770B505000C001600202C0AD20820EB
S3156002AAB094FBF0F028180279012014F0070188400F
S3156002AAC0104000E0002000280BD000221900200070
S3156002AAD0F2F7E6FF3060306810F1010F03D1012012
S3156002AAE018E0022016E00420DDF76CF90100C9B215
S3156002AAF0306800F076F9C0B2002808D131682800C3
S3156002AB0000F093F9C0B2002803D1002002E00320CE
S3156002AB1000E0012070BD38B50C0011001A00202C2F
S3156002AB200AD2082394FBF3F3C0180579012014F0C6
S3156002AB3007039840284000E0002000280BD000233D
S3156002AB402000F3F79BFC002807D40499002900D063
S3156002AB500860002032BD0220FCE70120FAE738B522
S3156002AB600C0011001A00202C0AD2082394FBF3F37E
S3156002AB70C0180579012014F007039840284000E0C8
S3156002AB80002000280BD000232000F3F79FFB00284B
S3156002AB9007D40499002900D00860002032BD022043
S3156002ABA0FCE70120FAE73EB50C0011001A00202CE2
S3156002ABB00AD2082394FBF3F3C0180579012014F036
S3156002ABC007039840284000E00020002810D010209B
S3156002ABD001900698009000232000F3F7A7FC01007D
S3156002ABE0002907D40798002800D0016000203EBDE6
S3156002ABF00220FCE70120FAE72DE9F84189B00F004F
S3156002AC00129D002600920193202F0AD2082197FBFB
S3156002AC10F1F140180279012017F0070188401040CF
S3156002AC2000E00020002805D04FF40070E1F746F9F5
S3156002AC30040009E0022045E04FF40070E1F73EF9B6
S3156002AC4004000120F5F7CCF8002CF5D0DDF8408041
S3156002AC5002A845491C2200F0D8E91198029068467C
S3156002AC6004900694002202A93800F3F737FBC8F86D
S3156002AC700000D8F80000002804D407980C2809D3ED
S3156002AC8006980AE0002C03D02000E1F78FF9002035
S3156002AC90012017E0002000E00698002807D04168EE
S3156002ACA0002912D1816808290FD110F10C06002DF6
S3156002ACB001D070686860002C03D02000E1F776F955
S3156002ACC0002000200AB0BDE8F081002804D1079870
S3156002ACD00C28E1D20020E0E70699079A89180268F3
S3156002ACE0D21C9208920082180C32914201D2002044
S3156002ACF0D3E70168C91C890889004018CDE71CB5ED
S3156002AD000B001100202B0AD2082293FBF2F2801864
S3156002AD100479012013F007029040204000E00020F1
S3156002AD20002807D06A461800F4F7D5F9002803D13F
S3156002AD30002002E0022000E0012016BD40690029E1
S3156002AD400CD00A48C2794A7142790A718279CA700C
S3156002AD5002798A70C0784870002000E0022070474D
S3156002AD6002494161002070472C1503104CD3021032
S3156002AD7080B5416900220A70C0684068002804D024
S3156002AD803B2048702F20887001E0DDF7BEF8DDF7C2
S3156002AD90B5F8002002BD3EB504000A2001900020ED
S3156002ADA0029040F6FF750820009001AB41F2060260
S3156002ADB029002000F4F7A8F910F1010F0DD0082040
S3156002ADC0009001AB41F2050229002000F4F79CF9DC
S3156002ADD010F1010F03D101203EBD0120FCE70020E6
S3156002ADE0FAE7E0B5C9B2890001910421009101AB8D
S3156002ADF001220021F4F788F910F1010F01D0002039
S3156002AE0000E001200EBDE0B501210191042100910F
S3156002AE1001AB042240F6FF71F4F776F910F1010FE7
S3156002AE2001D0002000E001200EBD30B420290ED2F0
S3156002AE30082291FBF2F28318082291FBF2F2821841
S3156002AE401479012511F0070295402C431C710268A2
S3156002AE508A4200DA0160002030BC704730B4202993
S3156002AE600ED2082291FBF2F28318082291FBF2F2CB
S3156002AE7082181479012511F007029540AC431C71C2
S3156002AE800268914219D102E00168491E01600168B7
S3156002AE90002912D4016820290CD20168082291FB8C
S3156002AEA0F2F141180A790121037813F007039940F8
S3156002AEB0114000E000210029E6D0002030BC704736
S3156002AEC038B504002E4D0120E9F7D7FF28602868BF
S3156002AED000281CD02B4D032200210120E9F792FFA6
S3156002AEE028602868002814D00023002200212868E0
S3156002AEF0E9F7E4FF61682068A26812689047002853
S3156002AF0001D00E2807D120480460002004E0032007
S3156002AF1002E0032000E0032032BD38B50500184C7C
S3156002AF2001212068EAF758F90028F8D0164B2A68FA
S3156002AF30291D186800681B689B689B6898475FF0C4
S3156002AF40FF3110480068EAF747F900230022002122
S3156002AF502068E9F7B3FF002032BD80B50021009179
S3156002AF600079022805D1694606480068EAF778F84A
S3156002AF70FFE70098002802D001200449086001BD5D
S3156002AF8064730B1068730B106C730B1044660B10B2
S3156002AF900EB478B50500002040F204463000E0F7B2
S3156002AFA08DFF040006E03000E0F788FF0400012010
S3156002AFB0F4F716FF002CF6D005AA2900201D01F031
S3156002AFC000FE0500002D01D5280007E0256020005F
S3156002AFD0FFF7A3FF2000E0F7E9FF280072BC5DF8E7
S3156002AFE010FB0000030011E30400000A012052E294
S3156002AFF00130D1240130C024F9FFFF8A1EFF2FE100
S3156002B000030010E31200001A102052E20500003A13
S3156002B01030002DE93810B1E8102052E23810A0E86D
S3156002B020FBFFFF2A3000BDE8823EB0E10810B1287E
S3156002B0300810A0280430914404308044822FB0E185
S3156002B040B220D1200130D144B220C0200130C044A8
S3156002B0501EFF2FE1082052E20400003A0810B1E810
S3156002B060082052E2043080E404C080E4FAFFFF2A3A
S3156002B070823EB0E1EEFFFFEA0030A0E10000A0E30D
S3156002B080030013E30500000A012052E20100D32403
S3156002B09001C0D1240C005020F8FFFF0A1EFF2FE1E9
S3156002B0A0042052E20400932404C091240C0030214F
S3156002B0B0FAFFFF0A042092E20500002A300FBFE67B
S3156002B0C03CCFBFE60C0050E00000E0330100A083F5
S3156002B0D01EFF2FE1012052E20100D32401C0D124D8
S3156002B0E00C005020FAFFFF0A012092E20200A00142
S3156002B0F01EFF2FE11224CFE71228DFE7010080E06E
S3156002B100033010E20400000A031051E01000003A16
S3156002B110833FB0E101206045B22060210230A0E1A8
S3156002B12000402DE902C0A0E102E0A0E1101051E268
S3156002B1300C502029FCFFFF8A811EB0E10C002029F9
S3156002B140042020450111B0E1B22060210120604552
S3156002B1500080BDE8031091E001206015020011E352
S3156002B160012060151EFF2FE1030013E10D00001A96
S3156002B170010011E12700001A00502DE90210A0E13A
S3156002B180E30000FA0120A0E10010A0E30030A0E392
S3156002B1900090BDE80130A0E10020A0E10010A0E32C
S3156002B1A00000A0E31EFF2FE1020050E103C0D1E0E0
S3156002B1B0F7FFFF3A10402DE9114F6FE113EF6FE190
S3156002B1C004405EE01334B0E120E064E232CEB0E1E6
S3156002B1D00C3093E11224B0E180C4B0E33CC4B0E128
S3156002B1E0010000EAA330B0E16220B0E1020050E162
S3156002B1F00340D1E0020040200410A0210CC0BCE054
S3156002B200F7FFFF3A0020B0E10130B0E10C00B0E197
S3156002B2100010B0E31080BDE8010052E31900009A05
S3156002B22010402DE9114F6FE112EF6FE1204064E2A9
S3156002B2300E4094E020C054E2E2FFFF3A122CB0E1E5
S3156002B2408044B0E3344CB0E100E0B0E3010000EAD0
S3156002B250A220B0E16330B0E1030050E102C0D1E068
S3156002B260030040200C10A0210440B4E00EE0BEE0D2
S3156002B270F6FFFF3A0020B0E10130B0E10400B0E130
S3156002B2800E10B0E11080BDE8A400003A0020B0E3E1
S3156002B2900030B0E31EFF2FE1013080E2001FB0E113
S3156002B2A00300000A0110D0E4000051E3FAFFFF1A1E
S3156002B2B00B0000EA002090E501C100E301C140E312
S3156002B2C00C1052E00210D1E18C0311E10420B005AA
S3156002B2D0FAFFFF0A0110D0E4000051E30110D01416
S3156002B2E0FCFFFF1A030050E01EFF2FE1FF2002E27F
S3156002B2F020C052E2101CA0211112A03120C062327D
S3156002B300301C81311002A0E11EFF2FE1000051E1E5
S3156002B310013082300300503131FFFF2A020080E0A3
S3156002B320030013E30400000A012052E201107325B0
S3156002B33001106025F9FFFF8A1EFF2FE1030010E36B
S3156002B3400800001A102052E20500003A30002DE98A
S3156002B350321033E9102052E2321020E9FBFFFF2A55
S3156002B3603000BDE8102082E2042052E20410332548
S3156002B37004102025FBFFFF8A04208232012052E25C
S3156002B3800110732501106025FBFFFF8A1EFF2FE166
S3156002B3900020B0E3620000EA2DE9F84F84B08946E6
S3156002B3A015460BB100221A600446274600E07F1C50
S3156002B3B0387801F05CFB0028F9D138782D2816BF61
S3156002B3C02B2817F8018B4FF02B08002DCDF804902F
S3156002B3D003D4012D01D0252D05DBB9F1000F4ED026
S3156002B3E0C9F800404BE0002D0ADD102D04BF387805
S3156002B3F0302802BF797841F0200178290ED10AE01F
S3156002B4003878302818BF0A2508D1787840F02000AD
S3156002B410782802D11025BF1C00E00825039700E0BA
S3156002B4207F1C39783029FBD047F6680BC0F2000BD7
S3156002B430FB44ABF10C0B4FF000090BF128010297AC
S3156002B440CA468DF8001008E006469DF80000CA4616
S3156002B4507F1C361AF6B205FB0969387801F0D7FA0D
S3156002B46001462A460BF1280000F07AE80028EBD163
S3156002B470039A2946BA4204D1019800B104600020B9
S3156002B48020E0029B1BF80120FB1A9B1A002B10D4AA
S3156002B49006DCB9EB060003D300F038F8504508D055
S3156002B4A001F0FFFB049808B1012101604FF0FF39FA
S3156002B4B004E0B8F12D0F08BFC9F10009019800B187
S3156002B4C00760484605B0BDE8F08F04E000E0000082
S3156002B4D00A220021F9E700235EE70000500F11EE11
S3156002B4E0F00880E3500F01EE6FF07FF54004A0E3B1
S3156002B4F0100AE8EE8007A0E3100AE1EE1EFF2FE1D4
S3156002B500024690FBF1F001FB10217047B0FBF1F0AF
S3156002B510704700000246B0FBF1F001FB1021704754
S3156002B5201EFF2FE100402DE90230A0E102E0A0E11A
S3156002B53002C0A0E1101051E20C50A028FCFFFF8A65
S3156002B54081CEB0E10C00A02804208044811FB0E1C6
S3156002B550B220C0200120C0440080BDE8240000EA79
S3156002B560FF1001E2030010E30500000A012052E227
S3156002B5701D00003A0130D0E4030031E1F8FFFF1A02
S3156002B580170000EA082052E20F00003A042082E225
S3156002B59010002DE9011481E1011881E180C008E300
S3156002B5A080C048E3043090E4042052E20130232054
S3156002B5B0AC4343200340C4210C001421F8FFFF0A68
S3156002B5C01000BDE8FF1001E2040050E2082092E29A
S3156002B5D0012052E20130D02403003121FBFFFF8AB1
S3156002B5E00100A013010050E21EFF2FE10000B0E34C
S3156002B5F01EFF2FE10070B0E1910600FB0700B0E18B
S3156002B6007C0500FAFDFFFFEA41EA030C50EA4C0CA6
S3156002B61052EA0C0C4FF4001C09D307D01CEB410F05
S3156002B6209CBF1CEB430F8B4208BF824270471CEBE8
S3156002B630430FFBD8994208BF9042704741EA030C18
S3156002B64050EA4C0C52EA0C0C4FF4001C09D307D09A
S3156002B6501CEB410F9CBF1CEB430F994208BF904203
S3156002B66070471CEB410FFBD88B4208BF8242704782
S3156002B67010B5144600F002F8226010BDC1F30A53F9
S3156002B68043B14A0012F5001F28D2A3F2FE32A1EBA3
S3156002B6900251704750EA410C20D001F0004C31EA69
S3156002B6A00C01B1FA81F204BFB0FA80F3D2180B3AF8
S3156002B6B0B2F120032CBF00FA03F1914041EA0C017A
S3156002B6C03EBFC2F1200C20FA0CF31943904052425D
S3156002B6D040F2FD33D21A01EB0351704700227047E4
S3156002B6E000B541EC100B104600F004F851EC100B5B
S3156002B6F000BD00BF020030EE101B40F2FF7C37D463
S3156002B7001CEA115313D063456BD09B18634504D270
S3156002B71001EB025120EE101B704701F0004141EA35
S3156002B7200C51002041EC100B01F0BBBA704710EED1
S3156002B730100B50EA410054D0B2F57F7F08D202EB7B
S3156002B7405C010905002041EC110B20EE010B7047EC
S3156002B7504FF0FE41002341EC113B20EE010BB2F5A6
S3156002B7607E7230EE101B4FEA410342EB5353CDE734
S3156002B77052421CEA115316D0634532D09A4204D221
S3156002B780A1EB025120EE101B70475B1ED21AA1EB91
S3156002B790035120EE101B372A0CD3002001F0004122
S3156002B7A041EC100BC0E710EE100B50EA410018D0C6
S3156002B7B0372AF2D2C2EB5C021105002041EC110B72
S3156002B7C0F1EE100A20F01F0121F4F851E1EE101A91
S3156002B7D020EE010BF1EE101AE1EE100A11F0080FDD
S3156002B7E0A2D170470020D0E5FF1001E2010052E3CA
S3156002B7F0020031E10120F085FBFFFF8A0000A01301
S3156002B8001EFF2FE180B508210120FDF757FA02BD20
S3156002B81010B504002068FDF763FA0020206010BDB1
S3156002B8200180704700887047418070474088704742
S3156002B83081807047808870478171704701007F20E0
S3156002B84089790840C0B2704780210A00D2B28079F5
S3156002B850C9B201408A4201D1012000E0002070474E
S3156002B860C1717047C079704710B50400002C0AD0C8
S3156002B8706068002807D06068FDF732FA00206060D1
S3156002B88000202080FFE7200010BDF8B504000D00FF
S3156002B890160027002000FFF7E7FF280080B2002885
S3156002B8A012D00121280080B2FDF708FA6060606854
S3156002B8B0002801D1002707E02580ADB264682A001E
S3156002B8C031002000FFF78EEB3800F2BD38B5040078
S3156002B8D00D002800FFF7E0EC2A00010089B2200083
S3156002B8E0FFF7D3FF32BD70470100080080B2000A3D
S3156002B8F050EA012080B270470100080210F47F000E
S3156002B90050EA01600A00120A12F47F42104350EABA
S3156002B9101160704738B504004FF48161002225003A
S3156002B9202800FFF7E8EBC4F8004431BD80B5FFF7A5
S3156002B930DAFF01BD18B40022ADF80020002310F032
S3156002B9400102002A06D0012904DB04788DF8014041
S3156002B950401C491E04E0048813FA84F3801C891E85
S3156002B9600229F8DA012902DB00788DF80000BDF8B9
S3156002B970000013FA80F081B211EB104188B210EB2D
S3156002B9801140002A05D0010211F47F41C0F307205D
S3156002B990084380B212BC70472DE9F04105000E00E3
S3156002B9A01700984600241BE0002410E06989686845
S3156002B9B0FFF7C0FF18FA80F080461FFA88F818EB86
S3156002B9C01048A87AC0070AD5002CEDD101245FEA97
S3156002B9D0082010F47F40C8F3072858EA00082D684B
S3156002B9E0002DE3D1002C07D05FEA082010F47F40D7
S3156002B9F0C8F3072858EA0008F6B2300080B2FFF7AB
S3156002BA0073FF18FA80F4380080B2FFF76DFF14FAFC
S3156002BA1080F081B211EB104188B210EB1140C04345
S3156002BA2080B2BDE8F08138B5049C1D68ABB213EBF9
S3156002BA301543246813FA84F313EB14439CB214EB94
S3156002BA401344A3B213EB144392B2C9B2FFF7A4FF35
S3156002BA5032BD1CB5049C009492B2C9B2FFF7E3FFF3
S3156002BA6016BD80B589B2FFF765FFC04380B202BDDD
S3156002BA7070B505000024002618E000240FE06989ED
S3156002BA806868FFF757FF16FA80F00600B6B216EB43
S3156002BA901046A87AC00708D5002CEED101243002E0
S3156002BAA010F47F40C6F3072606432D68002DE6D1C3
S3156002BAB0002C05D0300210F47F40C6F307260643F9
S3156002BAC0F643300080B270BD80B5002000906846B3
S3156002BAD06946884204D0002000F0BFFE00F081FE75
S3156002BAE0F3F796FEF4F71DF8E6F722FBE6F7DEFDBE
S3156002BAF0E6F784FEF9F796FEF4F7A6FFE0F7F0FCA8
S3156002BB00DEF70EFAF9F7CCFB01BD10F108014160D0
S3156002BB105FF0FF31816010F10801C16010F1080128
S3156002BB20016100210160704700210161704742682E
S3156002BB304A6093688B609368596091600861016896
S3156002BB40491C0160704710B40B6813F1010F01D1F3
S3156002BB50026907E010F1080200E05268546824683E
S3156002BB60A342FAD253684B604B6899608A6051600F
S3156002BB7008610168491C016010BC704701698268EE
S3156002BB8043689A60426883685A604A68824201D111
S3156002BB9082684A60002202610868401E086008687E
S3156002BBA0704780B5E7F728FBFEE738B50620E6F76B
S3156002BBB0C0FD0400002C05D01821002225002800B3
S3156002BBC0FFF798EA200032BD10B50400002C0DD0B4
S3156002BBD02068002806D02068E8F769FA00206060CD
S3156002BBE06068206021000620E6F7C3FD10BD10B52F
S3156002BBF00400002C09D02068002802D02068E8F7EB
S3156002BC0056FA002060606068206010BD70B504005E
S3156002BC100D001600002C02D17FF00F001EE0206896
S3156002BC20002802D02068E8F742FA41220021362035
S3156002BC30E8F773F820602068002804D1002060606D
S3156002BC405FF0FF300AE02068456020680681206860
S3156002BC5000892168488120686060002070BD0028E4
S3156002BC6002D17FF00F0016E0002902D17FF00F00AB
S3156002BC7011E0002A02D17FF00F000CE04368002B2E
S3156002BC8002D17FF0010006E043685B680B604068A2
S3156002BC90408910800020704780B5E0F7B5F90090C2
S3156002BCA0009801BD70B504000D00287810F01F00E1
S3156002BCB01F2802D17FF00F005BE06878002802D06F
S3156002BCC07FF00F0055E02978200000F049FB00283C
S3156002BCD002D07FF001004CE001206870A8888028BD
S3156002BCE001DA012106E0A888B0F5807F01DA022137
S3156002BCF000E00321A878002808D0A878C9B2884253
S3156002BD0002D27FF00F0034E0A97800E0A970080043
S3156002BD10C0B2022822DB4E1E56F08001C9B2200054
S3156002BD2000F01EFB002803D07FF0010021E0761EA2
S3156002BD303000C0B2022811DB3000C0B2022803D143
S3156002BD40A98889B2090A00E00021C9B2200000F080
S3156002BD5007FB0028EBD07FF001000AE0A988C9B290
S3156002BD60200000F0FDFA002802D07FF0010000E01A
S3156002BD70002070BD80B592B200F0F8FA002802D0B9
S3156002BD807FF0010000E0002002BD70B504000D00E6
S3156002BD901600280080B2062802DB7FF00F0029E039
S3156002BDA0280080B2052809D10021200000F0D8FAC7
S3156002BDB0002802D07FF001001CE06D1E280080B2D0
S3156002BDC002280CDB6D1EE8003100C140C9B22000BA
S3156002BDD000F0C6FA0028F1D07FF001000AE03100D7
S3156002BDE0C9B2200000F0BCFA002802D07FF0010040
S3156002BDF000E0002070BD70B504000D00160028003A
S3156002BE0080B202280CDB6D1EE80031000141C9B226
S3156002BE10200000F0A5FA0028F1D07FF001000AE0C8
S3156002BE203100C9B2200000F09BFA002802D07FF0F0
S3156002BE30010000E0002070BD2DE9F84304000D000A
S3156002BE401600300080B2022810DB28682822696852
S3156002BE5002FB0011C9B2200000F082FA002802D06B
S3156002BE607FF001003BE0B61E083503E07FF00F006D
S3156002BE7035E02D1D300080B200282FD0761E2F6847
S3156002BE805FF000095FF01C0801E0B8F10708404660
S3156002BE90C0B2002817D0390031FA08F10800C0B2E2
S3156002BEA0002803D14846C0B20028EED05FF00109EF
S3156002BEB051F08001C9B2200000F052FA0028E4D0A5
S3156002BEC07FF001000BE017F07F073900200000F0D9
S3156002BED047FA0028CDD07FF0010000E00020BDE8DF
S3156002BEE0F283020092B2802A02D20120087008E030
S3156002BEF080B2B0F5807F02D20220087001E0032092
S3156002BF0008707047802802D20120088013E0B0F5DD
S3156002BF10004F02D2022008800DE0B0F5000F02D277
S3156002BF200320088007E0B0F1004F02D204200880A7
S3156002BF3001E0052008807047002800D5C0438028AC
S3156002BF4002DA012008800DE0B0F5004F02DA022025
S3156002BF50088007E0B0F5000F02DA0320088001E0EE
S3156002BF6004200880704710B4002313800B009BB234
S3156002BF70022B0CDB13885B1C1380891E083006E0DB
S3156002BF80DB091488641C1480002BF9D1001D0B0098
S3156002BF909BB2002B06D0491E0368DB091488641C19
S3156002BFA01480F1E710BC70477CB504000D00694649
S3156002BFB0200000F0BBF9002802D07FF001001FE0EC
S3156002BFC09DF800002870287810F01F001F2802D103
S3156002BFD07FF0050014E0012068706946200000F0D9
S3156002BFE0A5F9002802D07FF0010009E09DF8000063
S3156002BFF0802806DA0120A8709DF80000A88000203B
S3156002C00076BD9DF80000812836DB9DF80000B0F110
S3156002C0108006E0883100C9B289B2884202D27FF0D6
S3156002C0200500EDE7701CA8700020A88013E0694641
S3156002C030200000F07BF9002818D1A8880002A880A9
S3156002C040A9889DF800000143A980A8884FF6FF7170
S3156002C05088420ED0761E3000C0B20028CFD0A888A3
S3156002C060B0F5807FE3DB7FF00500C9E77FF0010072
S3156002C070C6E77FF00500C3E77FF00500C0E77CB541
S3156002C08004000E001500300080B2002839D030005E
S3156002C09080B2062835DA6946200000F047F90028A2
S3156002C0A002D07FF001002EE0300080B2052803D175
S3156002C0B09DF80000002807D0300080B2052820DAFB
S3156002C0C09DF8000000061CD49DF800002860761ECC
S3156002C0D008E0761E28680002286029689DF800003C
S3156002C0E001432960300080B2002808D069462000EA
S3156002C0F000F01CF90028ECD07FF0010003E000207C
S3156002C10001E07FF0050076BD7CB504000D001600E7
S3156002C110280080B2002835D0280080B2052831DA9E
S3156002C1206946200000F002F9002802D07FF0010083
S3156002C1302AE09DF80000000609D55FF0FF30306006
S3156002C14030689DF8001051EA0021316002E09DF8E6
S3156002C150000030606D1E06E030689DF8001051EAFE
S3156002C160002131606D1E280080B2002808D0694621
S3156002C170200000F0DBF80028EED07FF0010003E03B
S3156002C180002001E07FF0050076BD2DE9F843050049
S3156002C1900E0090461F0000203870300080B20028E2
S3156002C1A04CD0089C2000C0B2022802DA5FF0FF3051
S3156002C1B095E06946280000F0B9F8002802D07FF0C1
S3156002C1C001008CE0761E9DF800002B2809D1012023
S3156002C1D0C8F8000018F104000321016010F1040898
S3156002C1E029E09DF8000028280ADA0020C8F8000035
S3156002C1F018F104009DF80010016010F104081AE0BD
S3156002C2009DF8000050280BDA0120C8F8000018F1EA
S3156002C21004009DF800102839016010F104080AE054
S3156002C2200220C8F8000018F104009DF80010503989
S3156002C230016010F10408022038700FE000204EE021
S3156002C240761E9DF8000000061AD49DF80000C8F814
S3156002C250000018F104083878401C3870300080B24B
S3156002C260002835D038782100C9B2884230D2694672
S3156002C270280000F05BF80028E2D07FF001002EE093
S3156002C2809DF8009039F0800907E0761E48469DF8D1
S3156002C290009039F0800919EBC019300080B200288D
S3156002C2A00CD09DF80000000608D56946280000F00B
S3156002C2B03DF80028E9D07FF0010010E09DF800000B
S3156002C2C0000602D4C8F80090C3E77FF0050006E0D6
S3156002C2D0B6B2002E02D05FF0FF3000E00020BDE86B
S3156002C2E0F28370B504000D0016000498290080B22E
S3156002C2F089B2884202D25FF0FF3011E01D8001E010
S3156002C300761C6D1E280080B2002808D031002000FD
S3156002C31000F00CF80028F3D07FF0010000E0002066
S3156002C32070BD8280C38001600020704710B5040032
S3156002C330E088002802D17FF0010010E0A388012284
S3156002C3402068E7F7CDFF002802D17FF0010006E002
S3156002C350A088401CA080E088401EE080002010BDBE
S3156002C36002B50122694600F001F802BD38B5040043
S3156002C3701500E0882A0092B2904202D27FF0010054
S3156002C38011E0A3882A0092B22068E8F794F80028A0
S3156002C39002D07FF0010006E0A0882818A080E0881D
S3156002C3A0451BE580002032BDF8B504000D0016007D
S3156002C3B0002C01D0002D02D17FF00F0048E0E0880A
S3156002C3C0310089B2884204D3E888310089B2884252
S3156002C3D002D27FF00F003BE0300080B200280ED11F
S3156002C3E0E088E988884201D2E68808E0EE8806E0BD
S3156002C3F0A0883818A080E088C01BE080F61B300059
S3156002C40080B2002823D06A46A1882068E7F7FCFF3D
S3156002C410002809D04189002906D03100428989B2B3
S3156002C420914204D2370003E07FF0010010E04789B1
S3156002C4303A0092B24068BDF8001041182800FFF732
S3156002C44095FF010049B20029D2D040B200E0002037
S3156002C450F2BD002902D4C2888A4202DA7FF00F0056
S3156002C46006E082888A188280C288511AC1800020BA
S3156002C470704780B58288891AFFF7EBFF02BD10B557
S3156002C48004000120E8F7F9FC20602068002805D046
S3156002C490002060600020A060002000E0032010BD44
S3156002C4A038B504000D0001212068E8F795FE0028E2
S3156002C4B0F9D06068002801D1656001E0A068056076
S3156002C4C0616800E0096808680028FBD1A160002362
S3156002C4D0002200212068E8F7F1FC002032BD2DE938
S3156002C4E0F84306000F0090461C0001213068E8F709
S3156002C4F073FE0028F9D075681DE00020A96888607F
S3156002C50015E04FF4C960DFF7D9FCA968886001209D
S3156002C510F3F766FCA86880680028F2D04FF4C96217
S3156002C5202100A868D0F808904846FEF75CEDA86836
S3156002C530696888472D68002D16D0A8680770E86874
S3156002C540A968C860A868C0F80480002CD5D028689D
S3156002C550002802D1A8688460E9E74FF4C960DFF772
S3156002C560ADFCA9688860D5E7002300220021306807
S3156002C570E8F7A4FC0020BDE8F28310B504000120B0
S3156002C580E8F77BFC20602068002801D0002000E0EC
S3156002C590032010BD38B504000D0001212068E8F7BC
S3156002C5A01BFE0028F9D06068002801D1656001E0B1
S3156002C5B0A0680560616800E0096808680028FBD128
S3156002C5C0A1600023002200212068E8F777FC0020A2
S3156002C5D032BD70B505000E0001212868E8F7FCFD42
S3156002C5E00028F9D06C6808E0A0680670E068A16867
S3156002C5F08861A068616888472468002CF4D10023AA
S3156002C600002200212868E8F759FC002070BD10B5A9
S3156002C61004000120E8F731FC2060206800280CD075
S3156002C6205FF0FF312068E8F7D7FD012807D10020C7
S3156002C63060600020A060002002E0032000E0062087
S3156002C64010BD70B505000E0000245FF0FF3128684A
S3156002C650E8F7C2FD012809D16868002808D16E6032
S3156002C660AE603000FBF7A2FE040004E0062014E090
S3156002C670A8680660AE600023002200212868E8F7F9
S3156002C6801DFC012805D12000C0B2002803D100207C
S3156002C69003E0002001E02000C0B270BD80B55FF00B
S3156002C6A0FF310068E8F798FD012801D1002000E01B
S3156002C6B0062002BD80B50023002200210068E8F74B
S3156002C6C0FDFB012801D1002000E0002002BDF8B583
S3156002C6D004000D00160000212068E8F77DFD0128A0
S3156002C6E007D10023002200212068E8F7E7FB062035
S3156002C6F013E0646807E031002000A847C0B2002852
S3156002C70000D007272468002CF5D13800C0B2002873
S3156002C71001D1002001E03800C0B2F2BD10B50400BC
S3156002C7200120E8F7AAFBA060A068002801D00020DB
S3156002C73000E0032010BD38B504000D000121A06899
S3156002C740E8F74AFD0028F9D02068002801D1256063
S3156002C75001E060680560216800E0096808680028F1
S3156002C760FBD16160002300220021A068E8F7A6FBE6
S3156002C770002032BDF8B505000E0017000121A86839
S3156002C780E8F72AFD0028F9D02C6800970DE0A0682A
S3156002C7900670A068BDF80010A0F80110E068A168F4
S3156002C7A04860A068616888472468002CEFD100233E
S3156002C7B000220021A868E8F781FB0020F2BD016033
S3156002C7C00020704780B501000868006809688968BA
S3156002C7D049688847C0B2002801D1002000E00020E5
S3156002C7E002BD012000F008BA70B50546AFF30080BD
S3156002C7F0288881042CD50024AE6800E036182A69A0
S3156002C80031469142686808D2521A00F000FA10F175
S3156002C810010F09D00028F1D106E00022002100F0C4
S3156002C820F6F910F1010F00D10124A8682861E861C8
S3156002C8302862298844B141F4007129802846AFF301
S3156002C84000804FF0FF3070BD4DF6FF7001402980C9
S3156002C8502846AFF30080002070BDF8B5B8B9AFF3D3
S3156002C86000804DF638260025C1F2020608244FF0F4
S3156002C870FF37306820B1FFF7B7FF002848BF3D4653
S3156002C880361D641EF5D1AFF300802846F2BDBDE8C1
S3156002C890F240A9E747F270334DF64C11C1F20B0331
S3156002C8A0C1F202012DE9F04308784FF25F3546F294
S3156002C8B00D68D3F880704A686FF00044C3F66E451F
S3156002C8C0C0F21908B8BB082008FB02520127C8F259
S3156002C8D000070023E2FB07739B0F401E04FB132233
S3156002C8E0F2D147F27033C1F20B031F46102008FBE8
S3156002C8F0025240F2010EC8F2000E4FF0000CE2FB4B
S3156002C9000EEC40F20109C8F200094FEA9C7604FB7C
S3156002C91016223A6057F8042B002608FB0252E2FB05
S3156002C9200996B60F04FB1622401E47F8042BDED189
S3156002C930DF6F0120087008FB025240F20108C8F25C
S3156002C94000080025E2FB088507F01F0753F8270059
S3156002C950AD0F04FB152243F82720C3F880004A6016
S3156002C96020F04040BDE8F0834DF64C11C1F2020161
S3156002C97000220A704860704700B583B00091019248
S3156002C980029041F210016A46C0F20201182000F0DC
S3156002C99044F908B9FFF725FF03B000BD08B438B5FE
S3156002C9A085B009AC00250494039511B901950295E9
S3156002C9B002E0491E01900291009504AB01A940F282
S3156002C9C05F20C0F200007844A0F10C0000F0F6FC93
S3156002C9D0019A02B11570002858BF039806B030BCA0
S3156002C9E05DF808FB8AB10B7890F800C09C4506D1C9
S3156002C9F010F8013B4BB1491C521EF4D105E002D23C
S3156002CA004FF0FF307047012070470020704710B525
S3156002CA10044600F026F901462046896ABDE81040C0
S3156002CA2008470000DFF800F014A50210FFF7FABF0E
S3156002CA300CB43EB50D4606A904460191AFF30080DB
S3156002CA400022009201AB2A46214640F22D20C0F216
S3156002CA5000007844A0F10C0000F0B0FC05462046C8
S3156002CA60AFF30080284603B030BC5DF80CFB10B50E
S3156002CA70044600F0F6F801462046096ABDE8104011
S3156002CA80084710B547F27841C5F200017944A1F131
S3156002CA900C0147F27A44C5F200047C44A4F10C040A
S3156002CAA004E00A68081D891888470146A142F8D140
S3156002CAB010BDF8B504002FD0212823D0222817D024
S3156002CAC023280BD024282FD146F21820C0F200006A
S3156002CAD07844A0F10C0000F1400570E046F20421B2
S3156002CAE0C0F200017944A1F10C0101F1280566E06A
S3156002CAF046F2F010C0F200007844A0F10C0000F19A
S3156002CB001C055CE046F2DC11C0F200017944A1F139
S3156002CB100C0101F10C0552E046F2C815C0F200059F
S3156002CB207D44A5F10C054AE0252C09D346F2B410E2
S3156002CB30C0F200007844A0F10C0000F15C053EE012
S3156002CB4000F0BBF841F63463C1F20303C5180B2249
S3156002CB5046F2FC11C0F200017944A1F10C012846AB
S3156002CB60FEF740EA46F26760C6F2666046F26763BF
S3156002CB7084FB0010C6F26663801000EBD07000EB97
S3156002CB80800280FB0363A4EB4204303499106C721A
S3156002CB9001EBD17101EB8104A0EB440030302872C5
S3156002CBA046F26760C6F2666081FB0020801000EB89
S3156002CBB0D07000EB8007A1EB47013031E97128465E
S3156002CBC0F2BD37B5044600250A460194009502ABCC
S3156002CBD001A940F21B10C0F200007844A0F10C00DB
S3156002CBE000F0ECFB019900280D704EBF04460198D7
S3156002CBF0041B204603B030BD10B500F07CF9262434
S3156002CC00C0F202042146182000F007F8FAE700286D
S3156002CC1058BF00F070B8002070477047836842685A
S3156002CC205B1C836032B10268531C036011704168F9
S3156002CC30491E41607047FFE741381A288041C00F9C
S3156002CC407047A0F10901052901D3202801D10120ED
S3156002CC50704700207047A0F141011A2938BF203081
S3156002CC6070474DF69020C1F2020070474DF658208B
S3156002CC70C1F20200704738B504460D462146284681
S3156002CC8000F043F8A84218BF0024204632BD1FB503
S3156002CC90044600F012F841F64061C1F203014450C5
S3156002CCA01FBD0FB581B000F008F841F64061C1F2D0
S3156002CCB003012222425001B00FBD0020704780B5A9
S3156002CCC030B946F29600C0F200007844A0F10C003A
S3156002CCD047F29443C1F20B031B681BB12222002167
S3156002CCE0984701E0FFF77DFD222002BD0268531CD2
S3156002CCF003601170704709B900207047012814BF9C
S3156002CD00022800F086B800F095B838B50D46C4B270
S3156002CD102846AFF300802869E969884204D3284629
S3156002CD2000F01DF800280FD42869401C286100F81D
S3156002CD30014D2888010503D440050BD50A2C09D17B
S3156002CD402846FFF78AFD28B12846AFF300804FF0E8
S3156002CD50FF3032BD2846AFF30080204632BD10B5A3
S3156002CD6004462069E169884251D3218849F2020367
S3156002CD700B40022B08D008044CBF4FF400704FF4EE
S3156002CD808440014321803BE001F4C042B2F5C04FCA
S3156002CD9006D1E168884203D32046FFF75EFD78BB81
S3156002CDA0218811F4406F02BFA06804F148018842ED
S3156002CDB017D14FF4007000F0D2F930B904F148008F
S3156002CDC0421CA0602061E2600BE0218800F50072DF
S3156002CDD041F0400121802061A060A061A068E2600C
S3156002CDE02062A168E0686161E061227851070AD534
S3156002CDF002220021204600F06CF810F1010F02D1E8
S3156002CE004FF0FF3010BD208840F4C04020800020E3
S3156002CE1010BD30B583B00D461446012000F084F88B
S3156002CE2000900195029469460520FFF7F6FE201AE6
S3156002CE3003B030BD30B583B0044615460191009407
S3156002CE40029569460520FFF7E8FE01222146281A67
S3156002CE5000F080FA03B030BD38B504000DD02078FA
S3156002CE6010F0030F02D06168002909D5AFF3008084
S3156002CE70204600F086F8AFF300804FF0FF3032BDF7
S3156002CE802046FFF7EAFC0546AFF3008020784106AC
S3156002CE9044BFA06800F0CAF80020A060606802285B
S3156002CEA004D900F0B6F808B14FF0FF35206C48B1EE
S3156002CEB000F0BEF808B14FF0FF35206C00F0B6F80E
S3156002CEC000202064204600F05CF8AFF3008028461C
S3156002CED032BD70B504460D461646AFF30080334642
S3156002CEE02A460021204600F0CDF805462046AFF3DB
S3156002CEF00080284670BD10B500F02CF90446206803
S3156002CF0010F1010F05D021460220FFF786FE0020B0
S3156002CF102060616811F1010F05D0211D0220FFF723
S3156002CF207CFE0020606010BD78B583B0044600F0D8
S3156002CF3011F9054655F8246016F1010F1ED1AFF3BB
S3156002CF40008055F8246016F1010F15D145F62C6064
S3156002CF50C0F200007844A0F10C000090002C0CBFD7
S3156002CF600020042003210190029169460120FFF707
S3156002CF7054FE064645F82460AFF30080304604B09E
S3156002CF8070BD18B401780A062AD54DF63822C1F268
S3156002CF90020200211368834203D1002442F8214031
S3156002CFA01BE05368012183421EBF022194688442BA
S3156002CFB0F3D0D368032183421EBF042114698442DD
S3156002CFC0EBD05369052183421EBF062194698442D0
S3156002CFD01EBF0721D3698342DFD012BC00F026B898
S3156002CFE0002101804FF0FF3200F148034260836006
S3156002CFF0C36100F1480400F1480100F1480200F102
S3156002D000340304614161826101624262836211BCDE
S3156002D010704738B50446009469460220FFF7FDFD65
S3156002D0200546204600F07EF9284632BD00F0EFB88C
S3156002D030E0B50090FEF730E9019069460E20FFF7F1
S3156002D040ECFD03B000BD38B54DF63825C1F20205D8
S3156002D0500824286800281CBF017811F0030F02D04B
S3156002D0604268002A03D52D1D641EF2D102E0FFF745
S3156002D070F3FEF8E7BDE83840002200214FF0FF30AA
S3156002D080FFF7C5BD2DE9F04107460C4638781646CE
S3156002D0901D4610F0030F56D03846FFF7DEFB002818
S3156002D0A051D114B1D4E900018619012D3CD13A88D7
S3156002D0B0D00416D5796A07F14802384600F0EEF8D0
S3156002D0C07A6B804602B97A6939693846A6EB0806F0
S3156002D0D000F0E4F8BA693969361A384600F0DEF8C3
S3156002D0E0361A3EBB388810F4405F0ED0B868386195
S3156002D0F07861B861F861B86807F1480107F13402EE
S3156002D100386200207962BA6278632CB1D4E902236C
S3156002D11007F13801C1E900233C884CF6FF60044000
S3156002D1203C800020BDE8F081022D03D045B916F19E
S3156002D130010F08D078682A46314600F0B5F80646EF
S3156002D14016F1010FCED12320FFF7A1FD4FF0FF307C
S3156002D150BDE8F0814DF6D820C1F20200704710B5E5
S3156002D1600446AFF30080204600F005F80446AFF3AC
S3156002D1700080204610BDF8B500F10F04E408E40013
S3156002D180A0422DD2082C04D2082402E0083000F016
S3156002D19049F847F29842C1F20B021368190005D1A9
S3156002D1A0002007E00568A5420DD2011D0868002827
S3156002D1B0F8D11868111D00E0191D0B6883420BD067
S3156002D1C01D68A542F8D359B10B6818680838A042A1
S3156002D1D008D25C680C600FE000F08CF80028D5D1AC
S3156002D1E00020F2BD1819086058681D1D28511E6876
S3156002D1F00F68361B3E601C60086800281DBF4168C8
S3156002D2000029001D0020106003F10800F2BD10B570
S3156002D210040006D0AFF30080204600F003F8AFF3B7
S3156002D220008010BD002800D17047A0F1080270B4DA
S3156002D2301468072C30D914F0070F2DD147F29843A2
S3156002D240C1F20B03596809B18A4203D251605A602E
S3156002D25015E00146486808B19042FAD308680E188C
S3156002D260B24219D3964203D124180C600A4606E0EC
S3156002D270486810B11419A0420ED350604A605068D3
S3156002D28050B114681519854206D100261E600168E0
S3156002D2900C1914604068506070BC7047914234BF8C
S3156002D2A0511A0021084670477CB50D46012A04468C
S3156002D2B02E4603D100F06BF886190BE0022A08D1DC
S3156002D2C000210191009469460C20FFF7A6FC2E18F6
S3156002D2D000E062B90094019669460A20FFF79DFC58
S3156002D2E028B900222146304600F034F876BD4FF068
S3156002D2F0FF3076BD47F2A041C1F20B01086808B162
S3156002D3000020704747F24F50C1F20B00C008C000C0
S3156002D310086049F24851C1F20B01C908C900091AED
S3156002D3200160704747F2A4420021C1F20B0252F833
S3156002D330083B834203D0491C1029F8D3704747F251
S3156002D340A440C1F20B00002240F8312000EBC1007C
S3156002D3504260704770B447F2A4440023C1F20B04E2
S3156002D36054F8085B8D4204D05B1C102BF8D370BC5A
S3156002D370704747F2A446C1F20B06044606EBC303A6
S3156002D380012A04BF59680C195C6070BC704747F289
S3156002D390A442C1F20B020021134653F808CB84451E
S3156002D3A003D0491C1029F8D303E002EBC1004068A0
S3156002D3B070470020704740F0200070472DE9F14F1A
S3156002D3C0B0B092463A9A04910DF142011F464A70F4
S3156002D3D000222B910D920BE01AF8011B0498309AE9
S3156002D3E090470028049000F0C5860D98401C0D9069
S3156002D3F09AF8000050B12528EED10021002207914B
S3156002D400089209910A920B910C9204E00D9800F031
S3156002D410B3BE41F001011AF8010F2028F9D0232882
S3156002D4200CD02B2804D02D2805D0302809D00BE04B
S3156002D43041F00201EFE741F00401ECE741F0080137
S3156002D440E9E741F01001E6E72A280DD1386850F87D
S3156002D450042B3860002A0F9203D552420F9241F094
S3156002D46004010AF1010A16E00F924CF6CB42C0F6AD
S3156002D470CC420AE00F9B934205DA03EB830400EB8E
S3156002D480440030380F900AF1010A9AF80000A0F1C0
S3156002D49030030A2BEED39AF800202E2A03D04FF0DF
S3156002D4A0FF300E902AE01AF8013F2A2B07D13A681C
S3156002D4B00AF1010A52F8040B3A600E901EE0184611
S3156002D4C02D280CBF0AF1010A002000224CF6CB443B
S3156002D4D00E92C0F6CC440BE040B90E9BA34205DA2D
S3156002D4E003EB830502EB4502303A0E920AF1010A1A
S3156002D4F09AF80020A2F130030A2BEDD3ADF8401062
S3156002D5009AF8001045F67800C0F200007844A0F15F
S3156002D5100C00001DFEF766E908B11AF8010B8DF8DA
S3156002D52042009DF84200682805D19AF800106829E1
S3156002D5300CD1622006E06C2804BF9AF800106C29B0
S3156002D54004D171208DF842000AF1010A12AB0693EA
S3156002D5501AF801BBBBF125012CD01C3900F0CC8135
S3156002D560091F022940F2C881133900F02F85093953
S3156002D57000F0C281891E00F0CC85491E00F07485D8
S3156002D580491E022940F2B881091F00F06D85491FC4
S3156002D59000F0FC80491E00F01985491E00F0E78004
S3156002D5A0C91E0ED0891E00F01185C91E00F00E85B7
S3156002D5B000F0B8BD0124252307948DF8483000F0A9
S3156002D5C0BDBD38680468011D3960002C059440F0C1
S3156002D5D0BA802B994878002800F0AB8045F2A0719A
S3156002D5E0C0F200017944A1F10C014FF0FF3401F160
S3156002D5F03C00FFF764FB241A40F0BC8500F09EBD38
S3156002D60001236A4602A9304600F068FE002840F00F
S3156002D610B185641EF4D13096079C0DF1480974B148
S3156002D620309E19F8011B0498B0470028049000F058
S3156002D630A1850D98401C641E0D90F2D130960A9C0D
S3156002D64030218DF80010002C0CDD309E01236A46D5
S3156002D65002A9304600F042FE002840F08B85641E27
S3156002D660F4D13096089CDDF8149074B1309E19F8A6
S3156002D670011B0498B0470028049000F07B850D9842
S3156002D680401C641E0D90F2D130960B9C30218DF8B1
S3156002D6900010002C0CDD309E01236A4602A930463A
S3156002D6A000F01CFE002840F06585641EF4D13096B9
S3156002D6B005980899099C00EB010974B1309E19F826
S3156002D6C0011B0498B0470028049000F053850D981A
S3156002D6D0401C641E0D90F2D130960C9C30218DF860
S3156002D6E00010002C0CDD309E01236A4602A93046EA
S3156002D6F000F0F4FD002840F03D85641EF4D13096BA
S3156002D7009DF840104A077FF573AE2020002D8DF8F4
S3156002D71000007FF76DAE309C01236A4602A920465F
S3156002D72000F0DCFD002840F025856D1EF4D13094B2
S3156002D7305EE645F24A61C0F200017944A1F10C014C
S3156002D740059100F0FBBC0E9D002D04D52046FDF729
S3156002D750A4ED044608E02A4600212046FDF700EFC4
S3156002D760002814BF041B2C46089400F0E7BC3968F5
S3156002D77051F8040B3960002120F0000421F0FF35D6
S3156002D780CDE902450593782100F0BFBC2B99487814
S3156002D79058B145F2EA51C0F200017944A1F10C0197
S3156002D7A04FF0FF3401F10C0023E79DF84200622836
S3156002D7B07AD068281CD06A2850D06C2806D0712886
S3156002D7C05CD0742839D07A2826D081E0396851F83D
S3156002D7D0040B0028396040F08B8045F2A250C0F2FB
S3156002D7E000007844A0F10C004FF0FF34243000E7CB
S3156002D7F0396808680A1D3A6050B945F28250C0F22B
S3156002D80000007844A0F10C004FF0FF342430F0E6BB
S3156002D8100D99018000F092BC396808680A1D0028DB
S3156002D8203A6065D145F25850C0F200007844A0F1E2
S3156002D8300C004FF0FF342430DBE6396808680A1DB5
S3156002D84000283A6054D145F23650C0F2000078445E
S3156002D850A0F10C004FF0FF342430CAE6396808683C
S3156002D8600A1D3A60D0B945F21650C0F200007844FB
S3156002D870A0F10C004FF0FF342430BAE6396851F853
S3156002D880040B396050B945F2F640C0F200007844A4
S3156002D890A0F10C004FF0FF342430AAE60D9AD3179C
S3156002D8A0C0E9002300F04ABC396851F8040B3960BC
S3156002D8B050B945F2CA40C0F200007844A0F10C00AB
S3156002D8C04FF0FF34243094E60D99017000F036BCB7
S3156002D8D0396808680A1D3A6050B945F2A240C0F23A
S3156002D8E000007844A0F10C004FF0FF34243080E64B
S3156002D8F00D99016000F022BC9DF842004C2807BFDA
S3156002D9003968CA1D3868C21D22F007023A60D2E938
S3156002D910000108323A60CDE90201C80F02D00798C9
S3156002D9202D210AE0BDF84000820702D507982B2117
S3156002D93003E0C00705D50798202112AA1154401C9E
S3156002D9400790079A12A84BF0200600EB020CDDE95D
S3156002D9500201612ECDF814C021ACCDE92C010BD0A9
S3156002D9600E98002848BF062105D404BF4BF020025A
S3156002D970672A01D101210E91DDE902014A0042EADC
S3156002D980D0725615D5174FF6FF734FF6FF72CFF664
S3156002D990FF73CFF6FF729D4208BF964216D1090306
S3156002D9A041EA10510003002908BF00280ED0ABF1EE
S3156002D9B0610503211A2D089124D345F2C231C0F2C2
S3156002D9C000017944A1F10C015C3116E0DDE9020146
S3156002D9D04A00521512F1010F1ED108031CD1ABF198
S3156002D9E0610503211A2D08912CD345F29231C0F2BA
S3156002D9F000017944A1F10C01643103226046FDF70E
S3156002DA00F2EA9BE345F27833C0F200037B44A3F16A
S3156002DA100C0303F15801F0E76A46DDE90201FDF7FE
S3156002DA2027FE4BF02002612ACDE9020118D1059842
S3156002DA3030220270811C0591BBF1610F0CBF782107
S3156002DA40582109E045F23830C0F200007844A0F16E
S3156002DA500C0000F16001D0E741700798801C0790C6
S3156002DA60DDE9020120F0000231F0004308BF002A1E
S3156002DA7002D1002600255DE14BF02008B8F1610F66
S3156002DA8040F096800E9900294CBF2121491C0191D4
S3156002DA9001980022002300F10109DDE92C01FDF75E
S3156002DAA0B3FDDDE9024538BF85F0004500998DF882
S3156002DAB084200DF18506091FB9F1000F009135DD4D
S3156002DAC02046294600220023FDF7B8FD2ED21C22ED
S3156002DAD0FDF706FE04460D4600F017FCA9F107099C
S3156002DAE0B9F1000F804609DD00F038FC02460B46AC
S3156002DAF02046294600F029FC04460D46F01D072102
S3156002DB00B8F1000F0CDD491E5EBF08F00F0200F887
S3156002DB10012D4FEA2818F3D502E0002300F8013DF3
S3156002DB20491EFAD5C61DB9F1000FC9DC0DF1850093
S3156002DB30361A01980DF185048642D8BF3046002810
S3156002DB402FD4B04206DA0DF185010A5C082AA8BF15
S3156002DB500F2100DA0021024621AB9B1800E0401E2D
S3156002DB6013F80159521E8D42F9D00F2904D10DF1D5
S3156002DB7085018B5C5B1C8B54002A04D5009921AC11
S3156002DB80401C091D0091411E0BD462181378303374
S3156002DB90DDB23A2DA4BF5B443A3B491E02F8013915
S3156002DBA0F4D50E9A002A40F1C380411E0E91BFE061
S3156002DBB0009947F297504BF28952C1F2F8424143BB
S3156002DBC081FB0232DDE92C4525F00045521302EB5A
S3156002DBD0D2720092C2F10702002A04DD204629466B
S3156002DBE000F057FB0CE0002152420020C3F6F071B0
S3156002DBF000F04FFB02460B462046294600F093FB97
S3156002DC0004460D46B8F1660F06BF009800F10A0990
S3156002DC104FF006090E998944B9F1140FC8BF4FF047
S3156002DC20140930208DF884000DF18506B9F1000FD4
S3156002DC3040DD2046294600F06FFB01460A4606F1A2
S3156002DC40080304204CF6CD4CCCF6CC4CA2FB0CC699
S3156002DC504CF6CD4CCCF6CC4CF60806EB860EA2EB17
S3156002DC604E02303203F8012CA6FB0CC2D20802EB3C
S3156002DC70820EA6EB4E063036401E03F8026DE1D1E7
S3156002DC80A9F10809B9F1000F03F10806CEDD0846CD
S3156002DC9000F06BFB02460B462046294600F055FB18
S3156002DCA04DF284730022C4F2971300F045FB0446DA
S3156002DCB00D46BEE70DF18500361A0DF1850404E0C6
S3156002DCC00098761E641C401E009021783029F7D099
S3156002DCD0B8F1660F02D10098401C04E0B8F1650FF6
S3156002DCE00CBF012000200E9940188642B8BF701EF4
S3156002DCF000281DD4B04204DA215C3429C8BF392118
S3156002DD0000DC30210246631E9D1800E0401E15F8B5
S3156002DD100169521E8E42F9D0392902D1A15C491C91
S3156002DD20A154002A04D500991C46401C491C009146
S3156002DD30009D0646FEF79AFFDDF83880416A30B2EA
S3156002DD40002891F8009008DC45F23402C0F2000225
S3156002DD507A44A2F10C020126941C4BF0200066283C
S3156002DD6008BF6D1C16D0672846D128B210F1040F81
S3156002DD7048DB404546DA9DF840006D1C010703D436
S3156002DD8030B24045D8BF804628B2B8EB000848BFDB
S3156002DD904FF000080FFA85FBBBF1000F00F3B3806A
S3156002DDA008983022411C08910599B8F1000F0A546F
S3156002DDB003DC9DF84000020705D50898059A411CC8
S3156002DDC0089102F8009018EB0B0FB8BFC8F1000576
S3156002DDD02DB26842454431B20B908D42B8BF2E4691
S3156002DDE0059B089836B20996324621461818FDF701
S3156002DDF0FAE8AD1B0C95D2E0BBF1610F17D14FF07B
S3156002DE00700B19E030B2404504DA9DF840100A07FB
S3156002DE1058BF8046B8F1010848BF4FF00008BBF111
S3156002DE20670F14BF4FF0450B4FF0650B04E0BBF173
S3156002DE30410F08BF4FF0500B0898411C0891059995
S3156002DE4014F8012BB8F1000F0A5403DC9DF8400068
S3156002DE5002071BD50898059A411C0891B8F1000F74
S3156002DE6002F8009012DD761E31B28845B8BF46468A
S3156002DE700598089B32B22146C018FDF7B4E80899A6
S3156002DE8036B2A8EB0600711808910B9005990898AE
S3156002DE90091828B2002881F800B003D42B224A70F0
S3156002DEA08C1C04E02D2305464B708C1C6D42284663
S3156002DEB02CAE002505E00A21FDF722FB06F8011BC0
S3156002DEC06D1C00B20028F6DC012D06DC4BF020004A
S3156002DED0652804BF302004F8010B1DB9302304F80D
S3156002DEE0013B0AE020462CA904E06D1E4A5D3032F1
S3156002DEF000F8012B002DF8DC0446059908980818ED
S3156002DF00241A09944BE030B229B288421DDA059888
S3156002DF10089B32B22146C018FDF764E8089936B20A
S3156002DF20ABEB060071180891B8F1000F0B9003DC99
S3156002DF309DF84020100705D5059A02F801900998C8
S3156002DF40401C0990CDF8308029E0059B08982AB2DA
S3156002DF5021461818FDF746E80898761BB8F1000FB7
S3156002DF605844089003DC9DF84020130704D5059AAF
S3156002DF70411C089102F8009030B28045B8BF46460F
S3156002DF800598089B32B204EB0B01C018FDF72AE82C
S3156002DF90089936B2A8EB0600711808910B909DF8A5
S3156002DFA0401001F01401102940F0C880079A0898C1
S3156002DFB00B99821809988A180F9982180C988018FA
S3156002DFC0884280F2BB80081A0A90B7E09DF8420048
S3156002DFD062280CD0682810D06A2819D06C2821D003
S3156002DFE0712815D0742822D07A280CD01FE039689F
S3156002DFF051F8040B3960C0B21DE0396808680A1D21
S3156002E0003A6080B217E0396851F8040B396012E061
S3156002E0103868C21D22F007023A60D2E9000108326E
S3156002E0203A6009E0396851F8040B396003E03968EF
S3156002E03008680A1D3A6000219DF84030CDE9020168
S3156002E0401A075DD5002908BF002859D04BF0200277
S3156002E050782A55D1079812A930230B54401C421CCA
S3156002E060079201F800B04BE09DF8420062280CD09E
S3156002E070682810D06A2819D06C2821D0712815D04A
S3156002E080742822D07A280CD01FE0396851F8040B24
S3156002E090396040B21DE0396808680A1D3A6000B20C
S3156002E0A017E0396851F8040B396012E03868C21D0E
S3156002E0B022F007023A60D2E9000108323A6009E0CA
S3156002E0C0396851F8040B396003E0396808680A1D3B
S3156002E0D03A60C1170029CDE9020102D507982D21C0
S3156002E0E00AE0BDF84000820702D507982B2103E0BB
S3156002E0F0C00705D50798202112AA1154401C079023
S3156002E100079912A841180591594602A800F037F8F6
S3156002E11014E00120079038680168021D3A608DF8A4
S3156002E12048100BE001212522BBF1000F07918DF803
S3156002E130482003D0022107918DF849B00F9D0798B8
S3156002E1400A999DF840202D1A08986D1A0B992D1A76
S3156002E15009986D1A0C992D1A6D1A53073FF55CAA28
S3156002E1602020002D8DF800007FF756AA2C46309E9F
S3156002E170FFF746BA4FF0FF3031B0BDE8F08F2DE9B8
S3156002E180FC4D06468846404637696F2808BF082414
S3156002E19005D0FFF710F9782814BF0A2410243C250D
S3156002E1A0D6E9000182468B46B8F1640F18BFB8F112
S3156002E1B0690F05D1002903D5DAF1000A6BEB4B0B27
S3156002E1C0BBF1000F08BFBAF1000F0CD1306B50B92A
S3156002E1D0082C3AD196F83800010736D530223B250D
S3156002E1E087F83B2031E08DF800805046594622463A
S3156002E1F00023FCF7BAEF3032D0B26D1E3A28019591
S3156002E2000EDA7A555046594622460023FCF7ACEFA1
S3156002E21082465FEA010B08BFBAF1000F05D108E03A
S3156002E2209DF800001218513AEBE7F1687A199142AB
S3156002E230DBD3082C09D196F83800010705D57A5D3B
S3156002E240302A02D06D1E30207855306BC5F13C0203
S3156002E25079198242B261F16008DA318F821A4FF619
S3156002E260EF70014032623187BDE8F38D00280ED52A
S3156002E27096F8380000F01400102808D1736B7069A4
S3156002E280316A1B1A5B1A9B1A002BC8BF3362BDE840
S3156002E290F38D2DE9D04340F2000906460F46144637
S3156002E2A040F20008C4F2240912E0E00707D54246AC
S3156002E2B04B463046394600F03FF806460F46404622
S3156002E2C0494642464B4600F037F864108046894616
S3156002E2D0002CEAD130463946BDE8D083F8B505460A
S3156002E2E00E4617461C4600205CB117F8011BB06843
S3156002E2F0A847B06030B1F06A401CF0620020641E2C
S3156002E300F3D1F2BD4FF0FF30F2BD41EC100BBDEE22
S3156002E310C00B10EE100A704741EC100BBCEEC00B3E
S3156002E32010EE100A704741EC100B43EC112B80EE95
S3156002E330010B51EC100B704741EC100B43EC112BA7
S3156002E34020EE010B51EC100B704741EC100B43ECC5
S3156002E350112B30EE410B51EC100B704700EE100A98
S3156002E360B8EEC00B51EC100B704700EE100AB8EE17
S3156002E370400B51EC100B704730B4002512E050F898
S3156002E380042BD30744BF4A44521E091F042942F88C
S3156002E390045BFAD213468C0744BF15809B1CC907DF
S3156002E3A048BF1D7050F8041B0029E8D130BC704785
S3156002E3B051040C00E9FD02030000000000000000A9
S3156002E3C015000000CCE30210FF000000003B2F376F
S3156002E3D02F2B1F1B3B2F372F2B1F1B00010000000B
S3156002E3E0840000000200000000000000000000003F
S3156002E3F000000000000000000000000000000000B5
S3156002E40000000000000000000000000000000000A4
S3156002E4100000000001000000000001000000000092
S3156002E4200100000000000000000000000000000083
S3156002E4300000000000000000000000000000000074
S3156002E440000000007800000001031C0606000000C0
S3156002E450FFFF0F4000000048FFFF0F48FFFF0F500D
S3156002E46000000058FFFF0F5803030400103300003A
S3156002E47004F50210B4F4021000000000749050100B
S3156002E480059A00000000163000061630000C1630A1
S3156002E4900012163000181630001E16300024163090
S3156002E4A0002A16300030163000361630003C163020
S3156002E4B00042163000481630004E163000541630B0
S3156002E4C0005A16304F50454E45525F4E45544946A6
S3156002E4D03000000001000000C0A8010AFFFFFF0033
S3156002E4E0C0A8010244D4021010FA021064F40210A9
S3156002E4F058D4021090630B1068D4021004130310F0
S3156002E50000010100000000000000000000000000A1
S3156002E5100000000000000000000000000000000093
S3156002E520000000000000780000372F1F2B1B000040
S3156002E53080D40210A8D40210A5A500007856341221
S3156002E54074D4021010FA02102CFA02104CFA02105D
S3156002E55074D402101000000020FB02100F27000086
S3156002E5607CFF021058000310A400031028F2021068
S3156002E57068EC021052656E6573617320456C656363
S3156002E58074726F6E69637320436F72706F726174B7
S3156002E590696F6E2045746865724E65742F495020A6
S3156002E5A053616D706C6500000000000000000000A1
S3156002E5B000000000000000000000000000000000F3
S3156002E5C000000000000000000000000000000000E3
S3156002E5D000000000000000000000000000000000D3
S3156002E5E000000000000000000000000000000000C3
S3156002E5F000000000000000000000000000000000B3
S3156002E60000000000000000000000000000000000A2
S3156002E6100000000000000000000000000000000092
S3156002E6200000000000000000000000000000000082
S3156002E6300000000000000000000000000000000072
S3156002E6400000000000000000000000000000000062
S3156002E6500000000000000000000000000000000052
S3156002E6600000000000000000000000000000000042
S3156002E67000000000737973436F6E74616374206E79
S3156002E6806F742073657400000000000000000000D3
S3156002E6900000000000000000000000000000000012
S3156002E6A00000000000000000000000000000000002
S3156002E6B000000000000000000000000000000000F2
S3156002E6C000000000000000000000000000000000E2
S3156002E6D000000000000000000000000000000000D2
S3156002E6E000000000000000000000000000000000C2
S3156002E6F000000000000000000000000000000000B2
S3156002E70000000000000000000000000000000000A1
S3156002E7100000000000000000000000000000000091
S3156002E7200000000000000000000000000000000081
S3156002E7300000000000000000000000000000000071
S3156002E7400000000000000000000000000000000061
S3156002E7500000000000000000000000000000000051
S3156002E7600000000000000000000000000000000041
S3156002E770000000007379734E616D65206E6F7420C0
S3156002E78073657400000000000000000000000000D5
S3156002E7900000000000000000000000000000000011
S3156002E7A00000000000000000000000000000000001
S3156002E7B000000000000000000000000000000000F1
S3156002E7C000000000000000000000000000000000E1
S3156002E7D000000000000000000000000000000000D1
S3156002E7E000000000000000000000000000000000C1
S3156002E7F000000000000000000000000000000000B1
S3156002E80000000000000000000000000000000000A0
S3156002E8100000000000000000000000000000000090
S3156002E8200000000000000000000000000000000080
S3156002E8300000000000000000000000000000000070
S3156002E8400000000000000000000000000000000060
S3156002E8500000000000000000000000000000000050
S3156002E8600000000000000000000000000000000040
S3156002E870000000007379734C6F636174696F6E2078
S3156002E8806E6F742073657400000000000000000063
S3156002E8900000000000000000000000000000000010
S3156002E8A00000000000000000000000000000000000
S3156002E8B000000000000000000000000000000000F0
S3156002E8C000000000000000000000000000000000E0
S3156002E8D000000000000000000000000000000000D0
S3156002E8E000000000000000000000000000000000C0
S3156002E8F000000000000000000000000000000000B0
S3156002E900000000000000000000000000000000009F
S3156002E910000000000000000000000000000000008F
S3156002E920000000000000000000000000000000007F
S3156002E930000000000000000000000000000000006F
S3156002E940000000000000000000000000000000005F
S3156002E950000000000000000000000000000000004F
S3156002E960000000000000000000000000000000003F
S3156002E9700000000084080310B8080310CC080310D6
S3156002E980DC080310900D0310980D0310900D031010
S3156002E990010000006E1900002B580210ED5802109B
S3156002E9A0BB580210000000004F5902109359021022
S3156002E9B0C1570210F1590210715A0210975A021089
S3156002E9C0CD5A021003590210255B021000000000A6
S3156002E9D00100000001040000000000009CD9021042
S3156002E9E09DD902109CD902109CD902100000000029
S3156002E9F09CD90210000000009CD9021088D902102E
S3156002EA00000000000000000000000000000000009E
S3156002EA10000000000000000000000000000000008E
S3156002EA20020401000100000044740B1094740B1080
S3156002EA3044740B1044740B100000000044740B10F5
S3156002EA4000000000E8D90210D4D9021000000000CC
S3156002EA50000000000000000000000000000000004E
S3156002EA600000000000000000000000000208020032
S3156002EA7002000000F4730B1044740B10F4730B1055
S3156002EA80F4730B1000000000F4730B10000000001A
S3156002EA9034DA021020DA02100000000000000000E2
S3156002EAA000000000000000000000000000000000FE
S3156002EAB0000000000000000054D90210A0D9021024
S3156002EAC0ECD9021000000000000000000000000007
S3156002EAD00000000000000000EC1D0310EC1D031096
S3156002EAE0EC1D0310EC1D0310EC1D0310EC1D03104E
S3156002EAF0EC1D0310FFFFFFFFFFFFFFFFD01D03109A
S3156002EB00EC1D0310EC1D0310FFFFFFFFFFFF00006B
S3156002EB10D21D03100100000058DA02100000000046
S3156002EB20000000000000000000000000000000007D
S3156002EB30FBBB0210EFBB02100FBC0210000000000C
S3156002EB40000000000000000000000000000000005D
S3156002EB500100000000000000FFFFFFFFFFFFFFFF54
S3156002EB60120000C000C0FF01636F6E6E6563746958
S3156002EB706F6E5F746F5F64656C6574652D3E636FFF
S3156002EB806E6E656374696F6E5F636C6F73655F6685
S3156002EB90756E6374696F6E20213D2030000000003F
S3156002EBA0433A5C55736572735C6135313334303820
S3156002EBB0355C4465736B746F705C723031616E364E
S3156002EBC03630337878303231302D727A6E326C5F0D
S3156002EBD065746865726E657469705F6F70656E651F
S3156002EBE0725F7061636B6167655C636F6D6D6F6E3B
S3156002EBF05C6F73735C4F70454E65725C736F757252
S3156002EC0063655C7372635C6369705C617070636F29
S3156002EC106E747970652E6300636F6E6E6563746978
S3156002EC206F6E2D3E636F6E6E656374696F6E5F6342
S3156002EC306C6F73655F66756E6374696F6E20213D76
S3156002EC40203000003020213D20636F6E6E65637454
S3156002EC50696F6E00FFFFFFFFAAAAAAAAAA000000B8
S3156002EC600000000000A8AAAAAAAAAAAAAAAAAAAAF0
S3156002EC70AAAAAAAA00AAAAAAAAAAAAAAAAAAAAAA36
S3156002EC80AAAAAAAAAAAAAAAAAAAAAAAAAAAAAAAA7C
S3156002EC90AAAAAAAA0A000000000000A8AA2A2AA80C
S3156002ECA02828282828282800000A2AA82080AAA01E
S3156002ECB002000000000000000A0AAAAAAAAAAAAADA
S3156002ECC0AAAAAA002A0A8A82617373656D626C793E
S3156002ECD000000000476574417474726962757465F8
S3156002ECE053696E676C650000536574417373656D35
S3156002ECF0626C7941747472696275746553696E6720
S3156002ED006C6500006B4569705374617475734F6B03
S3156002ED10203D3D206569705F737461747573000090
S3156002ED20433A5C55736572735C613531333430389E
S3156002ED30355C4465736B746F705C723031616E36CC
S3156002ED403630337878303231302D727A6E326C5F8B
S3156002ED5065746865726E657469705F6F70656E659D
S3156002ED60725F7061636B6167655C636F6D6D6F6EB9
S3156002ED705C6F73735C4F70454E65725C736F7572D0
S3156002ED8063655C7372635C6369705C636970636FAD
S3156002ED906D6D6F6E2E6300003020213D20736572AB
S3156002EDA0766963652D3E736572766963655F6675BE
S3156002EDB06E6374696F6E00003020213D2063757248
S3156002EDC072656E745F696E7374616E63650000006E
S3156002EDD03020213D2063757272656E745F696E7351
S3156002EDE074616E63652D3E61747472696275746571
S3156002EDF07300000030203D3D2047657443697043CF
S3156002EE006C61737328636C6173735F636F64652986
S3156002EE10000000006D6574612D25730047657441BD
S3156002EE207474726962757465416C6C00476574418D
S3156002EE30747472696275746553696E676C65000095
S3156002EE403020213D20646174610000003020213D44
S3156002EE50206174747269627574650000617474729B
S3156002EE6069627574655F6E756D626572203C3D2080
S3156002EE706369705F636C6173732D3E686967686509
S3156002EE8073745F6174747269627574655F6E756D51
S3156002EE90626572007365727669636520213D203012
S3156002EEA00000000032202B2065706174682D3E7070
S3156002EEB06174685F73697A65202A2032203D3D203D
S3156002EEC06D6573736167652D3E757365645F6D65A8
S3156002EED073736167655F6C656E677468202D2073F6
S3156002EEE0746172745F6C656E6774680047657441BD
S3156002EEF07474726962757465416C6C0047657441BD
S3156002EF00747472696275746553696E676C650000C4
S3156002EF10636F6E6E656374696F6E206D616E616735
S3156002EF2065720000466F72776172644F70656E003B
S3156002EF304C61726765466F72776172644F70656E17
S3156002EF4000000000466F7277617264436C6F73658E
S3156002EF5000000000476574436F6E6E656374696F87
S3156002EF606E4F776E657200003020213D20636F6EB2
S3156002EF706E656374696F6E5F6F626A6563742D3EF8
S3156002EF80636F6E6E656374696F6E5F636C6F736574
S3156002EF905F66756E6374696F6E000000433A5C5516
S3156002EFA0736572735C61353133343038355C446510
S3156002EFB0736B746F705C723031616E363630337873
S3156002EFC078303231302D727A6E326C5F6574686574
S3156002EFD0726E657469705F6F70656E65725F70611F
S3156002EFE0636B6167655C636F6D6D6F6E5C6F737328
S3156002EFF05C4F70454E65725C736F757263655C7368
S3156002F00072635C6369705C636970636F6E6E65631D
S3156002F01074696F6E6D616E616765722E6300000062
S3156002F0203020213D20636F6E6E656374696F6E5F1B
S3156002F0306F626A6563742D3E636F6E6E6563746933
S3156002F0406F6E5F74696D656F75745F66756E637496
S3156002F050696F6E003020213D20636F6E6E6563744A
S3156002F060696F6E5F6F626A6563742D3E636F6E6E03
S3156002F070656374696F6E5F73656E645F64617461A4
S3156002F0805F66756E6374696F6E000000636F6D6DA7
S3156002F0906F6E5F646174615F7061636B65745F6696
S3156002F0A06F726D61745F646174612D3E64617461D7
S3156002F0B05F6974656D2E747970655F6964203D3D24
S3156002F0C0206B4369704974656D4964556E636F6EF2
S3156002F0D06E6563746564446174614974656D00004C
S3156002F0E0FFFFFFFF2400000028000000030000006D
S3156002F0F0973C0010873C0010673C0010773C00107C
S3156002F100433A5C55736572735C61353133343038BA
S3156002F110355C4465736B746F705C723031616E36E8
S3156002F1203630337878303231302D727A6E326C5FA7
S3156002F13065746865726E657469705F6F70656E65B9
S3156002F140725F7061636B6167655C636F6D6D6F6ED5
S3156002F1505C6F73735C4F70454E65725C736F7572EC
S3156002F16063655C7372635C6369705C636970636FC9
S3156002F1706E6E656374696F6E6F626A6563742E63C1
S3156002F18000000000FFFFFFFF0A00000047657441B0
S3156002F190747472696275746553696E676C65000032
S3156002F1A0476574417474726962757465416C6C000A
S3156002F1B000000000000000000000000000000000E7
S3156002F1C0433A5C55736572735C61353133343038FA
S3156002F1D0355C4465736B746F705C723031616E3628
S3156002F1E03630337878303231302D727A6E326C5FE7
S3156002F1F065746865726E657469705F6F70656E65F9
S3156002F200725F7061636B6167655C636F6D6D6F6E14
S3156002F2105C6F73735C4F70454E65725C736F75722B
S3156002F22063655C7372635C6369705C636970657005
S3156002F2306174682E630000006B5365676D656E745A
S3156002F240547970654C6F676963616C5365676D6508
S3156002F2506E74203D3D2047657450617468536567DE
S3156002F2606D656E7454797065286369705F706174D8
S3156002F270682900006B4C6F676963616C5365676DE3
S3156002F280656E744C6F676963616C547970655370AF
S3156002F290656369616C203D3D2047657450617468A1
S3156002F2A04C6F676963616C5365676D656E744C6FAD
S3156002F2B0676963616C5479706528206369705F70F1
S3156002F2C061746829000000006B4C6F676963616C4A
S3156002F2D05365676D656E745370656369616C547965
S3156002F2E070654C6F676963616C466F726D61744578
S3156002F2F06C656374726F6E69634B6579203D3D2000
S3156002F300476574506174684C6F676963616C536575
S3156002F310676D656E745370656369616C5479706507
S3156002F3204C6F676963616C54797065282063697094
S3156002F3305F706174682900006B456C656374726FF7
S3156002F3406E69634B65795365676D656E74466F72F8
S3156002F3506D61744B6579466F726D617434203D3DA3
S3156002F36020476574506174684C6F676963616C535A
S3156002F37065676D656E74456C656374726F6E69639D
S3156002F3804B6579466F726D617428202A6D65737359
S3156002F39061676529000000006B5365676D656E7471
S3156002F3A0547970654E6574776F726B5365676D6578
S3156002F3B06E74203D3D20476574506174685365677D
S3156002F3C06D656E7454797065286369705F70617477
S3156002F3D068290000504F525420310000504F525459
S3156002F3E02032000045746865726E6574204C696EE1
S3156002F3F06B00000047657441747472696275746566
S3156002F40053696E676C65000047657441747472690E
S3156002F41062757465416C6C00476574416E64436CD9
S3156002F420656172000A0000000A00010064000000C3
S3156002F43064000100E8030000E80301000600000022
S3156002F44054E30210060000005CE3021052656E652A
S3156002F450736173204F70454E6572204465766963A9
S3156002F46065000000476574417474726962757465FB
S3156002F470416C6C0047657441747472696275746537
S3156002F48053696E676C6500006964656E7469747948
S3156002F4900000000052657365740000006174747246
S3156002F4A0696275746520213D20300000433A5C55DF
S3156002F4B0736572735C61353133343038355C4465FB
S3156002F4C0736B746F705C723031616E36363033785E
S3156002F4D078303231302D727A6E326C5F657468655F
S3156002F4E0726E657469705F6F70656E65725F70610A
S3156002F4F0636B6167655C636F6D6D6F6E5C6F737313
S3156002F5005C4F70454E65725C736F757263655C7352
S3156002F51072635C6369705C636970696F636F6E6EF8
S3156002F520656374696F6E2E630000000021286F7236
S3156002F5306967696E61746F725F746F5F74617267B7
S3156002F54065745F636F6E6E656374696F6E5F74799F
S3156002F5507065203D3D206B436F6E6E656374696FA7
S3156002F5606E4F626A656374436F6E6E656374696FCC
S3156002F5706E547970654E756C6C20262620746172A5
S3156002F5806765745F746F5F6F726967696E61746F66
S3156002F590725F636F6E6E656374696F6E5F74797046
S3156002F5A065203D3D206B436F6E6E656374696F6E59
S3156002F5B04F626A656374436F6E6E656374696F6E7C
S3156002F5C0547970654E756C6C290000003020213DBF
S3156002F5D020636F6E6669675F696E7374616E636579
S3156002F5E0000000003020213D2061747472696275EA
S3156002F5F074655F7468726565000000003020213DA5
S3156002F600206174747269627574655F746872656527
S3156002F6105F64617461000000FFFFFFFFAE080000D7
S3156002F6200002000000000000000000000000000070
S3156002F6304C4C4450204D616E6167656D656E740019
S3156002F64047657441747472696275746553696E67ED
S3156002F6506C65000053657441747472696275746591
S3156002F66053696E676C654C4C44504D616E6167655B
S3156002F6706D656E740000000047657441747472694A
S3156002F68062757465416C6C00476574417474726925
S3156002F6906275746553696E676C6500006D65737338
S3156002F6A061676520726F7574657200003020213D56
S3156002F6B0206F626A6563742D3E6369705F636C6115
S3156002F6C073730000433A5C55736572735C613531DE
S3156002F6D033343038355C4465736B746F705C72308A
S3156002F6E031616E363630337878303231302D727A17
S3156002F6F06E326C5F65746865726E657469705F6F31
S3156002F70070656E65725F7061636B6167655C636F1E
S3156002F7106D6D6F6E5C6F73735C4F70454E65725C38
S3156002F720736F757263655C7372635C6369705C63E5
S3156002F73069706D657373616765726F757465722ED4
S3156002F740630000003020213D20726567697374652D
S3156002F7507265645F6F626A6563742D3E6369705F2A
S3156002F760636C6173730000005175616C6974792012
S3156002F7706F662053657276696365000047657441FA
S3156002F780747472696275746553696E676C6500003C
S3156002F79053657441747472696275746553696E6790
S3156002F7A06C65516F530000003B2F372F2B1F1B00D8
S3156002F7B05443502F495020696E7465726661636561
S3156002F7C000000000476574417474726962757465FD
S3156002F7D053696E676C65000047657441747472693B
S3156002F7E062757465416C6C005365744174747269B8
S3156002F7F06275746553696E676C6554637049704966
S3156002F8006E74657266616365000000000F00000039
S3156002F8101000000006000000A2D302101C000000C7
S3156002F820A8D302100001C0EF000000000000000033
S3156002F8300000000000000000001000000000001040
S3156002F8400000000000100000000000100000000030
S3156002F8506974656D5F74797065203D3D2030207CEA
S3156002F8607C206974656D5F74797065203D3D2031D9
S3156002F87000000000433A5C55736572735C61353112
S3156002F88033343038355C4465736B746F705C7230D8
S3156002F89031616E363630337878303231302D727A65
S3156002F8A06E326C5F65746865726E657469705F6F7F
S3156002F8B070656E65725F7061636B6167655C636F6D
S3156002F8C06D6D6F6E5C6F73735C4F70454E65725C87
S3156002F8D0736F757263655C7372635C656E65745F24
S3156002F8E0656E6361705C6370662E6300080000007B
S3156002F8F06C6973742D3E6465616C6C6F6361746F61
S3156002F9007220213D20300000433A5C557365727364
S3156002F9105C61353133343038355C4465736B746F92
S3156002F920705C723031616E363630337878303231AF
S3156002F930302D727A6E326C5F65746865726E65744C
S3156002F94069705F6F70656E65725F7061636B6167C8
S3156002F950655C636F6D6D6F6E5C6F73735C4F7045E4
S3156002F9604E65725C736F757263655C7372635C75A8
S3156002F97074696C735C646F75626C796C696E6B6565
S3156002F980646C6973742E63006C6973742D3E616C6A
S3156002F9906C6F6361746F7220213D2030000000003D
S3156002F9A0436F6D6D756E69636174696F6E73000026
S3156002F9B06B4C697374496E74657266616365734391
S3156002F9C06F6D6D616E645370656369666963446188
S3156002F9D074614C656E677468203D3D20340000009A
S3156002F9E0433A5C55736572735C61353133343038D2
S3156002F9F0355C4465736B746F705C723031616E3600
S3156002FA003630337878303231302D727A6E326C5FBE
S3156002FA1065746865726E657469705F6F70656E65D0
S3156002FA20725F7061636B6167655C636F6D6D6F6EEC
S3156002FA305C6F73735C4F70454E65725C736F757203
S3156002FA4063655C7372635C656E65745F656E6361E4
S3156002FA50705C656E6361702E63000000FFFFFFFFDE
S3156002FA6012AF00000100000000000000D007000095
S3156002FA70F4010000080000004E6F20656E64696143
S3156002FA806E65737320646574656374656421205062
S3156002FA90726F6261626C7920746865204465746510
S3156002FAA0726D696E65456E6469616E6573732066B3
S3156002FAB0756E6374696F6E20776173206E6F7420E2
S3156002FAC06578656375746564210000000000000056
S3156002FAD00C000000690000000B00000071000000CD
S3156002FAE073000000160000000B00000062000000B8
S3156002FAF0720000006A0000006B000000FFFFFFFF5B
S3156002FB0067000000680000006B000000050000004E
S3156002FB10200000000010000052000000008000007B
S3156002FB20D800000000000100C7000000FFFFFFFFD1
S3156002FB3000003F00CCD3021000000000D0D30210B8
S3156002FB40000000020000000000000000020605033B
S3156002FB5020FF040090EA0210B0EA021008000000DA
S3156002FB6000000000FFFFFFFF0100000042010000ED
S3156002FB700200000042010000030000004201000092
S3156002FB80040000004201000005000000420100007E
S3156002FB9006000000420100000700000004010000A8
S3156002FBA00800000004010000090000004201000094
S3156002FBB00A000000420100000B0000004201000042
S3156002FBC0030000000100000015BA01107DBA0110A1
S3156002FBD00B000000E8EA021041CB00108BCB00104C
S3156002FBE0EFCB0010000000000000000040EB0210A6
S3156002FBF00000000002000000010000006CEB021031
S3156002FC000100000042010000020000004201000003
S3156002FC1003000000420100000400000042010000EF
S3156002FC2005000000420100000600000042010000DB
S3156002FC300700000004010000080000000401000043
S3156002FC4009000000420100000A00000042010000B3
S3156002FC500B000000420100000300000001000000EA
S3156002FC6015BA01107DBA01100B00000080EB02107C
S3156002FC70DFCC001077CD00103FCE001000000000F0
S3156002FC8000000000D8EB0210000000000300000034
S3156002FC900100000004EC021070EB021008EC021086
S3156002FCA000000000010000000200000018EC0210D3
S3156002FCB020EC0210000000006C2100000100000030
S3156002FCC030EC021001000000000000006222000019
S3156002FCD001000000010000000200000001000000B7
S3156002FCE0050000006C21000044EC021009000000CF
S3156002FCF034EC021001000000001000000100000058
S3156002FD00010000002DB8011061B801100203000065
S3156002FD1025D500109FD5001059D6001001000000AD
S3156002FD20020000002DB8011061B801100203000044
S3156002FD3025D500109FD5001059D60010010000008D
S3156002FD40030000002DB8011061B801100203000023
S3156002FD5025D500109FD5001059D60010010000006D
S3156002FD60040000002DB8011061B801100203000002
S3156002FD7025D500109FD5001059D60010010000004D
S3156002FD80050000002DB8011061B8011002030000E1
S3156002FD9025D500109FD5001059D60010020000002C
S3156002FDA002030000030000000203000004000000DA
S3156002FDB004030000030000000600000015BA0110EB
S3156002FDC07DBA0110030000001CED0210C9D00010BC
S3156002FDD013D1001077D10010E9D100105BD2001068
S3156002FDE00100000004030000030000000700000099
S3156002FDF015BA01107DBA01100100000060ED021013
S3156002FE004DD30010A5D300101FD4001083D4001068
S3156002FE109FD400107CEC02109CEC0210BCEC021029
S3156002FE20DCEC0210FCEC021034ED021068ED0210FC
S3156002FE3000000000010000000700000094ED0210BF
S3156002FE4001000000010000002DB8011061B8011028
S3156002FE504301000095DA0010000000000000000077
S3156002FE6001000000020000002DB8011061B8011007
S3156002FE704201000095DA0010000000000000000058
S3156002FE8001000000030000002DB8011061B80110E6
S3156002FE904201000095DA0010000000000000000038
S3156002FEA001000000040000002DB8011061B80110C5
S3156002FEB04201000095DA0010000000000000000018
S3156002FEC001000000050000002DB8011061B80110A4
S3156002FED04201000095DA00100000000000000000F8
S3156002FEE0020000004101000003000000060000005D
S3156002FEF015BA01107DBA01100100000060EE021011
S3156002FF005DD80010A7D800100BD9001000000000C1
S3156002FF100000000002000000410100000300000032
S3156002FF2041010000040000004101000005000000DC
S3156002FF3041010000060000004101000007000000C8
S3156002FF4042010000030000000700000015BA01101C
S3156002FF507DBA01100600000094EE021055D9001019
S3156002FF609FD9001001DA00100000000000000000B6
S3156002FF70C0ED0210E0ED021000EE021020EE02105B
S3156002FF8040EE021068EE0210C4EE0210000000009D
S3156002FF900200000007000000F0EE021001000000FF
S3156002FFA0010000002DB8011061B8011002010000C5
S3156002FFB01FDE0010000000000000000001000000CB
S3156002FFC0020000002DB8011061B8011004010000A2
S3156002FFD01FDE0010000000000000000001000000AB
S3156002FFE0030000002DB8011061B801100401000081
S3156002FFF01FDE00100000000000000000010000008B
S31560030000040000002DB8011061B80110040100005E
S315600300101FDE001000000000000000000100000069
S31560030020050000002DB8011061B80110040100003D
S315600300301FDE001000000000000000000100000049
S31560030040060000002DB8011061B80110040100001C
S315600300501FDE001000000000000000000200000028
S315600300600201000003000000040100000400000018
S3156003007004010000030000000700000015BA011028
S315600300807DBA011003000000DCEF021069DB00108B
S31560030090B1DB001013DC001000000000000000005C
S315600300A003000000020100000400000002010000DA
S315600300B005000000020100000600000006010000C2
S315600300C0030000000800000015BA01107DBA011094
S315600300D00400000020F002109DDC0010F5DC001027
S315600300E075DD001000000000000000001CEF021028
S315600300F03CEF02105CEF02107CEF02109CEF0210E3
S31560030100BCEF0210F4EF021040F002100000000092
S3156003011003000000080000006CF0021004000000F9
S315600301200201000005000000040100000600000053
S31560030130020100000700000004010000080000003F
S315600301400401000009000000040100000A00000029
S31560030150040100000B000000040100000C00000015
S3156003016004010000030000000100000015BA01103D
S315600301707DBA0110090000009CF00210D9DE001060
S315600301808DDF001059E00010000000000000000041
S3156003019003000000020100000400000002010000E9
S315600301A005000000060100000300000002000000D5
S315600301B015BA01107DBA01100300000010F1021098
S315600301C051E200106BE3001099E400100000000098
S315600301D000000000020000000401000003000000AC
S315600301E00300000015BA01107DBA0110010000007A
S315600301F054F102107DE5001061E600106DE7001012
S31560030200000000000000000004000000040100007C
S31560030210030000000400000015BA01107DBA011046
S315600302200100000088F102100DE8001061E900107A
S315600302301DEB00100000000000000000E4F0021057
S3156003024028F102105CF1021090F102100000000028
S315600302500400000004000000BCF10210B0ED0210BF
S315600302600CEF02108CF00210CCF1021000000000BB
S315600302700100000004000000DCF10210ECF1021042
S31560030280000000000200000001000000FCF1021003
S31560030290010000000000000062220000010000006F
S315600302A0010000000200000010F2021006000000C8
S315600302B000F20210010000000010000001000000BF
S315600302C000100000010000000010000001000000A3
S315600302D00010000000000000FFFFFFFF01000000A8
S315600302E00010000001000000FFFFFF7F0000000018
S315600302F0FFFFFFFF01000000001000000100000087
S31560030300FFFFFF7F00000000FFFF0000000000000A
S31560030310FF00000000000000FF0000000000000076
S31560030320FF00000000000000FF0000000000000066
S31560030330FFFFFFFF01000000001000000100000046
S31560030340FFFFFF7F090000007E0000000000000041
S31560030350FFFFFFFF01000000001000000100000026
S31560030360FFFFFF7F00000000FF00000000000000A9
S31560030370FF00000000000000FF0000000000000016
S31560030380FF00000001000000FFFFFF7F0180C20045
S31560030390000E00004C4C44505F74696D65725F31AA
S315600303A0000000004C4C44505F74696D65725F32A7
S315600303B0000000004C4C44505F74696D65725F3396
S315600303C0000000004C4C44505F7265636569766556
S315600303D05F3100004C4C44505F72656365697665B6
S315600303E05F3200004C4C44505F72656365697665A5
S315600303F05F3300004C4C44505F6765745F6D6962A0
S315600304005F3100004C4C44505F6765745F6D696291
S315600304105F3200004C4C44505F6765745F6D696280
S315600304205F3300004C4C44505F7365745F6D696263
S315600304305F3100004C4C44505F7365745F6D696255
S315600304405F3200004C4C44505F7365745F6D696244
S315600304505F33000000216C000180C200000E0000C3
S315600304600180C200000E000000216C0000216C00B8
S3156003047000216C004D61696E205468726561640089
S3156003048000010000ECD302100100FFFF0000000131
S3156003049001000000000200000C0021010C00220193
S315600304A00C0023010C002001000000000000000086
S315600304B0139F02100000000000F402102C1A0A10A9
S315600304C014F4021058FF0210010001E0000000005E
S315600304D00000FD000C000000956F0110A81A0A10B9
S315600304E048F402105C1A0A1050F40210F4FE02106B
S315600304F0010000010100000000000000701A0A10EC
S3156003050070F40210E0FE0210000003010100040D06
S31560030510983A00007CF4021000000000010200001B
S31560030520000002000000000004000000000000005C
S3156003053088F402107C1A0A109CF40210C0FE0210A2
S315600305400000000101000000000000008C1A0A1080
S31560030550C0F40210E0FE0210000003010100040D66
S31560030560983A0000CCF4021000000000000100007D
S31560030570000002000000000004000000000000000C
S31560030580D8F40210981A0A10ECF40210C0FE021096
S3156003059080601630006016300000FB000C0000001F
S315600305A0F0D3021064F402100000000000000000A3
S315600305B000000001000000000000000000000000D1
S315600305C0FCD302100808000004D40210F4050000EE
S315600305D0FC0000000C0000004369021000000000EC
S315600305E00000000010F50210A81A0A1030F5021078
S315600305F00CFF0210000000005544505F5043420058
S315600306005443505F504342005443505F5043425FEC
S315600306104C495354454E00005443505F534547007D
S3156003062052454153534441544100000046524147A9
S315600306305F504255460000004E4554425546000001
S315600306404E4554434F4E4E0054435049505F4D53AD
S31560030650475F41504900000054435049505F4D5332
S31560030660475F494E504B54004152505F5155455573
S315600306704500000049474D505F47524F55500000B3
S315600306805359535F54494D454F5554004E45544451
S3156003069042000000504255465F5245462F524F4D29
S315600306A000000000504255465F504F4F4C0000001B
S315600306B078F5021038BC0A1028000800F8BA0A1048
S315600306C048BC0A1080F502104CD20A10B000200014
S315600306D04CBC0A105CD20A1088F50210E0D50A10E9
S315600306E01C00200060D20A10F0D50A1098F502109B
S315600306F0E4E50A101000FF00F4D50A10F4E50A10C9
S31560030700A0F5021098E60A1020000500F8E50A1025
S31560030710A8E60A10ACF5021014E80A1018000F00D8
S31560030720ACE60A1024E80A10B8F5021058E80A1075
S315600307301800020028E80A1068E80A10C0F50210DB
S315600307406CEF0A10380020006CE80A107CEF0A1080
S31560030750C8F5021000F00A101000080080EF0A10B6
S3156003076010F00A10D8F5021094F00A101000080071
S3156003077014F00A10A4F00A10E8F50210E8F00A1063
S3156003078008000800A8F00A10F8F00A10F4F5021041
S315600307907CF10A1010000800FCF00A108CF10A10B4
S315600307A000F6021010F20A101000080090F10A1009
S315600307B020F20A100CF60210E8F60A103101040062
S315600307C024F20A10F8F60A1014F60210FCF70A105F
S315600307D010001000FCF60A100CF80A1024F602103A
S315600307E010610B109006100010F80A1020610B10B0
S315600307F030F6021044F6021058F602106CF6021038
S3156003080080F6021094F60210A8F60210BCF60210E7
S31560030810D0F60210E4F60210F8F602100CF7021096
S3156003082020F7021034F7021048F702105CF7021043
S315600308300A3E3E496E666F203A2000005374617229
S315600308407465642053657269616C20492F4F206912
S315600308506E746572666163652E0000000A3E3E45EE
S3156003086072726F72203A20004661696C6564207407
S315600308706F20696E697469616C697A65204574680D
S3156003088065726E6574206E6574776F726B20696EC0
S31560030890746572666163652E00000000496E697453
S315600308A069616C697A65642045746865726E65749E
S315600308B0206E6574776F726B20696E74657266619C
S315600308C063652E004661696C656420746F2073747A
S315600308D06172742045746865726E6574206E6574A2
S315600308E0776F726B20696E746572666163652E00DD
S315600308F0537461727465642045746865726E657459
S31560030900206E6574776F726B20696E74657266614B
S3156003091063652E004661696C656420746F20696E39
S31560030920697469616C697A652045746865724E6538
S31560030930742F495020444C52206D6F64756C652E3C
S3156003094000000000496E697469616C697A656420A8
S3156003095045746865724E65742F495020444C522025
S315600309606D6F64756C652E004661696C6564207491
S315600309706F2073746172742045746865724E657412
S315600309802F495020444C52206D6F64756C652E0060
S31560030990537461727465642045746865724E6574D8
S315600309A02F4950206D6F64756C652E004661696CC6
S315600309B0656420746F20696E697469616C697A65B0
S315600309C0206C774950205443502F495020737461EB
S315600309D0636B2E00496E697469616C697A6564201C
S315600309E06C774950205443502F4950207374616388
S315600309F06B2E00004661696C656420746F207374A6
S31560030A0061727420746865206C7749502054435032
S31560030A102F495020737461636B2E000053746172A7
S31560030A20746564206C774950205443502F49502095
S31560030A30737461636B207461736B732E00000000C3
S31560030A404661696C656420746F20696E6974696157
S31560030A506C697A65204F70454E657220706F72744B
S31560030A6020737461636B2E200A000000496E6974FB
S31560030A7069616C697A6564204F70454E6572207052
S31560030A806F727420737461636B2E000068F50210D5
S31560030A90DC610B100CFA02108C13031010FA0210AF
S31560030AA020630B1054D402101CFA021038620B1028
S31560030AB024FA0210F01303102CFA021010FA021033
S31560030AC0B8D40210B0D40210C0D402106C640B10F8
S31560030AD038FA0210441403102F2A2A2053746172C1
S31560030AE07465642073616D706C65206170706C6988
S31560030AF0636174696F6E20287625642E25642920C8
S31560030B00666F72204F70454E657220506F72742EF9
S31560030B10202A2A2F000000004661696C65642074F0
S31560030B206F206164642063616C6C6261636B2E2009
S31560030B300A0000004661696C656420746F207374F3
S31560030B40617274204F70454E657220706F72742E99
S31560030B50200A00004661696C656420746F207365C2
S31560030B6074206D6F64756C65207374617465200A97
S31560030B70000000004661696C656420746F207365CC
S31560030B80617263682070696E200A0000526573653E
S31560030B90742054696D65720001216C0000010000C8
S31560030BA0021400000000F900031400000000F900BD
S31560030BB0011400000000F900041400000000F900AD
S31560030BC0000300000000F900011600000000F900B0
S31560030BD0040400000000F900000500000000F900AD
S31560030BE0021200000000F900031600000000F9007D
S31560030BF0010400000000F900031100000000F90081
S31560030C00060D00000000F900050D00000000F90064
S31560030C10000E00000000F900070D00000000F90057
S31560030C200200000070650B10021203160104031123
S31560030C30060D050D000E070D000000000101010100
S31560030C40D000000000000000D00101000000000099
S31560030C50000000000000000000000000000000002B
S31560030C6000000000000000000000000000007800A3
S31560030C70000000000000000000000000000000000B
S31560030C80080000000500000088010000070100005D
S31560030C90880100000202000008220000040200002E
S31560030CA0180000000502000008220000060200008A
S31560030CB008000000070200000600000000030000B1
S31560030CC006000000010400000600000004040000A2
S31560030CD00600000000050000880100000205000010
S31560030CE098010000030500000200000004050000EF
S31560030CF00800000005050000082200000705000043
S31560030D000822000000060000082200000106000019
S31560030D100822000002060000082200000306000005
S31560030D200822000004060000080000000506000013
S31560030D300800000006060000080000000706000021
S31560030D40080000000007000008000000010700001B
S31560030D500800000002070000080000000307000007
S31560030D6028000000040700000800000004080000D3
S31560030D7008000000050800000800000006080000DF
S31560030D8008000000070800000800000000090000D2
S31560030D900822000001090000082200000309000080
S31560030DA0082200000409000008220000050900006B
S31560030DB00822000006090000082200000709000057
S31560030DC008000000000A000008000000010A000095
S31560030DD008000000020A000008000000030A000081
S31560030DE018000000040A0000B8010000020D0000AC
S31560030DF0B8010000030D000004000000040D0000AC
S31560030E0002000000050D000002000000060D000050
S31560030E1002000000070D000002000000000E000043
S31560030E2018000000020E000008220000040E0000F5
S31560030E3008220000050E000008220000060E0000CE
S31560030E4008220000070E000008220000000F0000C1
S31560030E5008220000010F000008220000020F0000B4
S31560030E6008220000030F000008220000040F0000A0
S31560030E7008220000050F000008220000060F00008C
S31560030E8008220000070F000008220000001000007F
S31560030E9008000000011000000200000003100000BB
S31560030EA0182200000510000028220000061000002A
S31560030EB00600000003110000580000000511000041
S31560030EC048220000071100004822000000120000BB
S31560030ED0060000000212000038220000041200001F
S31560030EE03822000005120000582200000612000096
S31560030EF00800000000130000060000000114000053
S31560030F00060000000214000006000000031400003F
S31560030F1006000000041400006822000001150000AA
S31560030F20060000000116000006000000031600001C
S31560030F305600000000FC0210A8E70210080000003B
S31560030F408B46011029470110ED470110F147011047
S31560030F50214801104B47011077470110B74701102D
S31560030F60555001101F5201109D51011001216C0053
S31560030F7000010000FF540110E1560110000000005B
S31560030F800000000000000000000000008B620110FA
S31560030F90AD6301107D660110396401109964011017
S31560030FA039670110F36401105D660110F167011082
S31560030FB05B6801100C0000000E0400000F060000C1
S31560030FC00F0701000E0800000A0A01010F0C00005A
S31560030FD00F0D00010102040011730110C1760110A7
S31560030FE0CB760110417701109D770110A977011027
S31560030FF037770110097601100B780110070000009E
S31560031000010000000300000006000000010000006C
S3156003101004000000010000000D67000000000000EE
S315600310200000000000000000000000000000000057
S315600310300000000000000000000000000000000047
S315600310400000000000000000000000000000000037
S315600310500000000000000000000000000000000027
S315600310600000000000000000000000000000000017
S315600310700000000000000000000000000000000007
S3156003108000000000000000000000000000000000F7
S3156003109000000000000000000000000000000000E7
S315600310A000000000000000000000000000000000D7
S315600310B000000000000000000000000000000000C7
S315600310C000000000000000000000000000000000B7
S315600310D00200000048000310A4000310280903104F
S315600310E0B002031060070310140703108001031096
S315600310F0580C0310800D03106008031000000000F5
S3156003110001000000080000005C00031001000000FD
S31560031110030000000600000001000000020000005A
S31560031120010000008C000310060000007C00031021
S3156003113001000000410100000200000041010000BF
S3156003114003000000410100000400000041010000AB
S315600311500500000041010000060000004101000097
S315600311600700000041010000080000004101000083
S3156003117009000000410100000A000000410100006F
S315600311800B000000410100000C000000410100005B
S315600311900D000000410100000E0000004101000047
S315600311A00F00000041010000100000004101000033
S315600311B0110000004101000012000000410100001F
S315600311C0130000004101000014000000410100000B
S315600311D015000000410100001600000041010000F7
S315600311E017000000410100001800000041010000E3
S315600311F019000000410100001A00000041010000CF
S3156003120002000000050000007DB80110DDB8011082
S315600312101A000000B0000310A18C0110000000004A
S315600312200000000001000000FF0000000100000054
S31560031230010000002DB8011061B801100201000021
S31560031240298E01100000000000000000010000006C
S315600312500201000002000000040100000300000018
S315600312600201000004000000020100000500000006
S3156003127042010000060000000401000007000000B0
S3156003128002010000080000000201000009000000DE
S31560031290430100000A000000410100000B0000004A
S315600312A0410100000C000000410100000D00000038
S315600312B0410100000E000000410100000F00000024
S315600312C04101000010000000410100001100000010
S315600312D041010000120000004101000013000000FC
S315600312E041010000140000004101000015000000E8
S315600312F04201000016000000060100000300000022
S315600313000200000015BA01107DBA01101600000034
S31560031310CC0103104B8E01108B8E0110E78E0110EA
S315600313200000000000000000AC0103107C02031003
S31560031330000000000200000002000000A802031083
S3156003134000000000FF00000000000000FF00000036
S3156003135000000000FF00000000000000FF00000026
S3156003136000000000FF00000000000000FF00000016
S3156003137000000000FF00000000000000FF00000006
S3156003138001000000FF00000000000000FF000000F5
S3156003139000000000FF00000000000000FF000000E6
S315600313A000000000FF0000000100000001000000D3
S315600313B02DB8011061B80110020300007990011085
S315600313C0D5910110FF910110010000000200000099
S315600313D02DB8011061B80110020300007990011065
S315600313E0D5910110FF910110010000000300000078
S315600313F02DB8011061B80110410100007990011008
S31560031400000000000000000001000000040000006E
S315600314102DB8011061B801104101000079900110E7
S31560031420000000000000000001000000050000004D
S315600314302DB8011061B801104101000079900110C7
S31560031440000000000000000001000000060000002C
S315600314502DB8011061B801104101000079900110A7
S31560031460000000000000000001000000070000000B
S315600314702DB8011061B80110410100007990011087
S3156003148000000000000000000100000008000000EA
S315600314902DB8011061B80110410100007990011067
S315600314A000000000000000000100000009000000C9
S315600314B02DB8011061B80110410100007990011047
S315600314C00000000000000000010000000A000000A8
S315600314D02DB8011061B80110410100007990011027
S315600314E00000000000000000010000000B00000087
S315600314F02DB8011061B80110410100007990011007
S315600315000000000000000000010000000C00000065
S315600315102DB8011061B801104101000079900110E6
S315600315200000000000000000010000000D00000044
S315600315302DB8011061B80110020100007990011005
S315600315400000000000000000010000000E00000023
S315600315502DB8011061B801104101000079900110A6
S315600315600000000000000000010000000F00000002
S315600315702DB8011061B80110410100007990011086
S3156003158000000000000000000100000010000000E1
S315600315902DB8011061B80110410100007990011066
S315600315A000000000000000000100000011000000C0
S315600315B02DB8011061B80110410100007990011046
S315600315C0000000000000000001000000120000009F
S315600315D02DB8011061B80110410100007990011026
S315600315E0000000000000000001000000130000007E
S315600315F02DB8011061B80110410100007990011006
S315600316000000000000000000010000001700000059
S315600316102DB8011061B801104101000079900110E5
S315600316200000000000000000010000004000000010
S3156003163002000000020000000300000040000000FA
S315600316400400000002000000050000000200000024
S3156003165003000000140000004FBB0110F5BB01102E
S3156003166005000000A805031045920110939201102E
S3156003167001000000400000000200000002000000BC
S3156003168003000000020100000400000002010000E4
S3156003169005000000020100000600000002010000D0
S315600316A00700000040000000080000000200000080
S315600316B009000000020000000A00000002000000AA
S315600316C00B000000400000000C0000000201000057
S315600316D00D00000006020000030000001500000074
S315600316E04FBB0110F5BB01100D000000F0050310A0
S315600316F0CB9301103B94011001000000020000002F
S315600317000200000004020000030000004000000025
S315600317100400000002000000030000001600000041
S315600317204FBB0110F5BB01100400000078060310DF
S3156003173035950110C995011028030310480303105A
S315600317406803031088030310A8030310C803031078
S31560031750E803031008040310280403104804031065
S315600317606804031088040310A8040310C804031054
S31560031770E804031008050310280503104805031041
S3156003178068050310D0050310580603109806031066
S315600317908805031000000000040000001700000025
S315600317A0B8060310010000000200000002000000FA
S315600317B00402000003000000400000000300000074
S315600317C0010000004FBB0110F5BB011003000000D0
S315600317D02407031035950110C99501103C070310C2
S315600317E00000000003000000010000005C07031016
S315600317F001000000410100000200000041010000F9
S3156003180003000000410100000400000041010000E4
S3156003181005000000410100000600000041010000D0
S3156003182008000000410100000900000041010000BA
S315600318300A000000410100000B00000041010000A6
S315600318400C000000410100000D0000004101000092
S315600318500E000000410100000F000000410100007E
S31560031860100000004101000011000000410100006A
S315600318701200000041010000130000004101000056
S315600318801400000041010000150000004101000042
S31560031890160000004101000018000000410100002D
S315600318A019000000410100001A0000004101000018
S315600318B01B000000410100001C0000004101000004
S315600318C01D000000410100001E000000020300002D
S315600318D01F000000410100002000000041010000DC
S315600318E0020000000B0000007DB80110DDB8011096
S315600318F01E000000700703104D960110D19701106A
S31560031900ED97011052656E6573617320456C65636F
S3156003191074726F6E69637320436F72706F726174F2
S31560031920696F6E2045746865724E65742F495020E1
S3156003193053616D706C650000737973436F6E746188
S315600319406374206E6F742073657400007379734ECD
S31560031950616D65206E6F7420736574007379734C63
S315600319606F636174696F6E206E6F74207365740044
S3156003197001000000040100000200000006010000EF
S31560031980030000004301000004000000040300009C
S3156003199005000000040300000600000004030000C5
S315600319A007000000020100000200000001000000C1
S315600319B07DB80110DDB8011007000000F0080310C0
S315600319C069980110199901107599011000000000BA
S315600319D0FF00000000000000FF00000000000000A0
S315600319E0FF00000000000000FF0000000000000090
S315600319F0FFFF000000000000FF0000000000000081
S31560031A00FF00000000000000FF000000000000006F
S31560031A10FF00000000000000FFFF00009C6E0B103B
S31560031A20A46E0B10A86E0B109C6E0B10A46E0B109D
S31560031A30A86E0B1001000000010000002DB8011014
S31560031A4061B8011002010000259A01100000000030
S31560031A500000000001000000020000002DB8011024
S31560031A6061B8011002010000259A01100000000010
S31560031A700000000001000000030000002DB8011003
S31560031A8061B8011002010000259A011000000000F0
S31560031A900000000001000000040000002DB80110E2
S31560031AA061B8011002010000259A011000000000D0
S31560031AB00000000001000000050000002DB80110C1
S31560031AC061B8011041010000259A01100000000071
S31560031AD00000000001000000060000002DB80110A0
S31560031AE061B8011041010000259A01100000000051
S31560031AF00000000001000000070000002DB801107F
S31560031B0061B8011041010000259A01100000000030
S31560031B100000000001000000080000002DB801105D
S31560031B2061B8011041010000259A01100000000010
S31560031B300000000001000000090000002DB801103C
S31560031B4061B8011042010000259A011000000000EF
S31560031B5000000000010000000A0000002DB801101B
S31560031B6061B8011041010000259A011000000000D0
S31560031B7000000000010000000B0000002DB80110FA
S31560031B8061B8011041010000259A011000000000B0
S31560031B9000000000010000000C0000002DB80110D9
S31560031BA061B8011041010000259A01100000000090
S31560031BB000000000010000000E0000002DB80110B7
S31560031BC061B8011041010000259A01100000000070
S31560031BD000000000010000000F0000002DB8011096
S31560031BE061B8011041010000259A01100000000050
S31560031BF00000000001000000020000000200000077
S31560031C004000000003000000020000000400000022
S31560031C104000000005000000020000000300000011
S31560031C200D0000004FBB0110F5BB0110050000005D
S31560031C30740B0310959B0110459C0110070000006F
S31560031C4002000000080000004200000003000000DC
S31560031C50130000004FBB0110F5BB0110020000002A
S31560031C60BC0B03101B9D0110E39D011004000000D3
S31560031C704200000003000000140000004FBB011087
S31560031C80F5BB011001000000EC0B0310A99E0110C7
S31560031C90019F0110B4090310D4090310F40903105A
S31560031CA0140A0310340A0310540A0310740A031047
S31560031CB0940A0310B40A0310D40A0310F40A031037
S31560031CC0140B03109C0B0310340B0310540B0310FB
S31560031CD0CC0B0310F40B0310000000000600000099
S31560031CE011000000140C031000000000FF00000048
S31560031CF000000000FF00000000000000FF0000007D
S31560031D0000000000FF00000001000000FFFF00006C
S31560031D1001000000010000002DB8011061B8011038
S31560031D2041010000999F01100000000000000000BF
S31560031D3001000000020000002DB8011061B8011017
S31560031D4041010000999F011000000000000000009F
S31560031D5001000000030000002DB8011061B80110F6
S31560031D6041010000999F011000000000000000007F
S31560031D7001000000040000002DB8011061B80110D5
S31560031D8041010000999F011000000000000000005F
S31560031D900100000040000000020000000200000095
S31560031DA003000000050000004FBB0110F5BB0110E6
S31560031DB002000000100D03106FA10110C5A10110F0
S31560031DC00800000042000000030000000700000056
S31560031DD04FBB0110F5BB011001000000400D03105D
S31560031DE0F59F0110B5A00110900C0310B00C031001
S31560031DF0D00C0310F00C0310200D0310480D0310D4
S31560031E00000000000700000006000000680D0310D4
S31560031E107075626C696300007072697661746500DF
S31560031E20010000000300000006000000010000003E
S31560031E30060000000300000001000000010000002E
S31560031E40050000000000000000000000080000001C
S31560031E50010000000300000006000000010000000E
S31560031E600200000001000000010000000300000002
S31560031E7000000000000000000000000000000000F9
S31560031E8000000000000000000000000000000000E9
S31560031E9000000000000000000000000000000000D9
S31560031EA000000000000000000000000000000000C9
S31560031EB000000000000000000000000000000000B9
S31560031EC000000000000000000000000000000000A9
S31560031ED00000000000000000000000000000000099
S31560031EE00000000000000000000000000000000089
S31560031EF00000000000000000000000000000000079
S31560031F000000000000000000000000000000000068
S31560031F100000000000000000430004000000000011
S31560031F2000000000000000000A000000010000003D
S31560031F300300000006000000010000000600000028
S31560031F40030000000100000001000000040000001F
S31560031F500100000000000000000000000000000017
S31560031F600000000000000000000000000000000008
S31560031F7000000000000000000000000000000000F8
S31560031F8000000000000000000000000000000000E8
S31560031F9000000000000000000000000000000000D8
S31560031FA000000000000000000000000000000000C8
S31560031FB000000000000000000000000000000000B8
S31560031FC000000000000000000000000000000000A8
S31560031FD00000000000000000000000000000000098
S31560031FE00000000000000000000000000000000088
S31560031FF0000000000600000000000000070000006B
S31560032000010000000300000006000000010000005C
S3156003201002000000010000000B0000000000000049
S315600320200000000000000000000000000000000047
S315600320300000000000000000000000000000000037
S315600320400000000000000000000000000000000027
S315600320500000000000000000000000000000000017
S315600320600000000000000000000000000000000007
S3156003207000000000000000000000000000000000F7
S3156003208000000000000000000000000000000000E7
S3156003209000000000000000000000000000000000D7
S315600320A000000000000000000000000000000000C7
S315600320B000000000000000000000000000000000B7
S315600320C00000000000000000FFFFFFFF6C776970EF
S315600320D05F7265637666726F6D00000000000000D4
S315600320E0000C000000000000000C0000000000006F
S315600320F0000C000000000000000C0000000000005F
S31560032100000C000000000000000C0000000000004E
S31560032110000C000000000000000C0000000000003E
S31560032120000C000000000000000C0000000000002E
S31560032130000C000000000000000C0000000000001E
S31560032140000C000000000000000C0000000000000E
S31560032150000C000000000000000C000000000000FE
S31560032160000C000000000000000C000000000000EE
S31560032170000C000000000000000C000000000000DE
S31560032180000C000000000000000C000000000000CE
S31560032190000C000000000000000C000000000000BE
S315600321A000000000000000000000000000000000C6
S315600321B000000000000000000000000000000000B6
S315600321C000000000000000000000000000000000A6
S315600321D00000000000000000000000000000000096
S315600321E00000000000000000000000000000000086
S315600321F00000000000000000000000000000000076
S315600322000000000000000000000000000000000065
S315600322100000000000000000000000000000000055
S31560032220000C000000000000000C0000000000002D
S31560032230000C000000000000000C0000000000001D
S31560032240000C000000000000000C0000000000000D
S31560032250000C000000000000000C000000000000FD
S315600322600000000000000000000000000000000005
S3156003227000000000000000000000000000000000F5
S3156003228000000000000000000000000000000000E5
S3156003229000000000000000000000000000000000D5
S315600322A000000000000000000000000000000000C5
S315600322B000000000000000000000000000000000B5
S315600322C000000000000000000000000000000000A5
S315600322D000000000000000000000000049444C4577
S315600322E00000000001020304050607070707070746
S315600322F00700000003060C1830607800A06E0B1010
S315600323009C6E0B10A46E0B10A86E0B10756E61633A
S315600323106B656400756E73656E7400006C77495007
S3156003232000000000FA00000053FA0110E803000001
S3156003233035C20010E8030000C59F001060EA000084
S31560032340497D0010F4010000BB7D001064000000AD
S31560032350390300106400000003B90010E8030000AD
S31560032360078F0010546D722053766300546D72515B
S315600323700000000055445020546872656164000093
S3156003238000000000E5500210AF510210E551021043
S315600323902152021001216C000001000000000000C0
S315600323A00000000001216C000002000001216C00A6
S315600323B000050000444C52204578656375746F725E
S315600323C0205461736B000000444C52205265636570
S315600323D069766572205461736B000000444C522029
S315600323E04E4220436865636B2054696D6572203184
S315600323F000000000444C52204E4220436865636BE4
S315600324002054696D6572203200000000096602106F
S31560032410BF660210EB660210B366021021670210F4
S31560032420356702105167021045746865726E65748C
S31560032430204D6F6E69746F72205461736B00000078
S3156003244045746865726E6574205265616465722051
S315600324505461736B0000000045746865726E657441
S3156003246020577269746572205461736B00000000B3
S31560032470ED6C0210A16E02101F6E02104D6E0210FB
S31560032480816E0210AD6E0210D36E02101F6F0210C2
S31560032490456F02106C77495020506F7274204C61FF
S315600324A0756E63686572205461736B006C7749500F
S315600324B020506F7274205265636569766572205425
S315600324C061736B0029790210377A0210817A0210E0
S315600324D000000000B57A0210D57A0210F77A02106E
S315600324E052656E65736173204F70454E6572204405
S315600324F06576696365000000010000000300000063
S315600325000600000001000000020000000100000058
S315600325100200000002000000010000000D00000040
S315600325200000000001000000030000000600000038
S31560032530010000000200000001000000020000002C
S3156003254002000000010000000F0000000000000010
S315600325504000000080000000000000000200000050
S31560032560454950204C454420696E64696361746FC4
S3156003257072207461736B00000000010002000002A8
S3156003258000010100000002000100000200010000DA
S315600325904F70454E657220706F7274206E657469F4
S315600325A066207461736B00000A000000000000007F
S315600325B010000000000000000100000000000000A1
S315600325C000020000000000000000000000000000A0
S315600325D00000000000000000000000000000000092
S315600325E00000000000000000000000000000000082
S315600325F00000000000000000000000000000000072
S315600326000000000000000000000000000000000061
S315600326100000000000000000000000000000000051
S315600326200000000000000000000000000000000041
S315600326300000000000000000000000000000000031
S315600326400000000000000000000000000000000021
S315600326500000000000000000000000000000000011
S315600326600000000000000000000000000000000001
S3156003267000000000000000000000000000000000F1
S3156003268000000000000000000000000000000000E1
S3156003269000000000000000000000000000000000D1
S315600326A000000000000000000000000000000000C1
S315600326B000000000000000000000000000000000B1
S315600326C000000000000000000000000000000000A1
S315600326D00000000000000000000000000000000091
S315600326E00000000000000000000000000000000081
S315600326F00000000000000000000000000000000071
S315600327000000000000000000000000000000000060
S315600327100000000000000000000000000000000050
S315600327200000000000000000000000000000000040
S315600327300000000000000000000000000000000030
S315600327400000000000000000000000000000000020
S315600327500000000000000000000000000000000010
S315600327600000000000000000000000000000000000
S3156003277000000000000000000000000000000000F0
S3156003278000000000000000000000000000000000E0
S3156003279000000000000000000000000000000000D0
S315600327A000000000000000000000000000000000C0
S315600327B000000000000000000000000000000000B0
S315600327C000000000000000000000000000000000A0
S315600327D00000000000000000000000000000000090
S315600327E00000000000000000000000000000000080
S315600327F00000000000000000000000000000000070
S31560032800000000000000000000000000000000005F
S31560032810000000000000000000000000000000004F
S31560032820000000000000000000000000000000003F
S31560032830000000000000000000000000000000002F
S31560032840000000000000000000000000000000001F
S31560032850000000000000000000000000000000000F
S3156003286000000000000000000000000000000000FF
S3156003287000000000000000000000000000000000EF
S3156003288000000000000000000000000000000000DF
S3156003289000000000000000000000000000000000CF
S315600328A000000000000000000000000000000000BF
S315600328B000000000000000000000000000000000AF
S315600328C0000000000000000000000000000000009F
S315600328D0000000000000000000000000000000008F
S315600328E0000000000000000000000000000000007F
S315600328F0000000000000000000000000000000006F
S31560032900000000000000000000000000000000005E
S31560032910000000000000000000000000000000004E
S31560032920000000000000000000000000000000003E
S31560032930000000000000000000000000000000002E
S31560032940000000000000000000000000000000001E
S31560032950000000000000000000000000000000000E
S3156003296000000000000000000000000000000000FE
S3156003297000000000000000000000000000000000EE
S3156003298000000000000000000000000000000000DE
S3156003299000000000000000000000000000000000CE
S315600329A000000000000000000000000000000000BE
S315600329B00000000031700110ED6F0110C55C01105D
S315600329C0000000000000000000000000000000009E
S315600329D0000000000000000000000000000000008E
S315600329E0000000000000000000000000000000007E
S315600329F0000000000000000000000000000000006E
S31560032A00000000000000000000000000000000005D
S31560032A10000000000000000000000000000000004D
S31560032A20000000000000000000000000000000003D
S31560032A30000000000000000000000000000000002D
S31560032A400000000000000000297C0110ED7B0110EE
S31560032A503D7B0110FF7B01100000000000000000B9
S31560032A6000000000000000000000000000000000FD
S31560032A700000000000000000297C0110ED7B0110BE
S31560032A803D7B0110FF7B0110000000000000000089
S31560032A9000000000000000000000000000000000CD
S31560032AA000000000000000000000000000000000BD
S31560032AB000000000000000000000000000000000AD
S31560032AC0000000000000000000000000000000009D
S31560032AD0000000000000000000000000000000008D
S31560032AE0000000000000000000000000000000007D
S31560032AF0000000000000000000000000000000006D
S31560032B00000000000000000000000000000000005C
S31560032B10000000000000000000000000000000004C
S31560032B20000000000000000000000000000000003C
S31560032B30000000000000000000000000000000002C
S31560032B40000000000000000000000000000000001C
S31560032B50000000000000000000000000000000000C
S31560032B6000000000000000000000000000000000FC
S31560032B7000000000000000000000000000000000EC
S31560032B8000000000000000000000000000000000DC
S31560032B9000000000000000000000000000000000CC
S31560032BA000000000000000000000000000000000BC
S31560032BB000000000000000000000000000000000AC
S31560032BC0000000000000000000000000000000009C
S31560032BD0000000000000000000000000000000008C
S31560032BE0000000000000000000000000000000007C
S31560032BF0000000000000000000000000000000006C
S31560032C00000000000000000000000000000000005B
S31560032C10000000000000000000000000000000004B
S31560032C20000000000000000000000000000000003B
S31560032C30000000000000000000000000000000002B
S31560032C40000000000000000000000000000000001B
S31560032C50000000000000000000000000000000000B
S31560032C6000000000000000000000000000000000FB
S31560032C7000000000000000000000000000000000EB
S31560032C8000000000000000000000000000000000DB
S31560032C9000000000000000000000000000000000CB
S31560032CA000000000000000000000000000000000BB
S31560032CB000000000000000000000000000000000AB
S31560032CC0000000000000000000002115110E0D0C2D
S31560032CD00B0B0A0A090909090908080808080808FC
S31560032CE00707070707070707070707070700000020
S31560032CF03031323334353637383961626364656609
S31560032D006768696A6B6C6D6E6F7071727374757672
S31560032D107778797A000000006E6F206572726F7241
S31560032D2000000000646F6D61696E206572726F7278
S31560032D300000000072616E6765206572726F7200D3
S31560032D4066696C6520706F736974696F6E696E67A7
S31560032D50206572726F7200006D756C746962797446
S31560032D606520656E636F64696E67206572726F72E4
S31560032D7000000000756E6B6E6F776E206572726F02
S31560032D80720000006572726F722023787878000093
S31560032D90636F6E73747261696E742068616E646C5E
S31560032DA065723A20626164206D657373616765005D
S31560032DB03A74740000003000686A6C747A4C0000E0
S31560032DC07072696E74665F733A20256E20646973E8
S31560032DD0616C6C6F776564007072696E74663A20B5
S31560032DE062616420256E20617267756D656E74001D
S31560032DF07072696E74665F733A20626164202573CC
S31560032E0020617267756D656E740000006E616E0099
S31560032E104E414E00696E6600494E4600040000004E
S31560032E2006000000020004004700FFFF0000F600F2
S31560032E300100000004000901000002004800F500DB
S31560032E404800F500F60009010000010000010000DA
S31560032E502E00430000000000FF00FFFFFFFFFFFF9F
S31560032E6000000000000000010201070200000000EC
S31560032E7000000102322E312E300000004275696C6B
S31560032E8074207769746820525A2F4E20466C657891
S31560032E9069626C6520536F667477617265205061F1
S31560032EA0636B6167652076657273696F6E20322E18
S31560032EB0312E3000C5B4FFFF10000000341E03102E
S31560032EC00000000000000000000000000000000099
S31560032ED00000000000000000000000000000000089
S804102000CB
